1 0 0 0
2 0 4 0
3 0 1 0
4 0 3 0
5 0 2 0
6 1 1 0
7 2 4 0
8 3 3 0
9 3 3 0
10 3 3 0
11 4 4 0
12 4 5 0
13 4 4 0
14 4 4 0
15 4 4 0
16 5 9 0
17 5 9 0
18 5 5 0
19 5 5 0
20 5 5 0
21 6 6 0
22 6 7 0
23 6 6 0
24 6 6 0
25 6 6 0
26 6 6 0
27 6 6 0
28 7 7 0
29 7 11 0
30 7 9 0
31 7 7 0
32 8 13 0
33 8 8 0
34 8 8 0
35 9 11 0
36 9 15 0
37 10 11 0
38 10 10 0
39 10 10 0
40 10 10 0
41 10 10 0
42 10 10 0
43 10 10 0
44 10 10 0
45 11 11 0
46 11 18 0
47 11 11 0
48 12 12 0
49 12 16 0
50 12 13 0
51 12 18 0
52 12 14 0
53 12 12 0
54 12 12 0
55 12 12 0
56 12 12 0
57 12 12 0
58 12 14 0
59 12 17 0
60 13 14 0
61 13 13 0
62 13 13 0
63 13 13 0
64 13 13 0
65 13 13 0
66 14 14 0
67 14 18 0
68 14 14 0
69 15 16 0
70 15 16 0
71 16 16 0
72 17 22 0
73 17 19 0
74 17 17 0
75 17 17 0
76 17 22 0
77 17 22 0
78 17 22 0
79 17 17 0
80 17 17 0
81 18 18 0
82 18 20 0
83 18 18 0
84 18 18 0
85 18 18 0
86 18 18 0
87 18 18 0
88 18 18 0
89 18 18 0
90 18 18 0
91 19 22 0
92 19 19 0
93 19 19 0
94 19 20 0
95 19 19 0
96 19 20 0
97 19 20 0
98 19 20 0
99 20 24 0
100 20 20 0
101 20 20 0
102 21 28 0
103 21 27 0
104 21 22 0
105 21 25 0
106 21 22 0
107 21 21 0
108 22 22 0
109 23 26 0
110 23 29 0
111 23 23 0
112 23 33 0
113 23 28 0
114 23 24 0
115 23 23 0
116 23 23 0
117 23 23 0
118 23 23 0
119 23 27 0
120 24 24 0
121 24 26 0
122 24 24 0
123 24 24 0
124 24 24 0
125 24 29 0
126 25 32 0
127 25 28 0
128 25 25 0
129 25 25 0
130 25 25 0
131 25 25 0
132 25 25 0
133 25 25 0
134 26 33 0
135 26 28 0
136 26 26 0
137 26 26 0
138 26 26 0
139 26 33 0
140 26 26 0
141 26 26 0
142 27 31 0
143 27 28 0
144 27 29 0
145 28 35 0
146 28 32 0
147 28 28 0
148 28 35 0
149 29 29 0
150 29 32 0
151 29 29 0
152 29 29 0
153 29 33 0
154 29 29 0
155 29 33 0
156 29 29 0
157 30 31 0
158 30 33 0
159 30 32 0
160 30 30 0
161 31 33 0
162 32 34 0
163 32 32 0
164 32 32 0
165 32 38 0
166 32 35 0
167 32 32 0
168 32 34 0
169 32 32 0
170 32 39 0
171 33 37 0
172 33 37 0
173 33 33 0
174 33 33 0
175 33 33 0
176 34 40 0
177 34 34 0
178 34 34 0
179 34 34 0
180 34 34 0
181 34 34 0
182 34 34 0
183 34 40 0
184 34 34 0
185 34 34 0
186 35 41 0
187 35 39 0
188 35 35 0
189 35 44 0
190 35 45 0
191 35 40 0
192 35 35 0
193 35 35 0
194 35 35 0
195 35 35 0
196 35 35 0
197 35 35 0
198 35 35 0
199 35 35 0
200 35 35 0
201 35 35 0
202 35 35 0
203 35 39 0
204 35 35 0
205 35 35 0
206 35 35 0
207 35 35 0
208 35 35 0
209 36 38 0
210 36 36 0
211 36 45 0
212 36 39 0
213 36 38 0
214 36 36 0
215 36 39 0
216 36 36 0
217 36 36 0
218 36 37 0
219 36 36 0
220 36 36 0
221 36 37 0
222 36 45 0
223 36 42 0
224 36 40 0
225 36 40 0
226 37 37 0
227 37 37 0
228 37 37 0
229 37 42 0
230 37 47 0
231 37 37 0
232 37 37 0
233 37 37 0
234 37 38 0
235 38 39 0
236 38 44 0
237 38 38 0
238 38 43 0
239 38 48 0
240 38 38 0
241 38 38 0
242 38 38 0
243 38 38 0
244 38 38 0
245 38 38 0
246 39 41 0
247 39 39 0
248 39 48 0
249 39 44 0
250 40 51 0
251 40 42 0
252 40 41 0
253 40 45 0
254 40 42 0
255 40 56 0
256 41 51 0
257 41 43 0
258 41 52 0
259 41 47 0
260 41 41 0
261 41 41 0
262 41 43 0
263 41 45 0
264 42 42 0
265 42 42 0
266 42 42 0
267 42 48 0
268 42 42 0
269 42 42 0
270 42 44 0
271 42 42 0
272 43 48 0
273 43 43 0
274 43 43 0
275 43 43 0
276 43 43 0
277 43 45 0
278 43 44 0
279 43 43 0
280 43 43 0
281 43 43 0
282 44 46 0
283 44 44 0
284 44 44 0
285 44 56 0
286 44 44 0
287 44 44 0
288 44 44 0
289 44 44 0
290 44 44 0
291 45 58 0
292 45 46 0
293 45 49 0
294 45 49 0
295 45 52 0
296 45 49 0
297 45 45 0
298 45 60 0
299 45 49 0
300 45 45 0
301 46 50 0
302 46 56 0
303 46 50 0
304 46 50 0
305 46 55 0
306 46 48 0
307 46 46 0
308 47 50 0
309 47 51 0
310 47 47 0
311 47 47 0
312 48 53 0
313 48 59 0
314 49 51 0
315 49 54 0
316 49 49 0
317 49 49 0
318 49 51 0
319 49 51 0
320 50 51 0
321 50 55 0
322 50 54 0
323 50 54 0
324 50 51 0
325 50 50 0
326 50 50 0
327 50 50 0
328 51 57 0
329 51 55 0
330 51 51 0
331 51 53 0
332 51 51 0
333 51 51 0
334 51 51 0
335 51 51 0
336 52 56 0
337 52 55 0
338 52 58 0
339 52 55 0
340 52 52 0
341 52 52 0
342 52 52 0
343 52 52 0
344 52 56 0
345 52 52 0
346 52 52 0
347 52 56 0
348 52 52 0
349 52 56 0
350 52 56 0
351 53 54 0
352 53 57 0
353 53 53 0
354 53 55 0
355 53 53 0
356 53 57 0
357 53 56 0
358 53 53 0
359 54 58 0
360 54 54 0
361 54 58 0
362 54 54 0
363 54 54 0
364 55 60 0
365 55 60 0
366 55 55 0
367 55 59 0
368 55 55 0
369 55 55 0
370 55 55 0
371 55 55 0
372 55 57 0
373 56 58 0
374 56 57 0
375 56 60 0
376 56 56 0
377 56 56 0
378 56 60 0
379 56 59 0
380 56 61 0
381 56 56 0
382 56 56 0
383 57 62 0
384 57 58 0
385 57 57 0
386 57 61 0
387 57 61 0
388 57 62 0
389 57 57 0
390 57 60 0
391 57 57 0
392 57 72 0
393 57 60 0
394 57 57 0
395 57 57 0
396 57 57 0
397 58 60 0
398 58 58 0
399 58 62 0
400 58 58 0
401 58 58 0
402 58 58 0
403 58 58 0
404 58 58 0
405 58 58 0
406 58 58 0
407 58 58 0
408 58 58 0
409 58 59 0
410 58 62 0
411 58 62 0
412 59 59 0
413 59 59 0
414 59 59 0
415 59 63 0
416 59 59 0
417 59 59 0
418 59 59 0
419 59 59 0
420 59 63 0
421 59 59 0
422 59 63 0
423 59 63 0
424 59 59 0
425 59 59 0
426 59 59 0
427 59 64 0
428 59 59 0
429 59 59 0
430 59 63 0
431 59 59 0
432 59 59 0
433 59 59 0
434 59 59 0
435 59 61 0
436 59 62 0
437 59 59 0
438 59 59 0
439 60 63 0
440 60 60 0
441 60 60 0
442 60 64 0
443 60 60 0
444 60 60 0
445 60 62 0
446 60 64 0
447 60 64 0
448 60 80 0
449 60 60 0
450 60 60 0
451 60 64 0
452 60 74 0
453 60 62 0
454 60 68 0
455 60 61 0
456 60 64 0
457 60 61 0
458 60 64 0
459 60 65 0
460 61 62 0
461 61 61 0
462 61 65 0
463 61 65 0
464 61 61 0
465 61 61 0
466 61 65 0
467 61 61 0
468 61 65 0
469 61 61 0
470 61 76 0
471 61 63 0
472 61 70 0
473 61 62 0
474 61 61 0
475 61 61 0
476 61 61 0
477 61 61 0
478 61 61 0
479 62 70 0
480 62 66 0
481 62 66 0
482 62 62 0
483 62 62 0
484 62 62 0
485 62 62 0
486 62 62 0
487 62 62 0
488 62 64 0
489 62 66 0
490 62 66 0
491 62 79 0
492 62 62 0
493 62 62 0
494 62 62 0
495 62 62 0
496 62 66 0
497 63 72 0
498 63 67 0
499 63 64 0
500 63 71 0
501 63 67 0
502 63 67 0
503 63 63 0
504 63 68 0
505 63 63 0
506 63 63 0
507 63 67 0
508 63 73 0
509 63 63 0
510 63 65 0
511 63 63 0
512 63 67 0
513 63 63 0
514 63 67 0
515 64 64 0
516 64 65 0
517 64 68 0
518 64 78 0
519 64 65 0
520 64 68 0
521 64 64 0
522 64 64 0
523 64 64 0
524 64 64 0
525 64 64 0
526 64 67 0
527 64 64 0
528 65 66 0
529 65 69 0
530 65 79 0
531 65 75 0
532 65 74 0
533 65 69 0
534 65 69 0
535 65 65 0
536 65 74 0
537 65 69 0
538 65 69 0
539 65 65 0
540 65 65 0
541 65 67 0
542 65 65 0
543 66 70 0
544 66 84 0
545 66 70 0
546 66 75 0
547 66 70 0
548 66 66 0
549 66 71 0
550 66 66 0
551 66 66 0
552 66 80 0
553 66 66 0
554 66 66 0
555 67 86 0
556 67 70 0
557 67 81 0
558 67 71 0
559 67 68 0
560 67 75 0
561 67 67 0
562 67 67 0
563 67 67 0
564 67 67 0
565 67 71 0
566 68 80 0
567 68 72 0
568 68 72 0
569 68 72 0
570 68 69 0
571 68 69 0
572 68 69 0
573 68 68 0
574 68 72 0
575 68 77 0
576 68 68 0
577 68 72 0
578 68 68 0
579 68 68 0
580 69 73 0
581 69 86 0
582 69 73 0
583 69 69 0
584 69 69 0
585 69 69 0
586 69 69 0
587 69 69 0
588 70 74 0
589 70 74 0
590 70 74 0
591 70 70 0
592 70 79 0
593 70 70 0
594 70 70 0
595 70 70 0
596 70 74 0
597 70 71 0
598 70 73 0
599 70 74 0
600 70 70 0
601 70 70 0
602 70 70 0
603 70 70 0
604 70 70 0
605 70 70 0
606 70 70 0
607 70 73 0
608 71 75 0
609 71 80 0
610 71 71 0
611 71 71 0
612 71 71 0
613 71 71 0
614 71 79 0
615 71 71 0
616 71 76 0
617 71 71 0
618 71 71 0
619 71 85 0
620 71 85 0
621 71 71 0
622 71 75 0
623 71 75 0
624 71 71 0
625 71 75 0
626 71 75 0
627 72 76 0
628 72 81 0
629 72 76 0
630 72 72 0
631 72 72 0
632 72 72 0
633 72 72 0
634 72 76 0
635 73 81 0
636 73 116 0
637 73 82 0
638 73 77 0
639 73 77 0
640 73 82 0
641 73 77 0
642 73 73 0
643 73 85 0
644 73 73 0
645 74 83 0
646 74 78 0
647 74 74 0
648 74 74 0
649 74 74 0
650 74 74 0
651 74 74 0
652 74 74 0
653 74 78 0
654 74 74 0
655 74 74 0
656 74 74 0
657 75 79 0
658 75 84 0
659 75 84 0
660 75 84 0
661 75 79 0
662 75 78 0
663 75 84 0
664 75 79 0
665 75 75 0
666 75 75 0
667 75 75 0
668 75 75 0
669 75 79 0
670 76 81 0
671 76 80 0
672 76 80 0
673 76 78 0
674 76 77 0
675 76 83 0
676 76 78 0
677 76 76 0
678 76 76 0
679 76 95 0
680 76 93 0
681 76 76 0
682 77 81 0
683 77 81 0
684 77 80 0
685 77 86 0
686 77 84 0
687 77 77 0
688 78 82 0
689 78 87 0
690 78 84 0
691 78 83 0
692 78 78 0
693 78 78 0
694 78 82 0
695 78 78 0
696 79 86 0
697 79 88 0
698 79 79 0
699 79 79 0
700 79 79 0
701 79 79 0
702 79 79 0
703 79 79 0
704 79 84 0
705 79 79 0
706 80 84 0
707 80 84 0
708 80 82 0
709 80 84 0
710 80 89 0
711 80 80 0
712 80 84 0
713 80 80 0
714 80 84 0
715 80 84 0
716 80 84 0
717 80 80 0
718 80 84 0
719 80 84 0
720 80 83 0
721 80 88 0
722 80 84 0
723 81 85 0
724 81 84 0
725 81 85 0
726 81 82 0
727 81 85 0
728 81 85 0
729 81 81 0
730 81 81 0
731 82 86 0
732 82 86 0
733 82 83 0
734 82 83 0
735 82 82 0
736 82 82 0
737 82 86 0
738 82 82 0
739 82 82 0
740 82 82 0
741 82 86 0
742 82 82 0
743 82 82 0
744 82 82 0
745 83 86 0
746 83 87 0
747 83 86 0
748 83 87 0
749 83 87 0
750 83 85 0
751 83 83 0
752 83 83 0
753 83 83 0
754 83 83 0
755 83 83 0
756 84 84 0
757 84 84 0
758 84 93 0
759 84 85 0
760 84 84 0
761 84 84 0
762 84 84 0
763 84 88 0
764 84 84 0
765 84 84 0
766 84 84 0
767 84 84 0
768 84 84 0
769 84 85 0
770 84 84 0
771 84 84 0
772 84 84 0
773 84 84 0
774 84 84 0
775 85 89 0
776 85 89 0
777 85 86 0
778 85 89 0
779 85 87 0
780 85 89 0
781 85 94 0
782 85 94 0
783 85 89 0
784 85 88 0
785 85 86 0
786 85 86 0
787 85 85 0
788 85 85 0
789 85 87 0
790 85 89 0
791 85 86 0
792 85 85 0
793 85 85 0
794 85 85 0
795 85 86 0
796 85 94 0
797 85 85 0
798 85 99 0
799 85 85 0
800 85 89 0
801 85 89 0
802 85 86 0
803 85 96 0
804 85 95 0
805 85 85 0
806 85 88 0
807 85 86 0
808 86 86 0
809 86 100 0
810 86 90 0
811 86 90 0
812 86 86 0
813 86 86 0
814 86 95 0
815 86 86 0
816 86 90 0
817 86 86 0
818 86 86 0
819 86 86 0
820 86 86 0
821 86 90 0
822 86 86 0
823 86 86 0
824 86 86 0
825 86 86 0
826 86 95 0
827 86 90 0
828 86 86 0
829 86 86 0
830 86 86 0
831 86 90 0
832 86 86 0
833 86 86 0
834 86 86 0
835 86 100 0
836 86 86 0
837 86 100 0
838 86 90 0
839 86 86 0
840 86 90 0
841 86 86 0
842 86 86 0
843 86 86 0
844 86 91 0
845 86 90 0
846 87 95 0
847 87 88 0
848 87 87 0
849 87 96 0
850 87 87 0
851 87 87 0
852 87 91 0
853 87 91 0
854 87 87 0
855 87 87 0
856 87 96 0
857 87 96 0
858 87 101 0
859 87 87 0
860 87 87 0
861 87 87 0
862 87 96 0
863 87 87 0
864 87 96 0
865 87 87 0
866 87 87 0
867 87 88 0
868 87 96 0
869 87 87 0
870 87 87 0
871 87 91 0
872 87 91 0
873 87 87 0
874 87 97 0
875 87 91 0
876 87 87 0
877 87 87 0
878 87 91 0
879 87 87 0
880 87 96 0
881 87 91 0
882 87 87 0
883 87 91 0
884 87 87 0
885 87 87 0
886 87 87 0
887 87 96 0
888 87 87 0
889 87 87 0
890 87 92 0
891 87 87 0
892 87 91 0
893 87 91 0
894 87 88 0
895 87 87 0
896 88 89 0
897 88 102 0
898 88 90 0
899 88 92 0
900 88 88 0
901 88 93 0
902 88 93 0
903 88 92 0
904 88 88 0
905 88 88 0
906 88 92 0
907 88 92 0
908 88 88 0
909 88 89 0
910 88 88 0
911 88 92 0
912 88 88 0
913 88 92 0
914 88 92 0
915 88 92 0
916 88 88 0
917 88 90 0
918 89 95 0
919 89 94 0
920 89 99 0
921 89 89 0
922 89 89 0
923 89 93 0
924 89 93 0
925 89 93 0
926 89 93 0
927 89 93 0
928 89 97 0
929 89 93 0
930 89 89 0
931 89 93 0
932 89 93 0
933 89 89 0
934 89 89 0
935 89 90 0
936 89 93 0
937 89 89 0
938 89 89 0
939 89 89 0
940 89 89 0
941 90 107 0
942 90 94 0
943 90 99 0
944 90 99 0
945 90 94 0
946 90 104 0
947 90 94 0
948 90 94 0
949 90 94 0
950 90 94 0
951 90 90 0
952 90 90 0
953 90 90 0
954 90 90 0
955 90 94 0
956 90 94 0
957 91 95 0
958 91 105 0
959 91 100 0
960 91 95 0
961 91 95 0
962 91 95 0
963 91 100 0
964 91 95 0
965 91 95 0
966 91 91 0
967 91 91 0
968 91 95 0
969 91 91 0
970 91 95 0
971 91 91 0
972 91 91 0
973 91 91 0
974 91 95 0
975 91 95 0
976 91 96 0
977 91 91 0
978 92 96 0
979 92 96 0
980 92 115 0
981 92 94 0
982 92 96 0
983 92 96 0
984 92 96 0
985 92 96 0
986 92 96 0
987 92 95 0
988 92 92 0
989 92 92 0
990 92 92 0
991 92 92 0
992 93 97 0
993 93 97 0
994 93 97 0
995 93 97 0
996 93 97 0
997 93 97 0
998 93 97 0
999 93 104 0
1000 93 97 0
1001 93 93 0
1002 93 93 0
1003 93 93 0
1004 93 93 0
1005 93 97 0
1006 93 97 0
1007 94 108 0
1008 94 98 0
1009 94 113 0
1010 94 97 0
1011 94 98 0
1012 94 113 0
1013 94 111 0
1014 94 98 0
1015 94 103 0
1016 94 98 0
1017 94 113 0
1018 94 98 0
1019 94 94 0
1020 94 94 0
1021 94 94 0
1022 94 94 0
1023 95 119 0
1024 95 99 0
1025 95 99 0
1026 95 99 0
1027 95 104 0
1028 95 116 0
1029 95 99 0
1030 95 97 0
1031 95 99 0
1032 95 99 0
1033 95 95 0
1034 95 95 0
1035 95 95 0
1036 95 95 0
1037 95 95 0
1038 95 95 0
1039 95 95 0
1040 95 96 0
1041 95 95 0
1042 95 95 0
1043 95 96 0
1044 96 100 0
1045 96 100 0
1046 96 100 0
1047 96 105 0
1048 96 105 0
1049 96 105 0
1050 96 105 0
1051 96 100 0
1052 96 99 0
1053 96 100 0
1054 96 100 0
1055 96 100 0
1056 96 100 0
1057 96 96 0
1058 96 96 0
1059 96 96 0
1060 96 96 0
1061 96 96 0
1062 96 100 0
1063 96 96 0
1064 96 96 0
1065 96 96 0
1066 96 96 0
1067 96 96 0
1068 96 96 0
1069 96 100 0
1070 96 100 0
1071 97 106 0
1072 97 97 0
1073 97 111 0
1074 97 101 0
1075 97 101 0
1076 97 101 0
1077 97 106 0
1078 97 121 0
1079 97 101 0
1080 97 101 0
1081 97 101 0
1082 97 101 0
1083 97 101 0
1084 97 101 0
1085 97 106 0
1086 97 101 0
1087 97 97 0
1088 97 97 0
1089 97 97 0
1090 97 97 0
1091 97 101 0
1092 97 97 0
1093 97 112 0
1094 97 97 0
1095 97 97 0
1096 97 116 0
1097 97 97 0
1098 97 111 0
1099 97 101 0
1100 97 97 0
1101 98 112 0
1102 98 102 0
1103 98 102 0
1104 98 102 0
1105 98 112 0
1106 98 102 0
1107 98 98 0
1108 98 107 0
1109 98 110 0
1110 98 102 0
1111 98 98 0
1112 98 98 0
1113 98 107 0
1114 98 107 0
1115 98 102 0
1116 98 98 0
1117 98 98 0
1118 98 103 0
1119 98 104 0
1120 98 107 0
1121 99 103 0
1122 99 108 0
1123 99 114 0
1124 99 103 0
1125 99 103 0
1126 99 101 0
1127 99 99 0
1128 99 108 0
1129 99 99 0
1130 99 99 0
1131 99 99 0
1132 99 107 0
1133 99 99 0
1134 99 101 0
1135 99 99 0
1136 99 99 0
1137 99 99 0
1138 99 99 0
1139 99 99 0
1140 100 104 0
1141 100 104 0
1142 100 103 0
1143 100 104 0
1144 100 101 0
1145 100 101 0
1146 100 101 0
1147 100 109 0
1148 100 104 0
1149 100 100 0
1150 100 100 0
1151 100 100 0
1152 100 100 0
1153 100 100 0
1154 101 105 0
1155 101 105 0
1156 101 110 0
1157 101 105 0
1158 101 105 0
1159 101 112 0
1160 101 105 0
1161 101 102 0
1162 101 106 0
1163 101 101 0
1164 101 105 0
1165 101 105 0
1166 101 105 0
1167 101 104 0
1168 101 115 0
1169 101 101 0
1170 101 101 0
1171 101 101 0
1172 101 101 0
1173 101 104 0
1174 101 101 0
1175 101 101 0
1176 101 105 0
1177 101 120 0
1178 101 105 0
1179 101 106 0
1180 101 101 0
1181 102 108 0
1182 102 106 0
1183 102 106 0
1184 102 104 0
1185 102 106 0
1186 102 121 0
1187 102 111 0
1188 102 106 0
1189 102 104 0
1190 102 106 0
1191 102 106 0
1192 102 106 0
1193 102 106 0
1194 102 106 0
1195 102 102 0
1196 102 102 0
1197 102 111 0
1198 102 102 0
1199 102 102 0
1200 102 102 0
1201 102 102 0
1202 102 102 0
1203 102 102 0
1204 102 102 0
1205 102 106 0
1206 102 112 0
1207 102 102 0
1208 102 102 0
1209 102 102 0
1210 103 107 0
1211 103 107 0
1212 103 112 0
1213 103 107 0
1214 103 107 0
1215 103 107 0
1216 103 103 0
1217 103 110 0
1218 103 105 0
1219 103 107 0
1220 103 104 0
1221 103 103 0
1222 103 107 0
1223 103 103 0
1224 103 104 0
1225 103 103 0
1226 103 103 0
1227 103 106 0
1228 103 107 0
1229 103 103 0
1230 103 103 0
1231 103 103 0
1232 104 108 0
1233 104 104 0
1234 104 106 0
1235 104 108 0
1236 104 112 0
1237 104 104 0
1238 104 104 0
1239 104 104 0
1240 104 104 0
1241 104 104 0
1242 104 104 0
1243 104 104 0
1244 104 104 0
1245 104 108 0
1246 104 107 0
1247 104 104 0
1248 104 104 0
1249 105 106 0
1250 105 109 0
1251 105 111 0
1252 105 114 0
1253 105 109 0
1254 105 109 0
1255 105 107 0
1256 105 109 0
1257 105 105 0
1258 105 109 0
1259 105 109 0
1260 105 105 0
1261 105 110 0
1262 105 105 0
1263 105 105 0
1264 105 105 0
1265 105 105 0
1266 105 105 0
1267 105 105 0
1268 105 105 0
1269 105 105 0
1270 105 105 0
1271 105 105 0
1272 105 105 0
1273 105 105 0
1274 105 105 0
1275 105 106 0
1276 106 110 0
1277 106 110 0
1278 106 110 0
1279 106 110 0
1280 106 115 0
1281 106 107 0
1282 106 110 0
1283 106 110 0
1284 106 110 0
1285 106 110 0
1286 106 109 0
1287 106 110 0
1288 106 107 0
1289 106 120 0
1290 106 106 0
1291 106 110 0
1292 106 106 0
1293 106 106 0
1294 106 122 0
1295 106 106 0
1296 106 106 0
1297 106 110 0
1298 106 106 0
1299 106 115 0
1300 106 109 0
1301 106 106 0
1302 106 107 0
1303 107 111 0
1304 107 111 0
1305 107 116 0
1306 107 148 0
1307 107 116 0
1308 107 111 0
1309 107 111 0
1310 107 120 0
1311 107 111 0
1312 107 111 0
1313 107 108 0
1314 107 111 0
1315 107 112 0
1316 107 111 0
1317 107 111 0
1318 107 107 0
1319 107 107 0
1320 107 117 0
1321 107 107 0
1322 107 107 0
1323 107 107 0
1324 107 107 0
1325 107 111 0
1326 107 108 0
1327 107 107 0
1328 107 107 0
1329 107 107 0
1330 107 107 0
1331 107 107 0
1332 107 107 0
1333 108 112 0
1334 108 112 0
1335 108 127 0
1336 108 108 0
1337 108 112 0
1338 108 112 0
1339 108 117 0
1340 108 112 0
1341 108 117 0
1342 108 112 0
1343 108 112 0
1344 108 140 0
1345 108 108 0
1346 108 108 0
1347 108 108 0
1348 108 108 0
1349 108 108 0
1350 108 112 0
1351 108 108 0
1352 108 108 0
1353 108 112 0
1354 108 108 0
1355 108 108 0
1356 108 109 0
1357 108 108 0
1358 108 135 0
1359 108 108 0
1360 108 109 0
1361 108 108 0
1362 108 108 0
1363 109 117 0
1364 109 113 0
1365 109 109 0
1366 109 113 0
1367 109 113 0
1368 109 114 0
1369 109 109 0
1370 109 109 0
1371 109 110 0
1372 109 109 0
1373 109 113 0
1374 109 113 0
1375 109 109 0
1376 109 113 0
1377 109 110 0
1378 109 109 0
1379 109 109 0
1380 109 113 0
1381 109 109 0
1382 109 109 0
1383 110 112 0
1384 110 114 0
1385 110 113 0
1386 110 114 0
1387 110 114 0
1388 110 114 0
1389 110 114 0
1390 110 110 0
1391 110 110 0
1392 110 110 0
1393 110 115 0
1394 110 110 0
1395 110 114 0
1396 110 114 0
1397 110 110 0
1398 110 114 0
1399 110 110 0
1400 110 110 0
1401 110 120 0
1402 110 110 0
1403 110 114 0
1404 111 125 0
1405 111 112 0
1406 111 120 0
1407 111 115 0
1408 111 115 0
1409 111 113 0
1410 111 115 0
1411 111 115 0
1412 111 115 0
1413 111 115 0
1414 111 115 0
1415 111 111 0
1416 111 111 0
1417 111 115 0
1418 111 115 0
1419 111 111 0
1420 111 115 0
1421 111 111 0
1422 111 112 0
1423 111 111 0
1424 111 111 0
1425 111 111 0
1426 111 111 0
1427 111 111 0
1428 111 111 0
1429 111 111 0
1430 111 111 0
1431 111 115 0
1432 111 111 0
1433 112 121 0
1434 112 112 0
1435 112 116 0
1436 112 120 0
1437 112 112 0
1438 112 115 0
1439 112 116 0
1440 112 117 0
1441 112 120 0
1442 112 116 0
1443 112 116 0
1444 112 121 0
1445 112 115 0
1446 112 132 0
1447 112 115 0
1448 112 112 0
1449 112 116 0
1450 112 112 0
1451 112 112 0
1452 112 112 0
1453 112 112 0
1454 112 112 0
1455 112 112 0
1456 112 113 0
1457 112 112 0
1458 112 113 0
1459 112 113 0
1460 112 112 0
1461 112 112 0
1462 112 112 0
1463 113 117 0
1464 113 122 0
1465 113 121 0
1466 113 113 0
1467 113 113 0
1468 113 117 0
1469 113 113 0
1470 113 132 0
1471 113 117 0
1472 113 122 0
1473 113 125 0
1474 113 122 0
1475 113 119 0
1476 113 117 0
1477 113 116 0
1478 113 113 0
1479 113 113 0
1480 113 122 0
1481 113 113 0
1482 113 113 0
1483 113 117 0
1484 113 115 0
1485 113 113 0
1486 113 113 0
1487 113 113 0
1488 113 113 0
1489 113 113 0
1490 113 113 0
1491 114 118 0
1492 114 117 0
1493 114 122 0
1494 114 118 0
1495 114 118 0
1496 114 118 0
1497 114 117 0
1498 114 128 0
1499 114 118 0
1500 114 114 0
1501 114 114 0
1502 114 119 0
1503 114 116 0
1504 114 114 0
1505 114 118 0
1506 114 114 0
1507 114 117 0
1508 114 120 0
1509 114 118 0
1510 114 116 0
1511 114 118 0
1512 115 117 0
1513 115 119 0
1514 115 118 0
1515 115 119 0
1516 115 116 0
1517 115 130 0
1518 115 119 0
1519 115 119 0
1520 115 115 0
1521 115 119 0
1522 115 119 0
1523 115 120 0
1524 115 116 0
1525 115 119 0
1526 115 120 0
1527 115 115 0
1528 115 115 0
1529 115 115 0
1530 115 119 0
1531 115 115 0
1532 115 115 0
1533 115 115 0
1534 115 115 0
1535 115 118 0
1536 115 115 0
1537 115 115 0
1538 115 117 0
1539 115 115 0
1540 115 115 0
1541 115 120 0
1542 116 125 0
1543 116 118 0
1544 116 120 0
1545 116 120 0
1546 116 120 0
1547 116 120 0
1548 116 120 0
1549 116 122 0
1550 116 120 0
1551 116 118 0
1552 116 120 0
1553 116 117 0
1554 116 117 0
1555 116 116 0
1556 116 121 0
1557 116 116 0
1558 116 125 0
1559 116 116 0
1560 116 120 0
1561 116 116 0
1562 116 116 0
1563 116 116 0
1564 116 116 0
1565 116 116 0
1566 116 116 0
1567 116 120 0
1568 116 119 0
1569 116 116 0
1570 116 116 0
1571 116 116 0
1572 116 116 0
1573 116 116 0
1574 117 123 0
1575 117 119 0
1576 117 121 0
1577 117 119 0
1578 117 126 0
1579 117 121 0
1580 117 121 0
1581 117 121 0
1582 117 120 0
1583 117 117 0
1584 117 117 0
1585 117 117 0
1586 117 120 0
1587 117 117 0
1588 117 117 0
1589 117 117 0
1590 117 117 0
1591 117 121 0
1592 117 117 0
1593 117 122 0
1594 117 117 0
1595 117 117 0
1596 117 119 0
1597 117 121 0
1598 117 117 0
1599 118 122 0
1600 118 132 0
1601 118 119 0
1602 118 122 0
1603 118 120 0
1604 118 122 0
1605 118 122 0
1606 118 152 0
1607 118 122 0
1608 118 118 0
1609 118 118 0
1610 118 118 0
1611 118 118 0
1612 118 118 0
1613 118 118 0
1614 118 118 0
1615 118 118 0
1616 118 118 0
1617 118 118 0
1618 118 122 0
1619 118 118 0
1620 118 118 0
1621 118 118 0
1622 118 118 0
1623 118 123 0
1624 118 120 0
1625 118 123 0
1626 118 121 0
1627 118 119 0
1628 118 118 0
1629 118 122 0
1630 118 118 0
1631 118 118 0
1632 118 118 0
1633 118 118 0
1634 118 120 0
1635 118 122 0
1636 119 123 0
1637 119 126 0
1638 119 123 0
1639 119 121 0
1640 119 120 0
1641 119 128 0
1642 119 119 0
1643 119 121 0
1644 119 119 0
1645 119 127 0
1646 119 138 0
1647 119 119 0
1648 119 119 0
1649 119 123 0
1650 119 119 0
1651 119 120 0
1652 119 119 0
1653 119 120 0
1654 119 121 0
1655 119 119 0
1656 119 129 0
1657 119 119 0
1658 119 119 0
1659 119 119 0
1660 119 119 0
1661 119 133 0
1662 119 119 0
1663 119 119 0
1664 119 123 0
1665 120 120 0
1666 120 120 0
1667 120 120 0
1668 120 124 0
1669 120 139 0
1670 120 124 0
1671 120 139 0
1672 120 120 0
1673 120 129 0
1674 120 120 0
1675 120 121 0
1676 120 120 0
1677 120 124 0
1678 120 125 0
1679 120 124 0
1680 120 120 0
1681 120 120 0
1682 120 120 0
1683 120 120 0
1684 120 121 0
1685 120 124 0
1686 120 120 0
1687 120 124 0
1688 120 120 0
1689 120 120 0
1690 120 120 0
1691 120 120 0
1692 120 120 0
1693 120 120 0
1694 120 125 0
1695 120 124 0
1696 120 120 0
1697 120 120 0
1698 120 121 0
1699 120 120 0
1700 120 122 0
1701 120 122 0
1702 120 120 0
1703 120 138 0
1704 120 120 0
1705 120 125 0
1706 120 120 0
1707 120 120 0
1708 120 123 0
1709 120 120 0
1710 120 120 0
1711 120 129 0
1712 120 123 0
1713 120 124 0
1714 120 121 0
1715 121 125 0
1716 121 122 0
1717 121 125 0
1718 121 123 0
1719 121 123 0
1720 121 125 0
1721 121 124 0
1722 121 125 0
1723 121 125 0
1724 121 123 0
1725 121 130 0
1726 121 125 0
1727 121 122 0
1728 121 121 0
1729 121 121 0
1730 121 121 0
1731 121 135 0
1732 121 126 0
1733 121 130 0
1734 121 121 0
1735 121 122 0
1736 121 133 0
1737 121 122 0
1738 121 130 0
1739 121 121 0
1740 121 121 0
1741 121 140 0
1742 121 121 0
1743 121 121 0
1744 121 123 0
1745 121 124 0
1746 121 136 0
1747 121 122 0
1748 121 130 0
1749 121 121 0
1750 121 131 0
1751 121 121 0
1752 121 121 0
1753 121 124 0
1754 121 121 0
1755 121 122 0
1756 121 125 0
1757 121 121 0
1758 121 121 0
1759 121 121 0
1760 121 123 0
1761 121 125 0
1762 121 132 0
1763 121 125 0
1764 121 125 0
1765 121 121 0
1766 121 121 0
1767 121 121 0
1768 121 121 0
1769 121 121 0
1770 121 121 0
1771 121 121 0
1772 121 130 0
1773 121 121 0
1774 121 121 0
1775 121 125 0
1776 121 125 0
1777 121 121 0
1778 121 125 0
1779 121 121 0
1780 121 125 0
1781 121 121 0
1782 122 122 0
1783 122 125 0
1784 122 144 0
1785 122 124 0
1786 122 131 0
1787 122 123 0
1788 122 122 0
1789 122 122 0
1790 122 131 0
1791 122 146 0
1792 122 134 0
1793 122 124 0
1794 122 122 0
1795 122 122 0
1796 122 122 0
1797 122 132 0
1798 122 122 0
1799 122 122 0
1800 122 122 0
1801 122 122 0
1802 122 124 0
1803 122 122 0
1804 122 122 0
1805 122 126 0
1806 122 122 0
1807 122 123 0
1808 122 122 0
1809 122 122 0
1810 122 126 0
1811 122 122 0
1812 122 122 0
1813 122 122 0
1814 122 123 0
1815 122 129 0
1816 122 124 0
1817 122 128 0
1818 122 122 0
1819 122 126 0
1820 122 123 0
1821 122 132 0
1822 122 122 0
1823 122 122 0
1824 122 123 0
1825 122 122 0
1826 122 122 0
1827 122 125 0
1828 122 123 0
1829 122 122 0
1830 123 123 0
1831 123 129 0
1832 123 124 0
1833 123 127 0
1834 123 123 0
1835 123 137 0
1836 123 127 0
1837 123 133 0
1838 123 127 0
1839 123 123 0
1840 123 123 0
1841 123 132 0
1842 123 123 0
1843 123 127 0
1844 123 128 0
1845 123 123 0
1846 123 132 0
1847 123 123 0
1848 123 123 0
1849 123 127 0
1850 123 123 0
1851 123 123 0
1852 123 125 0
1853 123 123 0
1854 123 127 0
1855 123 123 0
1856 123 125 0
1857 123 128 0
1858 123 128 0
1859 123 123 0
1860 123 125 0
1861 123 127 0
1862 123 123 0
1863 123 123 0
1864 123 123 0
1865 123 126 0
1866 123 123 0
1867 123 123 0
1868 123 123 0
1869 123 123 0
1870 123 137 0
1871 123 123 0
1872 123 123 0
1873 123 128 0
1874 123 126 0
1875 123 123 0
1876 123 133 0
1877 123 123 0
1878 123 123 0
1879 123 123 0
1880 123 123 0
1881 123 127 0
1882 123 142 0
1883 123 123 0
1884 123 123 0
1885 123 123 0
1886 124 125 0
1887 124 133 0
1888 124 138 0
1889 124 138 0
1890 124 125 0
1891 124 128 0
1892 124 128 0
1893 124 126 0
1894 124 124 0
1895 124 128 0
1896 124 124 0
1897 124 126 0
1898 124 128 0
1899 124 128 0
1900 124 124 0
1901 124 124 0
1902 124 132 0
1903 124 124 0
1904 124 126 0
1905 124 124 0
1906 124 126 0
1907 124 124 0
1908 124 124 0
1909 124 124 0
1910 124 127 0
1911 124 133 0
1912 124 128 0
1913 124 124 0
1914 124 124 0
1915 124 124 0
1916 124 129 0
1917 124 124 0
1918 124 128 0
1919 124 124 0
1920 124 124 0
1921 124 128 0
1922 124 124 0
1923 124 128 0
1924 124 128 0
1925 124 124 0
1926 124 124 0
1927 124 124 0
1928 124 124 0
1929 124 131 0
1930 124 137 0
1931 124 128 0
1932 124 125 0
1933 124 124 0
1934 124 124 0
1935 124 124 0
1936 124 124 0
1937 124 127 0
1938 124 124 0
1939 124 124 0
1940 124 124 0
1941 124 128 0
1942 124 133 0
1943 124 127 0
1944 124 124 0
1945 124 124 0
1946 124 124 0
1947 124 131 0
1948 124 130 0
1949 124 128 0
1950 125 129 0
1951 125 126 0
1952 125 133 0
1953 125 129 0
1954 125 126 0
1955 125 134 0
1956 125 140 0
1957 125 129 0
1958 125 134 0
1959 125 125 0
1960 125 125 0
1961 125 125 0
1962 125 134 0
1963 125 125 0
1964 125 129 0
1965 125 125 0
1966 125 125 0
1967 125 128 0
1968 125 125 0
1969 125 128 0
1970 125 149 0
1971 125 125 0
1972 125 130 0
1973 125 129 0
1974 125 126 0
1975 125 129 0
1976 125 125 0
1977 125 133 0
1978 125 139 0
1979 125 128 0
1980 125 134 0
1981 125 125 0
1982 125 129 0
1983 125 127 0
1984 125 125 0
1985 125 125 0
1986 125 128 0
1987 125 125 0
1988 125 134 0
1989 125 125 0
1990 125 144 0
1991 125 125 0
1992 126 130 0
1993 126 160 0
1994 126 130 0
1995 126 137 0
1996 126 130 0
1997 126 130 0
1998 126 130 0
1999 126 130 0
2000 126 126 0
2001 126 128 0
2002 126 130 0
2003 126 135 0
2004 126 135 0
2005 126 129 0
2006 126 147 0
2007 126 130 0
2008 126 130 0
2009 126 137 0
2010 126 130 0
2011 126 126 0
2012 126 131 0
2013 126 130 0
2014 126 126 0
2015 126 130 0
2016 126 126 0
2017 126 126 0
2018 126 126 0
2019 126 126 0
2020 126 126 0
2021 126 129 0
2022 126 126 0
2023 126 130 0
2024 126 126 0
2025 126 127 0
2026 126 126 0
2027 126 126 0
2028 126 145 0
2029 126 150 0
2030 126 127 0
2031 126 126 0
2032 126 131 0
2033 126 126 0
2034 126 126 0
2035 126 126 0
2036 126 126 0
2037 126 126 0
2038 126 126 0
2039 126 130 0
2040 126 126 0
2041 126 126 0
2042 126 127 0
2043 126 126 0
2044 126 131 0
2045 126 130 0
2046 126 126 0
2047 126 126 0
2048 127 159 0
2049 127 131 0
2050 127 127 0
2051 127 127 0
2052 127 127 0
2053 127 127 0
2054 127 132 0
2055 127 151 0
2056 127 132 0
2057 127 146 0
2058 127 127 0
2059 127 131 0
2060 127 127 0
2061 127 127 0
2062 127 127 0
2063 127 129 0
2064 127 127 0
2065 127 136 0
2066 127 131 0
2067 127 127 0
2068 127 132 0
2069 127 132 0
2070 127 127 0
2071 127 128 0
2072 127 127 0
2073 127 127 0
2074 127 127 0
2075 127 127 0
2076 127 127 0
2077 127 127 0
2078 127 127 0
2079 127 127 0
2080 127 131 0
2081 127 127 0
2082 127 127 0
2083 127 127 0
2084 128 142 0
2085 128 138 0
2086 128 131 0
2087 128 128 0
2088 128 128 0
2089 128 132 0
2090 128 128 0
2091 128 128 0
2092 128 128 0
2093 128 128 0
2094 128 130 0
2095 128 130 0
2096 128 128 0
2097 128 130 0
2098 128 128 0
2099 128 132 0
2100 128 128 0
2101 128 128 0
2102 128 130 0
2103 128 132 0
2104 128 131 0
2105 128 130 0
2106 128 128 0
2107 128 128 0
2108 128 132 0
2109 128 128 0
2110 128 128 0
2111 128 130 0
2112 128 128 0
2113 128 128 0
2114 128 128 0
2115 128 132 0
2116 128 128 0
2117 128 134 0
2118 128 131 0
2119 128 137 0
2120 128 135 0
2121 128 128 0
2122 128 128 0
2123 128 128 0
2124 128 142 0
2125 128 128 0
2126 129 138 0
2127 129 138 0
2128 129 133 0
2129 129 140 0
2130 129 135 0
2131 129 133 0
2132 129 148 0
2133 129 138 0
2134 129 134 0
2135 129 133 0
2136 129 149 0
2137 129 132 0
2138 129 131 0
2139 129 138 0
2140 129 134 0
2141 129 138 0
2142 129 131 0
2143 129 129 0
2144 129 130 0
2145 129 129 0
2146 129 129 0
2147 129 133 0
2148 129 129 0
2149 129 129 0
2150 129 138 0
2151 129 129 0
2152 129 129 0
2153 129 141 0
2154 129 129 0
2155 129 133 0
2156 129 148 0
2157 129 130 0
2158 129 130 0
2159 129 129 0
2160 129 129 0
2161 129 129 0
2162 129 148 0
2163 129 129 0
2164 129 129 0
2165 129 129 0
2166 129 138 0
2167 129 130 0
2168 129 133 0
2169 129 129 0
2170 129 133 0
2171 129 129 0
2172 129 129 0
2173 129 129 0
2174 129 133 0
2175 129 138 0
2176 130 131 0
2177 130 136 0
2178 130 134 0
2179 130 134 0
2180 130 130 0
2181 130 130 0
2182 130 140 0
2183 130 130 0
2184 130 130 0
2185 130 130 0
2186 130 130 0
2187 130 130 0
2188 130 130 0
2189 130 130 0
2190 130 131 0
2191 130 130 0
2192 130 134 0
2193 130 134 0
2194 130 130 0
2195 130 131 0
2196 130 130 0
2197 130 130 0
2198 130 130 0
2199 130 136 0
2200 130 139 0
2201 130 130 0
2202 130 137 0
2203 130 130 0
2204 130 130 0
2205 130 134 0
2206 130 130 0
2207 130 131 0
2208 130 130 0
2209 130 134 0
2210 130 130 0
2211 130 130 0
2212 130 130 0
2213 130 130 0
2214 131 132 0
2215 131 150 0
2216 131 150 0
2217 131 132 0
2218 131 132 0
2219 131 135 0
2220 131 145 0
2221 131 135 0
2222 131 135 0
2223 131 144 0
2224 131 135 0
2225 131 145 0
2226 131 133 0
2227 131 135 0
2228 131 135 0
2229 131 135 0
2230 131 135 0
2231 131 135 0
2232 131 131 0
2233 131 150 0
2234 131 150 0
2235 131 135 0
2236 131 135 0
2237 131 131 0
2238 131 131 0
2239 131 140 0
2240 131 135 0
2241 131 131 0
2242 131 150 0
2243 131 148 0
2244 131 131 0
2245 131 131 0
2246 131 133 0
2247 131 131 0
2248 131 135 0
2249 131 131 0
2250 131 145 0
2251 131 135 0
2252 131 131 0
2253 131 146 0
2254 131 132 0
2255 131 131 0
2256 131 132 0
2257 131 131 0
2258 131 141 0
2259 131 131 0
2260 131 135 0
2261 131 131 0
2262 131 131 0
2263 131 131 0
2264 131 135 0
2265 131 131 0
2266 131 131 0
2267 131 131 0
2268 131 131 0
2269 132 133 0
2270 132 132 0
2271 132 136 0
2272 132 136 0
2273 132 133 0
2274 132 137 0
2275 132 141 0
2276 132 146 0
2277 132 136 0
2278 132 132 0
2279 132 132 0
2280 132 132 0
2281 132 136 0
2282 132 132 0
2283 132 132 0
2284 132 132 0
2285 132 132 0
2286 132 132 0
2287 132 134 0
2288 132 132 0
2289 132 132 0
2290 132 132 0
2291 132 132 0
2292 132 132 0
2293 132 147 0
2294 132 132 0
2295 132 135 0
2296 132 132 0
2297 132 132 0
2298 132 143 0
2299 132 132 0
2300 132 132 0
2301 132 132 0
2302 132 135 0
2303 132 132 0
2304 132 135 0
2305 132 141 0
2306 132 136 0
2307 132 134 0
2308 132 132 0
2309 132 132 0
2310 132 132 0
2311 132 132 0
2312 132 132 0
2313 132 159 0
2314 132 132 0
2315 132 141 0
2316 133 137 0
2317 133 137 0
2318 133 147 0
2319 133 136 0
2320 133 136 0
2321 133 136 0
2322 133 137 0
2323 133 137 0
2324 133 141 0
2325 133 152 0
2326 133 133 0
2327 133 133 0
2328 133 147 0
2329 133 133 0
2330 133 133 0
2331 133 137 0
2332 133 133 0
2333 133 133 0
2334 133 133 0
2335 133 133 0
2336 133 138 0
2337 133 133 0
2338 133 133 0
2339 133 169 0
2340 133 133 0
2341 133 133 0
2342 133 133 0
2343 133 133 0
2344 133 133 0
2345 133 133 0
2346 133 137 0
2347 133 137 0
2348 133 147 0
2349 133 133 0
2350 133 133 0
2351 133 133 0
2352 133 133 0
2353 133 133 0
2354 133 133 0
2355 133 137 0
2356 133 133 0
2357 133 137 0
2358 133 135 0
2359 133 133 0
2360 133 133 0
2361 133 133 0
2362 133 136 0
2363 133 133 0
2364 133 133 0
2365 133 133 0
2366 134 144 0
2367 134 158 0
2368 134 138 0
2369 134 138 0
2370 134 135 0
2371 134 137 0
2372 134 136 0
2373 134 138 0
2374 134 138 0
2375 134 134 0
2376 134 139 0
2377 134 134 0
2378 134 138 0
2379 134 134 0
2380 134 143 0
2381 134 138 0
2382 134 134 0
2383 134 138 0
2384 134 143 0
2385 134 139 0
2386 134 138 0
2387 134 134 0
2388 134 134 0
2389 134 138 0
2390 134 135 0
2391 134 134 0
2392 134 134 0
2393 134 138 0
2394 134 135 0
2395 134 134 0
2396 134 134 0
2397 134 134 0
2398 134 134 0
2399 134 138 0
2400 134 138 0
2401 134 134 0
2402 134 134 0
2403 134 134 0
2404 134 134 0
2405 134 134 0
2406 134 134 0
2407 134 134 0
2408 134 138 0
2409 134 138 0
2410 134 134 0
2411 134 134 0
2412 134 134 0
2413 135 135 0
2414 135 139 0
2415 135 154 0
2416 135 139 0
2417 135 139 0
2418 135 135 0
2419 135 135 0
2420 135 139 0
2421 135 135 0
2422 135 135 0
2423 135 135 0
2424 135 137 0
2425 135 135 0
2426 135 135 0
2427 135 135 0
2428 135 152 0
2429 135 135 0
2430 135 135 0
2431 135 135 0
2432 135 135 0
2433 135 135 0
2434 135 135 0
2435 135 135 0
2436 135 149 0
2437 135 139 0
2438 135 135 0
2439 135 137 0
2440 135 135 0
2441 135 143 0
2442 135 135 0
2443 135 139 0
2444 135 136 0
2445 135 135 0
2446 135 135 0
2447 135 135 0
2448 135 147 0
2449 135 136 0
2450 135 139 0
2451 135 139 0
2452 135 165 0
2453 136 145 0
2454 136 140 0
2455 136 136 0
2456 136 139 0
2457 136 143 0
2458 136 136 0
2459 136 140 0
2460 136 138 0
2461 136 145 0
2462 136 152 0
2463 136 137 0
2464 136 140 0
2465 136 140 0
2466 136 140 0
2467 136 164 0
2468 136 136 0
2469 136 140 0
2470 136 143 0
2471 136 166 0
2472 136 140 0
2473 136 138 0
2474 136 136 0
2475 136 136 0
2476 136 143 0
2477 136 136 0
2478 136 136 0
2479 136 139 0
2480 136 136 0
2481 136 136 0
2482 136 136 0
2483 136 140 0
2484 136 136 0
2485 136 136 0
2486 136 136 0
2487 136 145 0
2488 136 136 0
2489 136 136 0
2490 136 136 0
2491 136 136 0
2492 136 140 0
2493 136 136 0
2494 136 136 0
2495 136 136 0
2496 136 136 0
2497 136 136 0
2498 136 141 0
2499 136 146 0
2500 137 139 0
2501 137 151 0
2502 137 137 0
2503 137 139 0
2504 137 137 0
2505 137 152 0
2506 137 137 0
2507 137 154 0
2508 137 138 0
2509 137 137 0
2510 137 138 0
2511 137 141 0
2512 137 148 0
2513 137 141 0
2514 137 137 0
2515 137 137 0
2516 137 137 0
2517 137 137 0
2518 137 140 0
2519 137 141 0
2520 137 140 0
2521 137 137 0
2522 137 137 0
2523 137 137 0
2524 137 137 0
2525 137 138 0
2526 137 137 0
2527 137 142 0
2528 137 146 0
2529 137 137 0
2530 137 147 0
2531 138 142 0
2532 138 141 0
2533 138 147 0
2534 138 139 0
2535 138 149 0
2536 138 140 0
2537 138 152 0
2538 138 148 0
2539 138 142 0
2540 138 142 0
2541 138 143 0
2542 138 138 0
2543 138 152 0
2544 138 139 0
2545 138 145 0
2546 138 138 0
2547 138 138 0
2548 138 142 0
2549 138 142 0
2550 138 140 0
2551 138 142 0
2552 138 138 0
2553 138 138 0
2554 138 149 0
2555 138 138 0
2556 138 138 0
2557 138 142 0
2558 138 138 0
2559 138 138 0
2560 138 138 0
2561 138 141 0
2562 138 138 0
2563 138 147 0
2564 138 138 0
2565 138 138 0
2566 138 142 0
2567 138 154 0
2568 138 138 0
2569 138 138 0
2570 138 144 0
2571 138 138 0
2572 138 138 0
2573 139 148 0
2574 139 144 0
2575 139 143 0
2576 139 139 0
2577 139 156 0
2578 139 143 0
2579 139 146 0
2580 139 153 0
2581 139 143 0
2582 139 147 0
2583 139 144 0
2584 139 143 0
2585 139 158 0
2586 139 153 0
2587 139 145 0
2588 139 145 0
2589 139 143 0
2590 139 141 0
2591 139 151 0
2592 139 146 0
2593 139 143 0
2594 139 140 0
2595 139 147 0
2596 139 139 0
2597 139 139 0
2598 139 139 0
2599 139 144 0
2600 139 139 0
2601 139 154 0
2602 139 141 0
2603 139 143 0
2604 139 140 0
2605 139 143 0
2606 139 139 0
2607 139 139 0
2608 139 139 0
2609 139 143 0
2610 139 145 0
2611 139 139 0
2612 139 139 0
2613 139 139 0
2614 139 139 0
2615 139 139 0
2616 139 140 0
2617 139 139 0
2618 139 139 0
2619 139 139 0
2620 139 139 0
2621 139 139 0
2622 139 139 0
2623 139 143 0
2624 140 154 0
2625 140 149 0
2626 140 164 0
2627 140 140 0
2628 140 140 0
2629 140 144 0
2630 140 144 0
2631 140 144 0
2632 140 142 0
2633 140 142 0
2634 140 140 0
2635 140 140 0
2636 140 140 0
2637 140 140 0
2638 140 140 0
2639 140 140 0
2640 140 144 0
2641 140 140 0
2642 140 140 0
2643 140 140 0
2644 140 140 0
2645 140 140 0
2646 140 144 0
2647 140 140 0
2648 140 140 0
2649 140 140 0
2650 140 152 0
2651 140 147 0
2652 140 144 0
2653 140 140 0
2654 140 140 0
2655 140 140 0
2656 140 140 0
2657 140 140 0
2658 140 144 0
2659 140 140 0
2660 140 141 0
2661 140 144 0
2662 140 144 0
2663 140 140 0
2664 140 142 0
2665 141 157 0
2666 141 145 0
2667 141 142 0
2668 141 145 0
2669 141 150 0
2670 141 145 0
2671 141 150 0
2672 141 155 0
2673 141 185 0
2674 141 143 0
2675 141 150 0
2676 141 143 0
2677 141 150 0
2678 141 141 0
2679 141 141 0
2680 141 141 0
2681 141 144 0
2682 141 145 0
2683 141 149 0
2684 141 141 0
2685 141 141 0
2686 141 141 0
2687 141 145 0
2688 141 145 0
2689 141 141 0
2690 141 142 0
2691 141 156 0
2692 141 145 0
2693 141 147 0
2694 141 143 0
2695 141 141 0
2696 141 141 0
2697 141 141 0
2698 141 141 0
2699 141 141 0
2700 141 143 0
2701 141 141 0
2702 141 141 0
2703 141 141 0
2704 141 141 0
2705 141 141 0
2706 142 150 0
2707 142 142 0
2708 142 146 0
2709 142 154 0
2710 142 154 0
2711 142 146 0
2712 142 149 0
2713 142 142 0
2714 142 143 0
2715 142 142 0
2716 142 142 0
2717 142 142 0
2718 142 151 0
2719 142 145 0
2720 142 151 0
2721 142 142 0
2722 142 143 0
2723 142 142 0
2724 142 142 0
2725 142 142 0
2726 142 142 0
2727 142 142 0
2728 142 148 0
2729 142 142 0
2730 142 142 0
2731 142 142 0
2732 142 150 0
2733 142 145 0
2734 142 142 0
2735 142 142 0
2736 142 142 0
2737 142 142 0
2738 142 151 0
2739 142 142 0
2740 142 142 0
2741 142 152 0
2742 142 142 0
2743 142 151 0
2744 142 142 0
2745 142 142 0
2746 142 142 0
2747 142 146 0
2748 142 142 0
2749 143 152 0
2750 143 152 0
2751 143 152 0
2752 143 152 0
2753 143 147 0
2754 143 147 0
2755 143 147 0
2756 143 152 0
2757 143 149 0
2758 143 144 0
2759 143 143 0
2760 143 143 0
2761 143 143 0
2762 143 143 0
2763 143 143 0
2764 143 143 0
2765 143 143 0
2766 143 145 0
2767 143 147 0
2768 143 143 0
2769 143 143 0
2770 143 143 0
2771 143 147 0
2772 143 145 0
2773 143 143 0
2774 143 143 0
2775 143 147 0
2776 143 143 0
2777 143 162 0
2778 143 143 0
2779 143 143 0
2780 143 143 0
2781 143 152 0
2782 143 143 0
2783 143 143 0
2784 143 143 0
2785 143 143 0
2786 143 144 0
2787 143 143 0
2788 143 148 0
2789 143 143 0
2790 143 147 0
2791 143 143 0
2792 143 143 0
2793 143 143 0
2794 143 143 0
2795 143 144 0
2796 143 143 0
2797 143 143 0
2798 144 145 0
2799 144 148 0
2800 144 148 0
2801 144 148 0
2802 144 158 0
2803 144 157 0
2804 144 148 0
2805 144 153 0
2806 144 147 0
2807 144 145 0
2808 144 148 0
2809 144 148 0
2810 144 147 0
2811 144 144 0
2812 144 144 0
2813 144 147 0
2814 144 144 0
2815 144 144 0
2816 144 144 0
2817 144 147 0
2818 144 144 0
2819 144 144 0
2820 144 144 0
2821 144 145 0
2822 144 144 0
2823 144 149 0
2824 144 144 0
2825 144 151 0
2826 144 146 0
2827 144 148 0
2828 144 144 0
2829 144 156 0
2830 144 144 0
2831 144 144 0
2832 144 144 0
2833 144 144 0
2834 144 144 0
2835 144 144 0
2836 144 153 0
2837 145 164 0
2838 145 159 0
2839 145 149 0
2840 145 147 0
2841 145 146 0
2842 145 165 0
2843 145 169 0
2844 145 149 0
2845 145 149 0
2846 145 149 0
2847 145 146 0
2848 145 154 0
2849 145 145 0
2850 145 149 0
2851 145 145 0
2852 145 155 0
2853 145 149 0
2854 145 150 0
2855 145 146 0
2856 145 146 0
2857 145 145 0
2858 145 145 0
2859 145 149 0
2860 145 145 0
2861 145 145 0
2862 145 149 0
2863 145 146 0
2864 145 146 0
2865 145 146 0
2866 145 149 0
2867 145 145 0
2868 145 149 0
2869 145 145 0
2870 145 145 0
2871 145 145 0
2872 145 145 0
2873 145 146 0
2874 145 147 0
2875 145 149 0
2876 145 145 0
2877 145 145 0
2878 145 156 0
2879 145 145 0
2880 145 145 0
2881 145 145 0
2882 145 149 0
2883 145 145 0
2884 146 151 0
2885 146 150 0
2886 146 160 0
2887 146 147 0
2888 146 152 0
2889 146 155 0
2890 146 148 0
2891 146 155 0
2892 146 148 0
2893 146 153 0
2894 146 148 0
2895 146 147 0
2896 146 146 0
2897 146 146 0
2898 146 146 0
2899 146 146 0
2900 146 148 0
2901 146 146 0
2902 146 146 0
2903 146 146 0
2904 146 150 0
2905 146 146 0
2906 146 151 0
2907 146 160 0
2908 146 150 0
2909 146 146 0
2910 146 150 0
2911 146 146 0
2912 146 147 0
2913 146 146 0
2914 146 146 0
2915 146 146 0
2916 146 146 0
2917 146 146 0
2918 146 146 0
2919 146 146 0
2920 147 151 0
2921 147 156 0
2922 147 148 0
2923 147 151 0
2924 147 151 0
2925 147 150 0
2926 147 152 0
2927 147 148 0
2928 147 151 0
2929 147 151 0
2930 147 147 0
2931 147 151 0
2932 147 163 0
2933 147 151 0
2934 147 147 0
2935 147 147 0
2936 147 147 0
2937 147 147 0
2938 147 151 0
2939 147 147 0
2940 147 147 0
2941 147 147 0
2942 147 147 0
2943 147 147 0
2944 147 147 0
2945 147 147 0
2946 147 147 0
2947 147 147 0
2948 147 147 0
2949 147 150 0
2950 147 147 0
2951 147 151 0
2952 147 147 0
2953 147 147 0
2954 147 147 0
2955 147 147 0
2956 147 147 0
2957 147 147 0
2958 147 147 0
2959 147 149 0
2960 147 147 0
2961 148 152 0
2962 148 152 0
2963 148 152 0
2964 148 162 0
2965 148 152 0
2966 148 151 0
2967 148 157 0
2968 148 157 0
2969 148 156 0
2970 148 157 0
2971 148 152 0
2972 148 150 0
2973 148 148 0
2974 148 148 0
2975 148 150 0
2976 148 151 0
2977 148 148 0
2978 148 148 0
2979 148 148 0
2980 148 148 0
2981 148 148 0
2982 148 148 0
2983 148 148 0
2984 148 148 0
2985 148 148 0
2986 148 150 0
2987 148 148 0
2988 148 149 0
2989 148 148 0
2990 148 152 0
2991 148 152 0
2992 148 148 0
2993 148 148 0
2994 148 148 0
2995 148 148 0
2996 148 148 0
2997 148 152 0
2998 148 148 0
2999 148 148 0
3000 148 152 0
3001 148 149 0
3002 148 148 0
3003 148 148 0
3004 148 149 0
3005 148 152 0
3006 149 151 0
3007 149 163 0
3008 149 153 0
3009 149 153 0
3010 149 153 0
3011 149 153 0
3012 149 150 0
3013 149 153 0
3014 149 153 0
3015 149 153 0
3016 149 149 0
3017 149 153 0
3018 149 153 0
3019 149 149 0
3020 149 153 0
3021 149 150 0
3022 149 149 0
3023 149 149 0
3024 149 149 0
3025 149 149 0
3026 149 149 0
3027 149 152 0
3028 149 149 0
3029 149 152 0
3030 149 149 0
3031 149 153 0
3032 149 153 0
3033 149 149 0
3034 149 153 0
3035 149 149 0
3036 149 149 0
3037 149 150 0
3038 149 155 0
3039 149 152 0
3040 149 155 0
3041 149 149 0
3042 149 149 0
3043 149 150 0
3044 149 150 0
3045 149 149 0
3046 149 150 0
3047 149 149 0
3048 149 149 0
3049 149 150 0
3050 149 149 0
3051 149 149 0
3052 149 149 0
3053 149 149 0
3054 150 159 0
3055 150 154 0
3056 150 154 0
3057 150 169 0
3058 150 154 0
3059 150 153 0
3060 150 152 0
3061 150 154 0
3062 150 153 0
3063 150 151 0
3064 150 154 0
3065 150 153 0
3066 150 150 0
3067 150 150 0
3068 150 152 0
3069 150 153 0
3070 150 162 0
3071 150 150 0
3072 150 154 0
3073 150 150 0
3074 150 150 0
3075 150 150 0
3076 150 150 0
3077 150 150 0
3078 150 150 0
3079 150 155 0
3080 150 155 0
3081 150 150 0
3082 150 150 0
3083 150 150 0
3084 150 151 0
3085 150 150 0
3086 150 150 0
3087 150 150 0
3088 150 173 0
3089 150 150 0
3090 150 152 0
3091 150 150 0
3092 150 150 0
3093 150 150 0
3094 150 151 0
3095 150 150 0
3096 150 155 0
3097 150 150 0
3098 150 150 0
3099 150 150 0
3100 150 154 0
3101 150 150 0
3102 150 150 0
3103 150 151 0
3104 150 150 0
3105 150 154 0
3106 150 150 0
3107 150 154 0
3108 150 153 0
3109 150 153 0
3110 150 150 0
3111 151 151 0
3112 151 155 0
3113 151 155 0
3114 151 151 0
3115 151 152 0
3116 151 155 0
3117 151 155 0
3118 151 155 0
3119 151 164 0
3120 151 170 0
3121 151 155 0
3122 151 153 0
3123 151 151 0
3124 151 158 0
3125 151 155 0
3126 151 165 0
3127 151 151 0
3128 151 151 0
3129 151 151 0
3130 151 157 0
3131 151 151 0
3132 151 151 0
3133 151 151 0
3134 151 151 0
3135 151 151 0
3136 151 151 0
3137 151 151 0
3138 151 152 0
3139 151 160 0
3140 151 151 0
3141 151 151 0
3142 151 151 0
3143 151 151 0
3144 151 151 0
3145 151 155 0
3146 151 151 0
3147 151 151 0
3148 151 151 0
3149 151 151 0
3150 151 156 0
3151 151 165 0
3152 151 151 0
3153 151 155 0
3154 151 165 0
3155 151 151 0
3156 151 151 0
3157 151 151 0
3158 151 155 0
3159 151 151 0
3160 151 157 0
3161 151 151 0
3162 152 153 0
3163 152 156 0
3164 152 156 0
3165 152 158 0
3166 152 156 0
3167 152 164 0
3168 152 161 0
3169 152 156 0
3170 152 161 0
3171 152 155 0
3172 152 156 0
3173 152 153 0
3174 152 154 0
3175 152 152 0
3176 152 155 0
3177 152 152 0
3178 152 152 0
3179 152 155 0
3180 152 152 0
3181 152 152 0
3182 152 157 0
3183 152 152 0
3184 152 156 0
3185 152 152 0
3186 152 156 0
3187 152 152 0
3188 152 152 0
3189 152 152 0
3190 152 153 0
3191 152 154 0
3192 152 152 0
3193 152 153 0
3194 152 152 0
3195 152 152 0
3196 152 152 0
3197 152 152 0
3198 152 152 0
3199 152 152 0
3200 152 152 0
3201 152 161 0
3202 152 160 0
3203 152 152 0
3204 152 153 0
3205 152 152 0
3206 152 153 0
3207 152 152 0
3208 152 153 0
3209 152 152 0
3210 152 152 0
3211 152 152 0
3212 153 158 0
3213 153 158 0
3214 153 157 0
3215 153 157 0
3216 153 164 0
3217 153 157 0
3218 153 153 0
3219 153 155 0
3220 153 161 0
3221 153 157 0
3222 153 157 0
3223 153 153 0
3224 153 157 0
3225 153 157 0
3226 153 153 0
3227 153 154 0
3228 153 165 0
3229 153 153 0
3230 153 153 0
3231 153 153 0
3232 153 153 0
3233 153 153 0
3234 153 157 0
3235 153 153 0
3236 153 153 0
3237 153 153 0
3238 153 153 0
3239 153 154 0
3240 153 153 0
3241 153 157 0
3242 153 153 0
3243 153 159 0
3244 153 155 0
3245 153 153 0
3246 153 155 0
3247 153 153 0
3248 153 153 0
3249 153 153 0
3250 153 153 0
3251 153 153 0
3252 153 155 0
3253 153 153 0
3254 153 153 0
3255 153 155 0
3256 153 157 0
3257 153 153 0
3258 153 153 0
3259 153 157 0
3260 153 153 0
3261 153 153 0
3262 153 153 0
3263 153 153 0
3264 153 158 0
3265 153 153 0
3266 153 153 0
3267 153 153 0
3268 153 153 0
3269 153 155 0
3270 153 153 0
3271 153 153 0
3272 153 153 0
3273 154 170 0
3274 154 163 0
3275 154 163 0
3276 154 158 0
3277 154 156 0
3278 154 156 0
3279 154 163 0
3280 154 158 0
3281 154 163 0
3282 154 158 0
3283 154 158 0
3284 154 164 0
3285 154 156 0
3286 154 164 0
3287 154 160 0
3288 154 163 0
3289 154 154 0
3290 154 163 0
3291 154 154 0
3292 154 158 0
3293 154 163 0
3294 154 154 0
3295 154 158 0
3296 154 158 0
3297 154 154 0
3298 154 154 0
3299 154 154 0
3300 154 160 0
3301 154 155 0
3302 154 158 0
3303 154 163 0
3304 154 170 0
3305 154 155 0
3306 154 158 0
3307 154 159 0
3308 154 154 0
3309 154 154 0
3310 154 160 0
3311 154 154 0
3312 154 158 0
3313 154 154 0
3314 154 154 0
3315 154 154 0
3316 154 156 0
3317 154 159 0
3318 154 163 0
3319 154 154 0
3320 154 157 0
3321 154 158 0
3322 154 164 0
3323 154 154 0
3324 154 163 0
3325 154 154 0
3326 154 154 0
3327 154 155 0
3328 154 155 0
3329 154 154 0
3330 154 158 0
3331 154 158 0
3332 154 159 0
3333 154 154 0
3334 154 164 0
3335 154 154 0
3336 154 156 0
3337 154 154 0
3338 154 155 0
3339 154 155 0
3340 154 154 0
3341 155 171 0
3342 155 163 0
3343 155 159 0
3344 155 155 0
3345 155 162 0
3346 155 155 0
3347 155 159 0
3348 155 157 0
3349 155 158 0
3350 155 155 0
3351 155 155 0
3352 155 164 0
3353 155 157 0
3354 155 159 0
3355 155 157 0
3356 155 155 0
3357 155 155 0
3358 155 164 0
3359 155 155 0
3360 155 156 0
3361 155 156 0
3362 155 155 0
3363 155 156 0
3364 155 155 0
3365 155 155 0
3366 155 164 0
3367 155 155 0
3368 155 155 0
3369 155 164 0
3370 155 155 0
3371 155 167 0
3372 155 156 0
3373 155 155 0
3374 155 159 0
3375 155 155 0
3376 155 156 0
3377 155 159 0
3378 155 158 0
3379 155 155 0
3380 155 155 0
3381 155 155 0
3382 155 159 0
3383 155 155 0
3384 155 155 0
3385 155 155 0
3386 155 155 0
3387 155 163 0
3388 155 155 0
3389 155 155 0
3390 155 155 0
3391 155 159 0
3392 156 159 0
3393 156 176 0
3394 156 162 0
3395 156 160 0
3396 156 171 0
3397 156 157 0
3398 156 169 0
3399 156 157 0
3400 156 157 0
3401 156 165 0
3402 156 160 0
3403 156 160 0
3404 156 160 0
3405 156 158 0
3406 156 156 0
3407 156 156 0
3408 156 194 0
3409 156 156 0
3410 156 156 0
3411 156 160 0
3412 156 156 0
3413 156 163 0
3414 156 156 0
3415 156 156 0
3416 156 156 0
3417 156 158 0
3418 156 165 0
3419 156 161 0
3420 156 156 0
3421 156 158 0
3422 156 158 0
3423 156 160 0
3424 156 158 0
3425 156 156 0
3426 156 156 0
3427 156 156 0
3428 156 194 0
3429 156 156 0
3430 156 160 0
3431 156 156 0
3432 156 157 0
3433 156 156 0
3434 156 156 0
3435 156 156 0
3436 156 159 0
3437 156 162 0
3438 156 156 0
3439 156 156 0
3440 156 160 0
3441 156 159 0
3442 156 160 0
3443 156 156 0
3444 156 161 0
3445 156 156 0
3446 156 156 0
3447 156 156 0
3448 156 156 0
3449 156 156 0
3450 156 156 0
3451 156 171 0
3452 156 156 0
3453 156 160 0
3454 156 156 0
3455 156 156 0
3456 156 158 0
3457 157 161 0
3458 157 161 0
3459 157 161 0
3460 157 163 0
3461 157 158 0
3462 157 161 0
3463 157 160 0
3464 157 167 0
3465 157 157 0
3466 157 157 0
3467 157 166 0
3468 157 157 0
3469 157 157 0
3470 157 161 0
3471 157 157 0
3472 157 157 0
3473 157 157 0
3474 157 157 0
3475 157 167 0
3476 157 157 0
3477 157 157 0
3478 157 161 0
3479 157 157 0
3480 157 157 0
3481 157 169 0
3482 157 158 0
3483 157 157 0
3484 157 157 0
3485 157 170 0
3486 157 157 0
3487 157 157 0
3488 157 161 0
3489 157 159 0
3490 157 157 0
3491 157 158 0
3492 157 157 0
3493 157 159 0
3494 157 157 0
3495 157 157 0
3496 157 157 0
3497 157 162 0
3498 157 159 0
3499 157 161 0
3500 157 157 0
3501 157 158 0
3502 157 165 0
3503 157 164 0
3504 157 173 0
3505 157 157 0
3506 157 157 0
3507 158 161 0
3508 158 162 0
3509 158 162 0
3510 158 164 0
3511 158 172 0
3512 158 166 0
3513 158 159 0
3514 158 162 0
3515 158 160 0
3516 158 172 0
3517 158 159 0
3518 158 160 0
3519 158 160 0
3520 158 167 0
3521 158 159 0
3522 158 158 0
3523 158 158 0
3524 158 162 0
3525 158 158 0
3526 158 158 0
3527 158 158 0
3528 158 158 0
3529 158 158 0
3530 158 161 0
3531 158 158 0
3532 158 158 0
3533 158 163 0
3534 158 158 0
3535 158 158 0
3536 158 158 0
3537 158 158 0
3538 158 158 0
3539 158 158 0
3540 158 159 0
3541 158 158 0
3542 158 158 0
3543 158 158 0
3544 158 158 0
3545 158 158 0
3546 158 158 0
3547 158 169 0
3548 158 172 0
3549 158 158 0
3550 158 163 0
3551 158 159 0
3552 158 158 0
3553 158 158 0
3554 158 163 0
3555 158 158 0
3556 158 158 0
3557 158 158 0
3558 158 158 0
3559 158 158 0
3560 158 163 0
3561 158 158 0
3562 158 158 0
3563 158 167 0
3564 158 161 0
3565 159 160 0
3566 159 163 0
3567 159 171 0
3568 159 164 0
3569 159 163 0
3570 159 163 0
3571 159 163 0
3572 159 162 0
3573 159 159 0
3574 159 163 0
3575 159 163 0
3576 159 163 0
3577 159 161 3421
3578 159 161 3421
3579 159 161 0
3580 159 168 0
3581 159 159 0
3582 159 161 0
3583 159 173 0
3584 159 159 0
3585 159 160 0
3586 159 159 0
3587 159 159 0
3588 159 159 0
3589 159 165 0
3590 159 162 0
3591 159 159 0
3592 159 159 0
3593 159 163 0
3594 159 159 0
3595 159 161 0
3596 159 159 0
3597 159 159 0
3598 159 159 0
3599 159 159 0
3600 159 162 0
3601 159 159 0
3602 159 163 0
3603 159 173 0
3604 159 162 0
3605 159 164 0
3606 159 159 0
3607 159 159 0
3608 159 159 0
3609 159 159 0
3610 159 163 0
3611 159 159 0
3612 159 159 0
3613 159 163 0
3614 159 159 0
3615 160 163 0
3616 160 164 0
3617 160 163 0
3618 160 164 0
3619 160 165 0
3620 160 162 0
3621 160 163 0
3622 160 160 0
3623 160 160 0
3624 160 160 0
3625 160 161 0
3626 160 165 0
3627 160 160 0
3628 160 161 0
3629 160 162 0
3630 160 160 0
3631 160 160 0
3632 160 162 0
3633 160 162 0
3634 160 160 0
3635 160 160 0
3636 160 161 0
3637 160 160 0
3638 160 160 0
3639 160 160 0
3640 160 164 0
3641 160 163 0
3642 160 160 0
3643 160 160 0
3644 160 160 0
3645 160 160 0
3646 160 160 0
3647 160 160 0
3648 160 160 0
3649 160 162 0
3650 160 165 0
3651 160 163 0
3652 160 160 0
3653 160 160 0
3654 160 160 0
3655 160 160 0
3656 160 165 0
3657 160 160 0
3658 160 160 0
3659 160 160 0
3660 161 170 0
3661 161 166 0
3662 161 164 0
3663 161 165 0
3664 161 164 0
3665 161 165 0
3666 161 165 0
3667 161 164 0
3668 161 165 0
3669 161 163 0
3670 161 164 0
3671 161 165 0
3672 161 161 0
3673 161 162 0
3674 161 161 0
3675 161 161 0
3676 161 161 0
3677 161 161 0
3678 161 162 0
3679 161 161 0
3680 161 161 0
3681 161 161 0
3682 161 161 0
3683 161 161 0
3684 161 161 0
3685 161 161 0
3686 161 161 0
3687 161 161 0
3688 161 161 0
3689 161 161 0
3690 161 163 0
3691 161 161 0
3692 161 162 0
3693 161 163 0
3694 161 165 0
3695 161 161 0
3696 161 162 0
3697 161 161 0
3698 161 161 0
3699 161 161 0
3700 161 161 0
3701 161 161 0
3702 161 161 0
3703 161 165 0
3704 161 161 0
3705 161 161 0
3706 161 161 0
3707 161 162 0
3708 161 161 0
3709 161 161 0
3710 161 161 0
3711 161 165 0
3712 161 165 0
3713 161 161 0
3714 161 161 0
3715 161 170 0
3716 161 161 0
3717 162 162 0
3718 162 162 0
3719 162 162 0
3720 162 166 0
3721 162 163 0
3722 162 164 0
3723 162 166 0
3724 162 165 0
3725 162 166 0
3726 162 162 0
3727 162 165 0
3728 162 166 0
3729 162 162 0
3730 162 162 0
3731 162 164 0
3732 162 162 0
3733 162 162 0
3734 162 166 0
3735 162 162 0
3736 162 162 0
3737 162 162 0
3738 162 162 0
3739 162 162 0
3740 162 167 0
3741 162 166 0
3742 162 162 0
3743 162 171 0
3744 162 162 0
3745 162 162 0
3746 162 162 0
3747 162 162 0
3748 162 162 0
3749 162 162 0
3750 162 162 0
3751 162 162 0
3752 162 162 0
3753 162 162 0
3754 162 162 0
3755 162 162 0
3756 162 162 0
3757 162 162 0
3758 162 169 0
3759 162 162 0
3760 162 162 0
3761 162 162 0
3762 162 162 0
3763 162 164 0
3764 162 162 0
3765 162 162 0
3766 162 164 0
3767 162 162 0
3768 162 162 0
3769 162 162 0
3770 162 166 0
3771 162 163 0
3772 162 167 0
3773 162 162 0
3774 162 163 0
3775 162 163 0
3776 162 162 0
3777 162 162 0
3778 162 162 0
3779 162 162 0
3780 162 166 0
3781 162 162 0
3782 163 164 0
3783 163 165 0
3784 163 167 0
3785 163 168 0
3786 163 169 0
3787 163 167 0
3788 163 164 0
3789 163 163 0
3790 163 163 0
3791 163 167 0
3792 163 163 0
3793 163 167 0
3794 163 163 0
3795 163 163 0
3796 163 163 0
3797 163 164 0
3798 163 163 0
3799 163 167 0
3800 163 163 0
3801 163 163 0
3802 163 163 0
3803 163 163 0
3804 163 167 0
3805 163 163 0
3806 163 165 0
3807 163 163 0
3808 163 163 0
3809 163 166 0
3810 163 173 0
3811 163 163 0
3812 163 166 0
3813 163 163 0
3814 163 163 0
3815 163 169 0
3816 163 163 0
3817 163 163 0
3818 163 168 0
3819 163 166 0
3820 163 172 0
3821 163 163 0
3822 163 163 0
3823 163 166 0
3824 163 163 0
3825 163 163 0
3826 163 166 0
3827 163 163 0
3828 163 163 0
3829 163 163 0
3830 163 164 0
3831 163 164 0
3832 163 163 0
3833 163 163 0
3834 163 163 0
3835 163 163 0
3836 163 165 0
3837 163 163 0
3838 163 163 0
3839 163 164 0
3840 163 166 0
3841 163 163 0
3842 163 163 0
3843 163 163 0
3844 163 164 0
3845 163 164 0
3846 163 163 0
3847 163 163 0
3848 163 176 0
3849 163 163 0
3850 163 163 0
3851 163 163 0
3852 163 163 0
3853 163 163 0
3854 163 163 0
3855 163 163 0
3856 163 167 0
3857 163 164 0
3858 163 163 0
3859 163 167 0
3860 163 164 0
3861 163 163 0
3862 163 163 0
3863 163 163 0
3864 163 166 0
3865 163 163 0
3866 163 167 0
3867 164 165 0
3868 164 165 0
3869 164 168 0
3870 164 168 0
3871 164 178 0
3872 164 164 0
3873 164 168 0
3874 164 165 0
3875 164 167 0
3876 164 171 0
3877 164 165 0
3878 164 167 0
3879 164 168 0
3880 164 168 0
3881 164 168 0
3882 164 168 0
3883 164 168 0
3884 164 168 0
3885 164 165 0
3886 164 165 0
3887 164 166 0
3888 164 164 0
3889 164 164 0
3890 164 164 0
3891 164 164 0
3892 164 164 0
3893 164 164 0
3894 164 164 0
3895 164 168 0
3896 164 168 0
3897 164 168 0
3898 164 164 0
3899 164 168 0
3900 164 165 0
3901 164 168 0
3902 164 181 0
3903 164 164 0
3904 164 164 0
3905 164 164 0
3906 164 172 0
3907 164 191 0
3908 164 164 0
3909 164 164 0
3910 164 164 0
3911 164 164 0
3912 164 164 0
3913 164 164 0
3914 164 164 0
3915 164 164 0
3916 164 164 0
3917 164 164 0
3918 164 164 0
3919 164 165 0
3920 164 164 0
3921 164 164 0
3922 164 168 0
3923 164 164 0
3924 164 165 0
3925 164 165 0
3926 164 164 0
3927 164 166 0
3928 164 164 0
3929 164 164 0
3930 164 164 0
3931 164 164 0
3932 164 173 0
3933 164 166 0
3934 164 164 0
3935 164 164 0
3936 164 164 0
3937 164 166 0
3938 164 164 0
3939 164 164 0
3940 164 166 0
3941 164 168 0
3942 164 164 0
3943 164 164 0
3944 164 167 0
3945 164 173 0
3946 164 164 0
3947 164 164 0
3948 164 164 0
3949 164 164 0
3950 164 166 0
3951 164 168 0
3952 164 164 0
3953 164 164 0
3954 164 167 0
3955 165 168 0
3956 165 179 0
3957 165 177 0
3958 165 169 0
3959 165 165 0
3960 165 165 0
3961 165 169 0
3962 165 165 3947
3963 165 167 3947
3964 165 165 0
3965 165 165 0
3966 165 165 0
3967 165 170 0
3968 165 165 0
3969 165 171 0
3970 165 165 0
3971 165 165 0
3972 165 167 0
3973 165 174 0
3974 165 165 0
3975 165 169 0
3976 165 170 0
3977 165 165 0
3978 165 166 0
3979 165 165 0
3980 165 165 0
3981 165 166 0
3982 165 168 0
3983 165 165 0
3984 165 165 0
3985 165 167 0
3986 165 165 0
3987 165 165 0
3988 165 165 0
3989 165 165 0
3990 165 165 0
3991 165 165 0
3992 165 165 0
3993 165 167 0
3994 165 165 0
3995 165 166 0
3996 165 165 0
3997 165 169 0
3998 165 165 0
3999 165 165 0
4000 165 165 0
4001 165 165 0
4002 165 165 0
4003 165 168 0
4004 165 168 0
4005 165 165 0
4006 165 168 0
4007 165 170 0
4008 165 167 0
4009 165 165 0
4010 165 168 0
4011 165 165 0
4012 165 171 0
4013 165 165 0
4014 165 165 0
4015 165 170 0
4016 165 165 0
4017 165 165 0
4018 165 169 0
4019 165 168 0
4020 165 165 0
4021 165 171 0
4022 165 165 0
4023 165 166 0
4024 165 165 0
4025 165 165 0
4026 165 165 0
4027 165 165 0
4028 165 167 0
4029 165 165 0
4030 165 165 0
4031 165 168 0
4032 165 165 0
4033 165 166 0
4034 165 165 0
4035 165 165 0
4036 165 165 0
4037 165 165 0
4038 165 165 0
4039 165 165 0
4040 165 165 0
4041 165 166 0
4042 165 165 0
4043 165 165 0
4044 165 165 0
4045 165 168 0
4046 165 166 0
4047 165 165 0
4048 165 165 0
4049 165 165 0
4050 165 165 0
4051 165 166 0
4052 165 165 0
4053 165 165 0
4054 165 165 0
4055 165 165 0
4056 165 165 0
4057 165 166 0
4058 165 165 0
4059 165 165 0
4060 165 165 0
4061 165 165 0
4062 165 166 0
4063 166 166 0
4064 166 172 0
4065 166 167 0
4066 166 170 0
4067 166 175 0
4068 166 167 0
4069 166 170 0
4070 166 169 0
4071 166 185 0
4072 166 167 0
4073 166 166 0
4074 166 175 0
4075 166 166 0
4076 166 170 0
4077 166 167 0
4078 166 168 0
4079 166 166 0
4080 166 166 0
4081 166 169 0
4082 166 167 0
4083 166 166 0
4084 166 167 0
4085 166 169 0
4086 166 170 0
4087 166 170 0
4088 166 166 0
4089 166 176 0
4090 166 166 0
4091 166 166 0
4092 166 167 0
4093 166 171 0
4094 166 166 0
4095 166 169 0
4096 166 166 0
4097 166 167 0
4098 166 166 0
4099 166 167 0
4100 166 170 0
4101 166 166 0
4102 166 166 0
4103 166 169 0
4104 166 166 0
4105 166 166 0
4106 166 166 0
4107 166 170 0
4108 166 166 0
4109 166 169 0
4110 166 166 0
4111 166 166 0
4112 166 166 0
4113 166 170 0
4114 166 166 0
4115 166 167 0
4116 166 166 0
4117 166 166 0
4118 166 166 0
4119 166 166 0
4120 166 166 0
4121 166 166 0
4122 166 166 0
4123 166 182 0
4124 166 168 0
4125 166 166 0
4126 166 166 0
4127 166 176 0
4128 166 166 0
4129 166 166 0
4130 166 168 0
4131 166 171 0
4132 166 170 0
4133 166 170 0
4134 166 166 0
4135 166 166 0
4136 166 166 0
4137 166 166 0
4138 166 168 0
4139 166 166 0
4140 166 167 0
4141 166 166 0
4142 166 170 0
4143 166 166 0
4144 166 166 0
4145 166 166 0
4146 166 166 0
4147 166 166 0
4148 166 166 0
4149 166 175 0
4150 166 168 0
4151 166 175 0
4152 166 170 0
4153 166 166 0
4154 166 168 0
4155 166 181 0
4156 166 166 0
4157 166 166 0
4158 166 166 0
4159 166 176 0
4160 166 175 0
4161 166 166 0
4162 166 174 0
4163 166 169 0
4164 166 166 0
4165 166 166 0
4166 166 175 0
4167 166 166 0
4168 166 166 0
4169 167 167 0
4170 167 171 0
4171 167 169 0
4172 167 167 0
4173 167 171 0
4174 167 167 0
4175 167 171 0
4176 167 178 0
4177 167 168 3981
4178 167 167 3981
4179 167 167 3819
4180 167 169 3819
4181 167 167 0
4182 167 167 0
4183 167 169 0
4184 167 167 0
4185 167 167 0
4186 167 170 0
4187 167 167 0
4188 167 167 0
4189 167 167 0
4190 167 172 0
4191 167 171 0
4192 167 167 0
4193 167 167 0
4194 167 167 0
4195 167 167 0
4196 167 167 0
4197 167 167 0
4198 167 167 0
4199 167 167 0
4200 167 170 0
4201 167 171 0
4202 167 167 0
4203 167 167 0
4204 167 169 0
4205 167 167 0
4206 167 167 0
4207 167 167 0
4208 167 170 0
4209 167 167 0
4210 167 172 0
4211 167 167 0
4212 167 167 0
4213 167 169 0
4214 167 167 0
4215 167 171 0
4216 167 171 0
4217 167 167 0
4218 167 167 0
4219 167 167 0
4220 167 167 0
4221 167 167 0
4222 167 167 0
4223 167 171 0
4224 167 173 0
4225 167 168 0
4226 167 167 0
4227 167 167 0
4228 167 170 0
4229 167 167 0
4230 167 167 0
4231 167 168 0
4232 167 167 0
4233 167 167 0
4234 167 172 0
4235 167 167 0
4236 167 174 0
4237 167 167 0
4238 167 169 0
4239 167 171 0
4240 167 168 0
4241 167 167 0
4242 167 167 0
4243 167 169 0
4244 167 167 0
4245 167 167 0
4246 167 167 0
4247 167 167 0
4248 167 168 0
4249 167 167 0
4250 167 167 0
4251 167 167 0
4252 167 167 0
4253 167 167 0
4254 167 169 0
4255 167 168 0
4256 167 167 0
4257 167 167 0
4258 167 171 0
4259 167 168 0
4260 167 167 0
4261 167 167 0
4262 167 176 0
4263 167 167 0
4264 167 167 0
4265 167 167 0
4266 167 167 0
4267 167 167 0
4268 168 169 0
4269 168 170 0
4270 168 172 0
4271 168 171 0
4272 168 168 0
4273 168 172 0
4274 168 172 0
4275 168 169 0
4276 168 170 0
4277 168 173 0
4278 168 168 0
4279 168 168 0
4280 168 168 0
4281 168 168 0
4282 168 182 0
4283 168 172 0
4284 168 168 0
4285 168 168 0
4286 168 173 0
4287 168 172 0
4288 168 168 0
4289 168 168 0
4290 168 172 0
4291 168 168 0
4292 168 168 0
4293 168 168 0
4294 168 173 0
4295 168 169 0
4296 168 173 0
4297 168 168 0
4298 168 169 0
4299 168 168 0
4300 168 168 0
4301 168 168 0
4302 168 170 0
4303 168 168 0
4304 168 173 0
4305 168 168 0
4306 168 168 0
4307 168 176 0
4308 168 174 0
4309 168 168 0
4310 168 168 0
4311 168 168 0
4312 168 169 0
4313 168 168 0
4314 168 168 0
4315 168 172 0
4316 168 168 0
4317 168 169 0
4318 168 168 0
4319 168 170 0
4320 168 169 0
4321 168 173 0
4322 168 168 0
4323 168 168 0
4324 168 172 0
4325 168 168 0
4326 168 169 0
4327 168 168 0
4328 168 168 0
4329 168 172 0
4330 168 168 0
4331 168 168 0
4332 168 172 0
4333 168 168 0
4334 168 168 0
4335 168 168 0
4336 168 168 0
4337 168 168 0
4338 168 168 0
4339 168 168 0
4340 168 168 0
4341 168 168 0
4342 168 168 0
4343 168 168 0
4344 168 168 0
4345 168 172 0
4346 168 168 0
4347 168 168 0
4348 168 177 0
4349 168 169 0
4350 168 168 0
4351 168 169 0
4352 168 170 0
4353 168 182 0
4354 168 168 0
4355 168 168 0
4356 168 168 0
4357 168 168 0
4358 168 168 0
4359 168 168 0
4360 168 168 0
4361 168 169 0
4362 168 171 0
4363 168 175 0
4364 168 168 0
4365 168 168 0
4366 168 168 0
4367 168 168 0
4368 168 172 0
4369 168 168 0
4370 168 173 0
4371 168 170 0
4372 168 172 0
4373 168 172 0
4374 168 168 0
4375 168 168 0
4376 168 169 0
4377 168 168 0
4378 169 170 0
4379 169 172 0
4380 169 169 0
4381 169 173 0
4382 169 176 0
4383 169 178 0
4384 169 171 0
4385 169 183 0
4386 169 170 0
4387 169 169 0
4388 169 172 0
4389 169 178 0
4390 169 173 0
4391 169 170 0
4392 169 169 0
4393 169 169 0
4394 169 169 0
4395 169 173 0
4396 169 169 0
4397 169 169 0
4398 169 169 0
4399 169 169 0
4400 169 169 0
4401 169 169 0
4402 169 169 0
4403 169 169 0
4404 169 169 0
4405 169 188 0
4406 169 169 0
4407 169 173 0
4408 169 169 0
4409 169 169 0
4410 169 169 0
4411 169 173 0
4412 169 173 0
4413 169 171 0
4414 169 169 0
4415 169 169 0
4416 169 169 0
4417 169 171 0
4418 169 172 0
4419 169 171 0
4420 169 169 0
4421 169 172 0
4422 169 169 0
4423 169 169 0
4424 169 170 0
4425 169 169 0
4426 169 169 0
4427 169 170 0
4428 169 173 0
4429 169 169 0
4430 169 169 0
4431 169 169 0
4432 169 169 0
4433 169 169 0
4434 169 170 0
4435 169 169 0
4436 169 173 0
4437 169 169 0
4438 169 171 0
4439 169 169 0
4440 169 173 0
4441 169 169 0
4442 169 169 0
4443 169 169 0
4444 169 169 0
4445 169 169 0
4446 169 169 0
4447 169 176 0
4448 169 169 0
4449 169 180 0
4450 169 169 0
4451 169 169 0
4452 169 169 0
4453 169 169 0
4454 169 169 0
4455 169 179 0
4456 169 169 0
4457 169 176 0
4458 169 169 0
4459 169 171 0
4460 169 169 0
4461 169 183 0
4462 169 175 0
4463 169 169 0
4464 169 169 0
4465 169 172 0
4466 169 169 0
4467 169 169 0
4468 169 169 0
4469 169 169 0
4470 169 169 0
4471 169 169 0
4472 169 169 0
4473 169 173 0
4474 169 169 0
4475 169 169 0
4476 169 169 0
4477 169 170 0
4478 169 179 0
4479 169 173 0
4480 169 169 0
4481 169 173 0
4482 169 169 0
4483 169 172 0
4484 169 169 0
4485 169 169 0
4486 169 169 0
4487 169 169 0
4488 169 169 0
4489 169 170 0
4490 169 173 0
4491 169 183 0
4492 169 169 0
4493 169 173 0
4494 169 170 0
4495 169 172 0
4496 170 180 0
4497 170 177 0
4498 170 179 0
4499 170 174 0
4500 170 174 0
4501 170 170 0
4502 170 170 0
4503 170 172 0
4504 170 179 0
4505 170 170 0
4506 170 170 0
4507 170 174 0
4508 170 171 0
4509 170 170 0
4510 170 174 0
4511 170 170 0
4512 170 170 0
4513 170 170 0
4514 170 174 0
4515 170 170 0
4516 170 179 0
4517 170 170 0
4518 170 170 0
4519 170 170 0
4520 170 173 0
4521 170 174 0
4522 170 170 0
4523 170 173 0
4524 170 170 0
4525 170 170 0
4526 170 172 0
4527 170 171 0
4528 170 170 0
4529 170 170 0
4530 170 170 0
4531 170 171 0
4532 170 174 0
4533 170 170 0
4534 170 174 0
4535 170 170 0
4536 170 174 0
4537 170 171 0
4538 170 178 0
4539 170 171 0
4540 170 170 0
4541 170 186 0
4542 170 170 0
4543 170 170 0
4544 170 172 0
4545 170 172 0
4546 170 170 0
4547 170 172 0
4548 170 170 0
4549 170 174 0
4550 170 170 0
4551 170 170 0
4552 170 170 0
4553 170 170 0
4554 170 170 0
4555 170 176 0
4556 170 170 0
4557 170 174 0
4558 170 170 0
4559 170 194 0
4560 170 170 0
4561 170 173 0
4562 170 173 0
4563 170 173 0
4564 170 170 0
4565 170 171 0
4566 170 171 0
4567 170 173 0
4568 170 171 0
4569 170 170 0
4570 170 172 0
4571 170 170 0
4572 170 170 0
4573 170 174 0
4574 170 173 0
4575 170 170 0
4576 170 170 0
4577 170 170 0
4578 170 171 0
4579 170 170 0
4580 170 175 0
4581 170 171 0
4582 170 175 0
4583 170 170 0
4584 170 170 0
4585 170 171 0
4586 170 175 0
4587 170 170 0
4588 170 170 0
4589 170 171 0
4590 170 170 0
4591 170 170 0
4592 170 189 0
4593 170 170 0
4594 170 170 0
4595 170 171 0
4596 170 170 0
4597 170 170 0
4598 170 170 0
4599 170 170 0
4600 170 170 0
4601 171 171 0
4602 171 173 0
4603 171 175 0
4604 171 173 0
4605 171 175 0
4606 171 174 0
4607 171 190 0
4608 171 171 0
4609 171 175 0
4610 171 175 0
4611 171 173 0
4612 171 179 0
4613 171 172 0
4614 171 175 0
4615 171 175 0
4616 171 175 0
4617 171 175 0
4618 171 171 0
4619 171 175 0
4620 171 171 0
4621 171 175 0
4622 171 171 0
4623 171 171 0
4624 171 171 0
4625 171 171 0
4626 171 175 0
4627 171 171 0
4628 171 180 0
4629 171 171 0
4630 171 175 0
4631 171 177 0
4632 171 175 0
4633 171 171 0
4634 171 171 0
4635 171 171 0
4636 171 171 0
4637 171 177 0
4638 171 171 0
4639 171 171 0
4640 171 175 0
4641 171 171 0
4642 171 175 0
4643 171 175 0
4644 171 175 0
4645 171 171 0
4646 171 175 0
4647 171 171 0
4648 171 171 0
4649 171 171 0
4650 171 175 0
4651 171 171 0
4652 171 171 0
4653 171 175 0
4654 171 180 0
4655 171 171 0
4656 171 171 0
4657 171 171 0
4658 171 171 0
4659 171 171 0
4660 171 171 0
4661 171 173 0
4662 171 174 0
4663 171 172 0
4664 171 171 0
4665 171 171 0
4666 171 172 0
4667 171 171 0
4668 171 171 0
4669 171 172 0
4670 171 172 0
4671 171 171 0
4672 171 171 0
4673 171 171 0
4674 171 171 0
4675 171 176 0
4676 171 175 0
4677 171 171 0
4678 171 173 0
4679 171 176 0
4680 171 172 0
4681 171 171 0
4682 171 172 0
4683 171 171 0
4684 171 171 0
4685 171 172 0
4686 171 173 0
4687 171 177 0
4688 171 171 0
4689 171 171 0
4690 171 171 0
4691 171 171 0
4692 171 171 0
4693 171 173 0
4694 171 171 0
4695 171 173 0
4696 171 174 0
4697 171 171 0
4698 171 176 0
4699 171 171 0
4700 171 175 0
4701 171 171 0
4702 171 171 0
4703 171 171 0
4704 171 172 0
4705 171 171 0
4706 171 175 0
4707 171 175 0
4708 171 171 0
4709 172 173 0
4710 172 173 0
4711 172 176 0
4712 172 186 0
4713 172 183 0
4714 172 176 0
4715 172 181 0
4716 172 174 0
4717 172 181 0
4718 172 177 0
4719 172 173 0
4720 172 173 0
4721 172 172 0
4722 172 172 0
4723 172 176 0
4724 172 172 0
4725 172 176 0
4726 172 176 0
4727 172 172 0
4728 172 172 0
4729 172 172 0
4730 172 172 0
4731 172 172 0
4732 172 173 0
4733 172 176 0
4734 172 176 0
4735 172 193 0
4736 172 172 0
4737 172 179 0
4738 172 172 0
4739 172 180 0
4740 172 175 0
4741 172 173 0
4742 172 174 0
4743 172 172 0
4744 172 176 0
4745 172 174 0
4746 172 173 0
4747 172 172 0
4748 172 172 0
4749 172 172 0
4750 172 179 0
4751 172 172 0
4752 172 174 0
4753 172 172 0
4754 172 172 0
4755 172 178 0
4756 172 172 0
4757 172 173 0
4758 172 176 0
4759 172 176 0
4760 172 175 0
4761 172 181 0
4762 172 176 0
4763 172 172 0
4764 172 172 0
4765 172 172 0
4766 172 175 0
4767 172 172 0
4768 172 173 0
4769 172 172 0
4770 172 176 0
4771 172 174 0
4772 172 173 0
4773 172 172 0
4774 172 173 0
4775 172 172 0
4776 172 180 0
4777 172 172 0
4778 172 173 0
4779 172 173 0
4780 172 173 0
4781 172 172 0
4782 172 173 0
4783 172 176 0
4784 172 172 0
4785 172 172 0
4786 172 176 0
4787 172 172 0
4788 172 173 0
4789 172 172 0
4790 172 175 0
4791 172 172 0
4792 172 172 0
4793 172 173 0
4794 172 175 0
4795 172 173 0
4796 172 172 0
4797 172 176 0
4798 172 176 0
4799 172 178 0
4800 172 172 0
4801 172 175 0
4802 172 181 0
4803 172 174 0
4804 172 172 0
4805 172 173 0
4806 172 172 0
4807 173 194 0
4808 173 173 0
4809 173 174 0
4810 173 177 0
4811 173 175 0
4812 173 177 0
4813 173 177 0
4814 173 187 0
4815 173 177 0
4816 173 173 0
4817 173 177 0
4818 173 182 0
4819 173 178 0
4820 173 173 0
4821 173 174 0
4822 173 183 0
4823 173 175 0
4824 173 173 0
4825 173 176 0
4826 173 173 0
4827 173 173 0
4828 173 182 0
4829 173 173 0
4830 173 175 0
4831 173 174 0
4832 173 173 0
4833 173 173 0
4834 173 177 0
4835 173 173 0
4836 173 173 0
4837 173 179 0
4838 173 173 0
4839 173 175 0
4840 173 173 0
4841 173 173 0
4842 173 177 0
4843 173 174 0
4844 173 193 0
4845 173 177 0
4846 173 183 0
4847 173 175 0
4848 173 174 0
4849 173 173 0
4850 173 179 0
4851 173 174 0
4852 173 173 0
4853 173 173 0
4854 173 179 0
4855 173 173 0
4856 173 173 0
4857 173 173 0
4858 173 173 0
4859 173 173 0
4860 173 173 0
4861 173 176 0
4862 173 190 0
4863 173 188 0
4864 173 173 0
4865 173 176 0
4866 173 173 0
4867 173 173 0
4868 173 173 0
4869 173 173 0
4870 173 173 0
4871 173 177 0
4872 173 175 0
4873 173 175 0
4874 173 173 0
4875 173 173 0
4876 173 173 0
4877 173 173 0
4878 173 173 0
4879 173 173 0
4880 173 173 0
4881 173 179 0
4882 173 175 0
4883 173 177 0
4884 173 177 0
4885 173 180 0
4886 173 173 0
4887 173 175 0
4888 174 183 0
4889 174 175 0
4890 174 175 0
4891 174 188 0
4892 174 178 0
4893 174 177 0
4894 174 174 0
4895 174 178 0
4896 174 180 0
4897 174 178 0
4898 174 177 0
4899 174 183 0
4900 174 184 0
4901 174 178 0
4902 174 178 0
4903 174 174 0
4904 174 178 0
4905 174 176 0
4906 174 174 0
4907 174 174 0
4908 174 174 0
4909 174 174 0
4910 174 178 0
4911 174 174 0
4912 174 174 0
4913 174 174 0
4914 174 174 0
4915 174 174 0
4916 174 174 0
4917 174 176 0
4918 174 181 0
4919 174 174 0
4920 174 178 0
4921 174 174 0
4922 174 174 0
4923 174 174 0
4924 174 174 0
4925 174 181 0
4926 174 174 0
4927 174 174 0
4928 174 174 0
4929 174 179 0
4930 174 174 0
4931 174 174 0
4932 174 174 0
4933 174 174 0
4934 174 174 0
4935 174 178 0
4936 174 174 0
4937 174 174 0
4938 174 175 0
4939 174 184 0
4940 174 174 0
4941 174 174 0
4942 174 174 0
4943 174 174 0
4944 174 174 0
4945 174 183 0
4946 174 175 0
4947 174 176 0
4948 174 178 0
4949 174 176 0
4950 174 174 0
4951 174 177 0
4952 174 177 0
4953 174 174 0
4954 174 174 0
4955 174 174 0
4956 174 174 0
4957 174 175 0
4958 174 175 0
4959 174 174 0
4960 174 174 0
4961 174 174 0
4962 174 174 0
4963 174 178 0
4964 174 175 0
4965 174 176 0
4966 174 175 0
4967 174 178 0
4968 174 194 0
4969 174 176 0
4970 174 179 0
4971 174 174 0
4972 174 177 0
4973 174 175 0
4974 174 175 0
4975 174 182 0
4976 174 174 0
4977 174 178 0
4978 174 174 0
4979 174 174 0
4980 174 174 0
4981 174 174 0
4982 174 174 0
4983 174 174 0
4984 174 190 0
4985 175 191 0
4986 175 179 0
4987 175 175 0
4988 175 177 0
4989 175 175 0
4990 175 179 0
4991 175 180 0
4992 175 179 0
4993 175 175 0
4994 175 179 0
4995 175 179 0
4996 175 186 0
4997 175 189 0
4998 175 180 0
4999 175 176 0
5000 175 179 0
5001 175 175 0
5002 175 175 0
5003 175 175 0
5004 175 175 0
5005 175 179 0
5006 175 178 0
5007 175 185 0
5008 175 176 0
5009 175 175 0
5010 175 180 0
5011 175 175 0
5012 175 175 0
5013 175 175 0
5014 175 179 0
5015 175 175 0
5016 175 179 0
5017 175 175 0
5018 175 175 0
5019 175 177 0
5020 175 175 0
5021 175 175 0
5022 175 175 0
5023 175 175 0
5024 175 175 0
5025 175 175 0
5026 175 184 0
5027 175 175 0
5028 175 179 0
5029 175 175 0
5030 175 176 0
5031 175 179 0
5032 175 175 0
5033 175 175 0
5034 175 181 0
5035 175 175 0
5036 175 178 0
5037 175 177 0
5038 175 179 0
5039 175 191 0
5040 175 175 0
5041 175 175 0
5042 175 181 0
5043 175 175 0
5044 175 175 0
5045 175 179 0
5046 175 175 0
5047 175 175 0
5048 175 175 0
5049 175 184 0
5050 175 175 0
5051 175 184 0
5052 175 176 0
5053 175 175 0
5054 175 175 0
5055 175 175 0
5056 175 175 0
5057 175 178 0
5058 175 176 0
5059 175 175 0
5060 175 175 0
5061 175 176 0
5062 175 175 0
5063 175 179 0
5064 175 175 0
5065 175 176 0
5066 175 175 0
5067 175 176 0
5068 175 178 0
5069 175 180 0
5070 175 176 0
5071 175 177 0
5072 175 177 0
5073 175 175 0
5074 175 175 0
5075 175 175 0
5076 175 175 0
5077 175 181 0
5078 175 179 0
5079 175 192 0
5080 175 179 0
5081 175 179 0
5082 175 176 0
5083 175 179 0
5084 176 178 0
5085 176 182 0
5086 176 191 0
5087 176 177 0
5088 176 184 0
5089 176 176 0
5090 176 185 0
5091 176 178 0
5092 176 180 0
5093 176 190 0
5094 176 181 0
5095 176 180 0
5096 176 180 0
5097 176 180 0
5098 176 192 0
5099 176 176 0
5100 176 182 0
5101 176 178 0
5102 176 177 0
5103 176 179 0
5104 176 179 0
5105 176 180 0
5106 176 179 0
5107 176 176 0
5108 176 178 0
5109 176 180 0
5110 176 176 0
5111 176 176 0
5112 176 176 0
5113 176 177 0
5114 176 177 0
5115 176 180 0
5116 176 176 0
5117 176 179 0
5118 176 179 0
5119 176 177 0
5120 176 194 0
5121 176 176 0
5122 176 178 0
5123 176 180 0
5124 176 190 0
5125 176 176 0
5126 176 176 0
5127 176 177 0
5128 176 176 0
5129 176 176 0
5130 176 176 0
5131 176 176 0
5132 176 176 0
5133 176 176 0
5134 176 176 0
5135 176 177 0
5136 176 176 0
5137 176 176 0
5138 176 190 0
5139 176 177 0
5140 176 176 0
5141 176 176 0
5142 176 176 0
5143 176 182 0
5144 176 176 0
5145 176 176 0
5146 176 176 0
5147 176 181 0
5148 176 176 0
5149 176 176 0
5150 176 176 0
5151 176 176 0
5152 176 176 0
5153 176 178 0
5154 176 191 0
5155 176 176 0
5156 176 176 0
5157 176 176 0
5158 176 176 0
5159 176 176 0
5160 176 179 0
5161 176 176 0
5162 176 176 0
5163 176 180 0
5164 176 176 0
5165 176 176 0
5166 176 176 0
5167 176 176 0
5168 176 176 0
5169 176 185 0
5170 176 177 0
5171 176 193 0
5172 176 176 0
5173 176 176 0
5174 176 176 0
5175 176 176 0
5176 176 176 0
5177 176 180 0
5178 176 178 0
5179 176 178 0
5180 176 177 0
5181 176 176 0
5182 176 176 0
5183 176 176 0
5184 176 176 0
5185 176 176 0
5186 176 176 0
5187 176 177 0
5188 176 178 0
5189 176 176 0
5190 176 179 0
5191 176 176 0
5192 176 181 0
5193 177 181 0
5194 177 181 0
5195 177 181 0
5196 177 177 0
5197 177 179 0
5198 177 179 0
5199 177 178 0
5200 177 183 0
5201 177 181 0
5202 177 178 0
5203 177 182 0
5204 177 191 0
5205 177 181 0
5206 177 178 0
5207 177 180 0
5208 177 181 0
5209 177 178 0
5210 177 179 0
5211 177 177 0
5212 177 177 0
5213 177 177 0
5214 177 177 0
5215 177 181 0
5216 177 191 0
5217 177 177 0
5218 177 179 0
5219 177 181 0
5220 177 177 0
5221 177 177 0
5222 177 177 0
5223 177 177 0
5224 177 177 0
5225 177 181 0
5226 177 183 0
5227 177 177 0
5228 177 177 0
5229 177 177 0
5230 177 178 0
5231 177 181 0
5232 177 177 0
5233 177 177 0
5234 177 177 0
5235 177 180 0
5236 177 190 0
5237 177 178 0
5238 177 177 0
5239 177 181 0
5240 177 181 0
5241 177 177 0
5242 177 177 0
5243 177 177 0
5244 177 177 0
5245 177 178 0
5246 177 181 0
5247 177 177 0
5248 177 178 0
5249 177 178 0
5250 177 178 0
5251 177 178 0
5252 177 177 0
5253 177 181 0
5254 177 178 0
5255 177 177 0
5256 177 177 0
5257 177 177 0
5258 177 178 0
5259 177 180 0
5260 177 178 0
5261 177 177 0
5262 177 181 0
5263 177 177 0
5264 177 177 0
5265 177 180 0
5266 177 177 0
5267 177 179 0
5268 177 178 0
5269 177 178 0
5270 177 177 0
5271 177 181 0
5272 177 181 0
5273 177 177 0
5274 177 179 0
5275 177 194 0
5276 177 177 0
5277 177 177 0
5278 177 178 0
5279 177 177 0
5280 177 181 0
5281 177 180 0
5282 177 178 0
5283 177 177 0
5284 177 177 0
5285 177 177 0
5286 177 177 0
5287 177 178 0
5288 177 178 0
5289 177 177 0
5290 177 177 0
5291 177 177 0
5292 177 179 0
5293 177 180 0
5294 177 181 0
5295 177 179 0
5296 177 177 0
5297 177 177 0
5298 177 180 0
5299 177 177 0
5300 177 181 0
5301 177 177 0
5302 177 177 0
5303 177 191 0
5304 177 194 0
5305 177 180 0
5306 177 177 0
5307 177 181 0
5308 178 178 0
5309 178 182 0
5310 178 182 0
5311 178 182 0
5312 178 178 0
5313 178 182 0
5314 178 187 0
5315 178 194 0
5316 178 182 0
5317 178 183 0
5318 178 193 0
5319 178 180 0
5320 178 194 0
5321 178 178 0
5322 178 178 0
5323 178 178 0
5324 178 178 0
5325 178 178 0
5326 178 183 0
5327 178 182 0
5328 178 179 0
5329 178 178 0
5330 178 178 0
5331 178 187 0
5332 178 178 0
5333 178 178 0
5334 178 182 0
5335 178 178 0
5336 178 180 0
5337 178 180 0
5338 178 183 0
5339 178 192 0
5340 178 178 0
5341 178 181 0
5342 178 189 0
5343 178 179 0
5344 178 192 0
5345 178 190 0
5346 178 178 0
5347 178 181 0
5348 178 178 0
5349 178 192 0
5350 178 178 0
5351 178 179 0
5352 178 178 0
5353 178 181 0
5354 178 183 0
5355 178 190 0
5356 178 178 0
5357 178 179 0
5358 178 178 0
5359 178 178 0
5360 178 179 0
5361 178 186 0
5362 178 178 0
5363 178 188 0
5364 178 178 0
5365 178 178 0
5366 178 178 0
5367 178 178 0
5368 178 178 0
5369 178 178 0
5370 178 179 0
5371 178 178 0
5372 178 179 0
5373 178 178 0
5374 178 180 0
5375 178 181 0
5376 178 178 0
5377 178 179 0
5378 178 178 0
5379 178 182 0
5380 178 182 0
5381 178 178 0
5382 178 178 0
5383 178 178 0
5384 178 178 0
5385 178 178 0
5386 178 178 0
5387 178 178 0
5388 178 182 0
5389 178 178 0
5390 178 178 0
5391 178 187 0
5392 178 180 0
5393 178 184 0
5394 178 182 0
5395 178 179 0
5396 178 180 0
5397 179 185 0
5398 179 179 0
5399 179 186 0
5400 179 185 0
5401 179 193 0
5402 179 179 0
5403 179 194 0
5404 179 179 0
5405 179 183 0
5406 179 179 0
5407 179 179 0
5408 179 179 0
5409 179 179 0
5410 179 179 0
5411 179 179 0
5412 179 179 0
5413 179 184 0
5414 179 179 0
5415 179 180 0
5416 179 189 0
5417 179 179 0
5418 179 184 0
5419 179 179 0
5420 179 183 0
5421 179 179 0
5422 179 179 0
5423 179 179 0
5424 179 179 0
5425 179 188 0
5426 179 179 0
5427 179 179 0
5428 179 182 0
5429 179 183 0
5430 179 180 0
5431 179 179 0
5432 179 181 0
5433 179 179 0
5434 179 182 0
5435 179 179 0
5436 179 179 0
5437 179 179 0
5438 179 190 0
5439 179 188 0
5440 179 180 0
5441 179 179 0
5442 179 187 0
5443 179 179 0
5444 179 181 0
5445 179 179 0
5446 179 180 0
5447 179 179 0
5448 179 181 0
5449 179 179 0
5450 179 180 0
5451 179 179 0
5452 179 180 0
5453 179 182 0
5454 179 179 0
5455 179 179 0
5456 179 188 0
5457 179 179 0
5458 179 179 0
5459 179 179 0
5460 179 179 0
5461 179 179 0
5462 179 180 0
5463 179 183 0
5464 179 191 0
5465 179 179 0
5466 179 179 0
5467 179 183 0
5468 179 179 0
5469 179 179 0
5470 179 189 0
5471 179 182 0
5472 179 179 0
5473 179 179 0
5474 179 179 0
5475 179 179 0
5476 179 179 0
5477 180 184 0
5478 180 189 0
5479 180 182 0
5480 180 182 0
5481 180 189 0
5482 180 194 0
5483 180 184 0
5484 180 184 0
5485 180 194 0
5486 180 184 0
5487 180 185 0
5488 180 184 0
5489 180 188 0
5490 180 181 0
5491 180 181 5218
5492 180 180 5218
5493 180 189 0
5494 180 180 0
5495 180 187 0
5496 180 184 0
5497 180 184 0
5498 180 184 0
5499 180 180 0
5500 180 183 0
5501 180 180 0
5502 180 194 0
5503 180 184 0
5504 180 184 0
5505 180 181 0
5506 180 180 0
5507 180 182 0
5508 180 180 0
5509 180 180 0
5510 180 180 0
5511 180 185 0
5512 180 180 0
5513 180 184 0
5514 180 183 0
5515 180 190 0
5516 180 180 0
5517 180 194 0
5518 180 180 0
5519 180 180 0
5520 180 180 0
5521 180 183 0
5522 180 180 0
5523 180 180 0
5524 180 180 0
5525 180 180 0
5526 180 180 0
5527 180 194 0
5528 180 180 0
5529 180 183 0
5530 180 180 0
5531 180 180 0
5532 180 184 0
5533 180 180 0
5534 180 180 0
5535 180 180 0
5536 180 184 0
5537 180 180 0
5538 180 180 0
5539 180 181 0
5540 180 180 0
5541 180 180 0
5542 180 193 0
5543 180 182 0
5544 180 184 0
5545 180 180 0
5546 180 185 0
5547 180 180 0
5548 180 181 0
5549 180 182 0
5550 180 181 0
5551 180 182 0
5552 180 180 0
5553 180 185 0
5554 180 180 0
5555 180 182 0
5556 180 180 0
5557 180 180 0
5558 180 180 0
5559 180 180 0
5560 180 180 0
5561 180 180 0
5562 180 187 0
5563 180 184 0
5564 180 180 0
5565 180 180 0
5566 180 180 0
5567 180 180 0
5568 180 180 0
5569 180 181 0
5570 180 184 0
5571 180 180 0
5572 180 187 0
5573 180 180 0
5574 180 182 0
5575 180 189 0
5576 180 180 0
5577 180 188 0
5578 180 180 0
5579 180 180 0
5580 180 180 0
5581 180 180 0
5582 180 180 0
5583 180 181 0
5584 180 180 0
5585 180 180 0
5586 180 185 0
5587 180 180 0
5588 180 180 0
5589 180 181 0
5590 180 180 0
5591 180 193 0
5592 180 181 0
5593 180 182 0
5594 181 191 0
5595 181 184 0
5596 181 182 0
5597 181 182 0
5598 181 185 0
5599 181 185 0
5600 181 184 0
5601 181 181 0
5602 181 190 0
5603 181 194 0
5604 181 190 0
5605 181 190 0
5606 181 181 0
5607 181 181 0
5608 181 190 0
5609 181 181 0
5610 181 181 0
5611 181 189 0
5612 181 194 0
5613 181 185 0
5614 181 181 0
5615 181 182 0
5616 181 184 0
5617 181 181 0
5618 181 191 0
5619 181 181 0
5620 181 181 0
5621 181 181 0
5622 181 181 0
5623 181 181 0
5624 181 183 0
5625 181 182 0
5626 181 181 0
5627 181 186 0
5628 181 185 0
5629 181 194 0
5630 181 181 0
5631 181 181 0
5632 181 181 0
5633 181 181 0
5634 181 190 0
5635 181 182 0
5636 181 181 0
5637 181 182 0
5638 181 183 0
5639 181 181 0
5640 181 181 0
5641 181 181 0
5642 181 181 0
5643 181 185 0
5644 181 182 0
5645 181 181 0
5646 181 186 0
5647 181 181 0
5648 181 181 0
5649 181 181 0
5650 181 183 0
5651 181 185 0
5652 181 181 0
5653 181 181 0
5654 181 185 0
5655 181 181 0
5656 181 182 0
5657 181 181 0
5658 181 185 0
5659 181 184 0
5660 181 181 0
5661 181 181 0
5662 181 182 0
5663 181 181 0
5664 181 188 0
5665 181 181 0
5666 181 188 0
5667 181 184 0
5668 181 181 0
5669 181 181 0
5670 181 181 0
5671 181 181 0
5672 181 181 0
5673 181 181 0
5674 181 182 0
5675 181 190 0
5676 181 185 0
5677 181 181 0
5678 181 181 0
5679 181 181 0
5680 181 181 0
5681 181 181 0
5682 181 181 0
5683 181 181 0
5684 181 181 0
5685 181 181 0
5686 181 185 0
5687 181 181 0
5688 181 181 0
5689 181 184 0
5690 181 181 0
5691 181 181 0
5692 181 181 0
5693 181 182 0
5694 181 181 0
5695 181 181 0
5696 181 190 0
5697 181 181 0
5698 181 181 0
5699 181 194 0
5700 182 186 0
5701 182 186 0
5702 182 194 0
5703 182 194 0
5704 182 194 0
5705 182 190 0
5706 182 194 0
5707 182 182 0
5708 182 194 0
5709 182 186 0
5710 182 186 0
5711 182 186 0
5712 182 192 0
5713 182 184 0
5714 182 194 0
5715 182 194 0
5716 182 182 0
5717 182 185 0
5718 182 186 0
5719 182 182 0
5720 182 186 0
5721 182 191 0
5722 182 185 0
5723 182 185 5077
5724 182 182 5077
5725 182 182 0
5726 182 182 0
5727 182 182 0
5728 182 182 0
5729 182 182 0
5730 182 182 0
5731 182 182 0
5732 182 182 0
5733 182 182 0
5734 182 182 0
5735 182 193 0
5736 182 184 0
5737 182 182 0
5738 182 182 0
5739 182 182 0
5740 182 185 0
5741 182 182 0
5742 182 194 0
5743 182 182 0
5744 182 184 0
5745 182 184 0
5746 182 182 0
5747 182 194 0
5748 182 182 0
5749 182 182 0
5750 182 182 0
5751 182 182 0
5752 182 182 0
5753 182 183 0
5754 182 183 0
5755 182 184 0
5756 182 182 0
5757 182 182 0
5758 182 182 0
5759 182 182 0
5760 182 182 0
5761 182 183 0
5762 182 182 0
5763 182 184 0
5764 182 182 0
5765 182 182 0
5766 182 182 0
5767 182 185 0
5768 182 182 0
5769 182 188 0
5770 182 186 0
5771 182 182 0
5772 182 193 0
5773 182 182 0
5774 182 182 0
5775 182 182 0
5776 182 182 0
5777 182 185 0
5778 182 191 0
5779 182 187 0
5780 182 190 0
5781 182 182 0
5782 182 187 0
5783 182 183 0
5784 182 187 0
5785 182 182 0
5786 182 187 0
5787 182 185 0
5788 182 182 0
5789 182 182 0
5790 182 186 0
5791 182 185 0
5792 182 184 0
5793 182 182 0
5794 182 188 0
5795 182 182 0
5796 182 182 0
5797 182 183 0
5798 182 182 0
5799 182 185 0
5800 182 182 0
5801 182 182 0
5802 182 191 0
5803 182 188 0
5804 182 182 0
5805 182 182 0
5806 182 183 0
5807 182 182 0
5808 182 182 0
5809 182 182 0
5810 182 184 0
5811 182 183 0
5812 182 186 0
5813 182 186 0
5814 182 182 0
5815 182 182 0
5816 182 185 0
5817 182 182 0
5818 182 182 0
5819 182 182 0
5820 182 191 0
5821 182 182 0
5822 182 194 0
5823 182 182 0
5824 182 182 0
5825 182 182 0
5826 182 186 0
5827 182 184 0
5828 182 182 0
5829 182 182 0
5830 183 183 0
5831 183 186 0
5832 183 194 0
5833 183 187 0
5834 183 185 0
5835 183 187 0
5836 183 194 0
5837 183 183 0
5838 183 183 0
5839 183 187 0
5840 183 194 0
5841 183 187 0
5842 183 192 0
5843 183 183 0
5844 183 183 0
5845 183 183 0
5846 183 194 0
5847 183 194 0
5848 183 183 0
5849 183 187 0
5850 183 183 0
5851 183 183 0
5852 183 194 0
5853 183 183 0
5854 183 187 0
5855 183 183 0
5856 183 187 0
5857 183 194 0
5858 183 183 0
5859 183 185 0
5860 183 183 0
5861 183 194 0
5862 183 185 0
5863 183 183 0
5864 183 186 0
5865 183 183 0
5866 183 192 0
5867 183 186 0
5868 183 190 0
5869 183 184 0
5870 183 183 0
5871 183 187 0
5872 183 183 0
5873 183 190 0
5874 183 183 0
5875 183 187 0
5876 183 187 0
5877 183 188 0
5878 183 184 0
5879 183 183 0
5880 183 183 0
5881 183 184 0
5882 183 184 0
5883 183 183 0
5884 183 183 0
5885 183 194 0
5886 183 183 0
5887 183 186 0
5888 183 183 0
5889 183 183 0
5890 183 187 0
5891 183 183 0
5892 183 183 0
5893 183 185 0
5894 183 187 0
5895 183 183 0
5896 183 183 0
5897 183 191 0
5898 183 184 0
5899 183 187 0
5900 183 189 0
5901 183 183 0
5902 183 187 0
5903 183 187 0
5904 183 185 0
5905 183 183 0
5906 183 183 0
5907 183 183 0
5908 183 183 0
5909 183 183 0
5910 183 183 0
5911 183 187 0
5912 183 183 0
5913 183 183 0
5914 183 183 0
5915 183 183 0
5916 183 187 0
5917 183 183 0
5918 183 183 0
5919 183 188 0
5920 183 187 0
5921 183 187 0
5922 183 187 0
5923 184 194 0
5924 184 194 0
5925 184 188 0
5926 184 185 0
5927 184 188 0
5928 184 188 0
5929 184 189 0
5930 184 188 0
5931 184 193 0
5932 184 188 0
5933 184 194 0
5934 184 194 0
5935 184 184 0
5936 184 184 0
5937 184 184 0
5938 184 184 0
5939 184 192 0
5940 184 184 0
5941 184 184 0
5942 184 187 0
5943 184 184 0
5944 184 184 0
5945 184 187 0
5946 184 185 0
5947 184 184 0
5948 184 184 0
5949 184 184 0
5950 184 184 0
5951 184 184 0
5952 184 184 0
5953 184 184 0
5954 184 184 0
5955 184 184 0
5956 184 185 0
5957 184 184 0
5958 184 185 0
5959 184 184 0
5960 184 188 0
5961 184 184 0
5962 184 190 0
5963 184 188 0
5964 184 184 0
5965 184 184 0
5966 184 194 0
5967 184 194 0
5968 184 188 0
5969 184 184 0
5970 184 184 0
5971 184 185 0
5972 184 194 0
5973 184 193 0
5974 184 184 0
5975 184 184 0
5976 184 184 0
5977 184 184 0
5978 184 194 0
5979 184 185 0
5980 184 184 0
5981 184 184 0
5982 184 184 0
5983 184 184 0
5984 184 184 0
5985 184 185 0
5986 184 184 0
5987 184 193 0
5988 184 185 0
5989 184 184 0
5990 184 184 0
5991 184 184 0
5992 184 184 0
5993 184 184 0
5994 184 184 0
5995 184 184 0
5996 184 184 0
5997 184 184 0
5998 184 184 0
5999 184 188 0
6000 184 185 0
6001 184 184 0
6002 184 184 0
6003 184 184 0
6004 184 188 0
6005 184 194 0
6006 184 184 0
6007 184 187 0
6008 184 185 0
6009 185 190 0
6010 185 189 0
6011 185 194 0
6012 185 194 0
6013 185 190 0
6014 185 191 0
6015 185 194 0
6016 185 189 0
6017 185 187 0
6018 185 190 0
6019 185 194 0
6020 185 193 0
6021 185 186 0
6022 185 187 0
6023 185 186 0
6024 185 185 0
6025 185 185 0
6026 185 189 0
6027 185 185 0
6028 185 187 0
6029 185 189 0
6030 185 185 0
6031 185 185 0
6032 185 194 0
6033 185 185 0
6034 185 189 0
6035 185 189 0
6036 185 185 0
6037 185 185 0
6038 185 188 0
6039 185 185 0
6040 185 186 0
6041 185 186 0
6042 185 186 0
6043 185 193 0
6044 185 186 0
6045 185 189 0
6046 185 185 0
6047 185 185 0
6048 185 189 0
6049 185 185 0
6050 185 185 0
6051 185 185 0
6052 185 185 0
6053 185 185 0
6054 185 185 0
6055 185 185 0
6056 185 194 0
6057 185 187 0
6058 185 185 0
6059 185 186 0
6060 185 185 0
6061 185 185 0
6062 185 185 0
6063 185 185 0
6064 185 185 0
6065 185 185 0
6066 185 189 0
6067 185 185 0
6068 185 192 0
6069 185 185 0
6070 185 187 0
6071 185 187 0
6072 185 185 0
6073 185 185 0
6074 185 189 0
6075 185 185 0
6076 185 185 0
6077 185 185 0
6078 185 185 0
6079 185 189 0
6080 185 186 0
6081 185 185 0
6082 185 185 0
6083 185 189 0
6084 185 189 0
6085 185 185 0
6086 185 185 0
6087 185 187 0
6088 185 186 0
6089 185 185 0
6090 185 185 0
6091 185 192 0
6092 185 185 0
6093 185 189 0
6094 185 185 0
6095 185 185 0
6096 186 190 0
6097 186 186 0
6098 186 194 0
6099 186 190 0
6100 186 187 0
6101 186 194 0
6102 186 187 0
6103 186 194 0
6104 186 187 0
6105 186 190 0
6106 186 189 0
6107 186 191 0
6108 186 191 0
6109 186 190 0
6110 186 186 0
6111 186 194 0
6112 186 190 0
6113 186 186 0
6114 186 186 0
6115 186 190 0
6116 186 190 0
6117 186 186 0
6118 186 186 0
6119 186 186 0
6120 186 186 0
6121 186 186 0
6122 186 186 0
6123 186 186 0
6124 186 191 0
6125 186 188 0
6126 186 194 0
6127 186 186 0
6128 186 186 0
6129 186 186 0
6130 186 186 0
6131 186 186 0
6132 186 186 0
6133 186 186 0
6134 186 189 0
6135 186 186 0
6136 186 186 0
6137 186 186 0
6138 186 186 0
6139 186 187 0
6140 186 186 0
6141 186 188 0
6142 186 193 0
6143 186 186 0
6144 186 187 0
6145 186 186 0
6146 186 186 0
6147 186 186 0
6148 186 194 0
6149 186 186 0
6150 186 186 0
6151 186 190 0
6152 186 186 0
6153 186 186 0
6154 186 194 0
6155 186 186 0
6156 186 186 0
6157 186 194 0
6158 186 189 0
6159 186 186 0
6160 186 186 0
6161 186 187 0
6162 186 187 0
6163 186 186 0
6164 186 194 0
6165 186 188 0
6166 186 187 0
6167 186 194 0
6168 186 190 0
6169 186 186 0
6170 186 186 0
6171 186 190 0
6172 186 189 0
6173 186 189 0
6174 186 186 0
6175 186 191 0
6176 186 186 0
6177 186 188 0
6178 186 186 0
6179 186 186 0
6180 186 186 0
6181 186 186 0
6182 186 186 0
6183 186 186 0
6184 186 194 0
6185 186 186 0
6186 186 186 0
6187 186 188 0
6188 186 186 0
6189 186 186 0
6190 186 188 0
6191 186 186 0
6192 187 194 0
6193 187 194 0
6194 187 194 0
6195 187 194 0
6196 187 191 0
6197 187 191 0
6198 187 190 0
6199 187 191 0
6200 187 190 0
6201 187 191 0
6202 187 194 0
6203 187 189 0
6204 187 194 0
6205 187 187 0
6206 187 187 0
6207 187 187 0
6208 187 187 0
6209 187 187 0
6210 187 187 0
6211 187 191 0
6212 187 187 0
6213 187 187 0
6214 187 189 0
6215 187 188 0
6216 187 192 0
6217 187 187 0
6218 187 187 0
6219 187 192 0
6220 187 189 0
6221 187 188 0
6222 187 191 0
6223 187 187 0
6224 187 187 0
6225 187 187 0
6226 187 188 0
6227 187 194 0
6228 187 194 0
6229 187 187 0
6230 187 187 0
6231 187 187 0
6232 187 187 0
6233 187 187 0
6234 187 190 0
6235 187 188 0
6236 187 187 0
6237 187 188 0
6238 187 187 0
6239 187 188 0
6240 187 187 0
6241 187 188 0
6242 187 187 0
6243 187 191 0
6244 187 187 0
6245 187 187 0
6246 187 187 0
6247 187 187 0
6248 187 187 0
6249 187 187 0
6250 187 187 0
6251 187 187 0
6252 187 188 0
6253 187 194 0
6254 187 187 0
6255 187 188 0
6256 187 187 0
6257 187 187 0
6258 187 194 0
6259 187 187 0
6260 187 188 0
6261 187 189 0
6262 187 187 0
6263 187 187 0
6264 187 189 0
6265 187 187 0
6266 187 190 0
6267 187 191 0
6268 187 187 0
6269 187 187 0
6270 187 191 0
6271 187 190 0
6272 187 187 0
6273 187 187 0
6274 187 189 0
6275 187 187 0
6276 187 191 0
6277 187 191 0
6278 187 190 0
6279 187 187 0
6280 187 194 0
6281 188 194 0
6282 188 194 0
6283 188 193 0
6284 188 194 0
6285 188 192 0
6286 188 188 0
6287 188 192 0
6288 188 194 0
6289 188 192 0
6290 188 188 0
6291 188 192 0
6292 188 193 0
6293 188 192 0
6294 188 188 0
6295 188 192 0
6296 188 192 0
6297 188 192 0
6298 188 188 0
6299 188 194 0
6300 188 188 0
6301 188 188 0
6302 188 188 0
6303 188 188 0
6304 188 188 0
6305 188 188 0
6306 188 188 0
6307 188 188 0
6308 188 188 0
6309 188 188 0
6310 188 192 0
6311 188 188 0
6312 188 188 0
6313 188 188 0
6314 188 188 0
6315 188 188 0
6316 188 188 0
6317 188 188 0
6318 188 188 0
6319 188 188 0
6320 188 188 0
6321 188 188 0
6322 188 188 0
6323 188 190 0
6324 188 188 0
6325 188 188 0
6326 188 188 0
6327 188 188 0
6328 188 194 0
6329 188 188 0
6330 188 190 0
6331 188 188 0
6332 188 192 0
6333 188 188 0
6334 188 191 0
6335 188 188 0
6336 188 190 0
6337 188 189 0
6338 188 194 0
6339 188 188 0
6340 188 188 0
6341 188 188 0
6342 188 188 0
6343 188 188 0
6344 188 188 0
6345 188 189 0
6346 188 188 0
6347 188 188 0
6348 188 188 0
6349 188 188 0
6350 188 188 0
6351 188 188 0
6352 188 188 0
6353 188 188 0
6354 188 190 0
6355 188 188 0
6356 188 188 0
6357 188 191 0
6358 188 188 0
6359 188 188 0
6360 188 189 0
6361 188 193 0
6362 188 188 0
6363 188 188 0
6364 188 188 0
6365 188 194 0
6366 188 188 0
6367 189 194 0
6368 189 193 0
6369 189 194 0
6370 189 191 0
6371 189 194 0
6372 189 194 0
6373 189 194 0
6374 189 194 0
6375 189 191 0
6376 189 194 0
6377 189 189 0
6378 189 193 0
6379 189 189 0
6380 189 193 0
6381 189 194 0
6382 189 193 0
6383 189 189 0
6384 189 191 0
6385 189 189 0
6386 189 190 0
6387 189 189 0
6388 189 189 0
6389 189 190 0
6390 189 193 0
6391 189 189 0
6392 189 193 0
6393 189 194 0
6394 189 190 0
6395 189 193 0
6396 189 189 0
6397 189 191 0
6398 189 193 0
6399 189 189 0
6400 189 189 0
6401 189 189 0
6402 189 189 0
6403 189 191 0
6404 189 190 0
6405 189 192 0
6406 189 189 0
6407 189 189 0
6408 189 189 0
6409 189 189 0
6410 189 189 0
6411 189 189 0
6412 189 189 0
6413 189 189 0
6414 189 189 0
6415 189 189 0
6416 189 194 0
6417 189 194 0
6418 189 192 0
6419 189 190 0
6420 189 194 0
6421 189 189 0
6422 189 194 0
6423 189 194 0
6424 189 189 0
6425 189 189 0
6426 189 190 0
6427 189 189 0
6428 189 190 0
6429 189 189 0
6430 189 189 0
6431 189 194 0
6432 189 190 0
6433 189 189 0
6434 189 189 0
6435 189 190 0
6436 189 191 0
6437 189 189 0
6438 189 193 0
6439 189 189 0
6440 189 194 0
6441 189 189 0
6442 189 193 0
6443 189 189 0
6444 189 191 0
6445 189 189 0
6446 189 189 0
6447 189 189 0
6448 189 189 0
6449 189 194 0
6450 189 189 0
6451 189 190 0
6452 189 189 0
6453 189 189 0
6454 189 189 0
6455 189 189 0
6456 189 189 0
6457 189 189 0
6458 189 189 0
6459 189 189 0
6460 189 189 0
6461 189 189 0
6462 189 189 0
6463 189 189 0
6464 189 189 0
6465 189 190 0
6466 189 191 0
6467 189 189 0
6468 189 189 0
6469 190 194 0
6470 190 194 0
6471 190 194 0
6472 190 194 0
6473 190 194 0
6474 190 194 0
6475 190 194 0
6476 190 192 0
6477 190 192 0
6478 190 194 0
6479 190 194 0
6480 190 194 0
6481 190 194 0
6482 190 194 0
6483 190 194 0
6484 190 194 0
6485 190 194 0
6486 190 194 0
6487 190 192 0
6488 190 190 0
6489 190 190 0
6490 190 190 0
6491 190 190 0
6492 190 190 0
6493 190 190 0
6494 190 190 0
6495 190 190 0
6496 190 190 0
6497 190 193 0
6498 190 190 0
6499 190 190 0
6500 190 191 0
6501 190 194 0
6502 190 192 0
6503 190 190 0
6504 190 190 0
6505 190 190 0
6506 190 190 0
6507 190 192 0
6508 190 190 0
6509 190 190 0
6510 190 190 0
6511 190 190 0
6512 190 191 0
6513 190 190 0
6514 190 194 0
6515 190 190 0
6516 190 191 0
6517 190 190 0
6518 190 190 0
6519 190 193 0
6520 190 194 0
6521 190 190 0
6522 190 194 0
6523 190 190 0
6524 190 190 0
6525 190 190 0
6526 190 190 0
6527 190 193 0
6528 190 190 0
6529 190 192 0
6530 190 190 0
6531 190 191 0
6532 190 190 0
6533 190 192 0
6534 190 194 0
6535 190 190 0
6536 190 190 0
6537 190 190 0
6538 190 190 0
6539 190 190 0
6540 190 190 0
6541 190 194 0
6542 190 192 0
6543 190 193 0
6544 190 190 0
6545 190 190 0
6546 190 192 0
6547 190 190 0
6548 190 190 0
6549 190 194 0
6550 190 194 0
6551 190 191 0
6552 190 191 0
6553 190 190 0
6554 190 190 0
6555 190 190 0
6556 190 194 0
6557 190 190 0
6558 190 194 0
6559 190 190 0
6560 190 194 0
6561 190 194 0
6562 191 191 0
6563 191 194 0
6564 191 194 0
6565 191 194 0
6566 191 194 0
6567 191 194 0
6568 191 194 0
6569 191 194 0
6570 191 194 0
6571 191 194 0
6572 191 194 0
6573 191 194 0
6574 191 194 0
6575 191 194 0
6576 191 194 0
6577 191 194 0
6578 191 191 0
6579 191 194 0
6580 191 194 0
6581 191 191 0
6582 191 191 0
6583 191 194 0
6584 191 191 0
6585 191 191 0
6586 191 191 0
6587 191 191 0
6588 191 194 0
6589 191 192 0
6590 191 191 0
6591 191 191 0
6592 191 191 0
6593 191 192 0
6594 191 194 0
6595 191 191 0
6596 191 192 0
6597 191 194 0
6598 191 191 0
6599 191 194 0
6600 191 191 0
6601 191 194 0
6602 191 191 0
6603 191 191 0
6604 191 191 0
6605 191 191 0
6606 191 194 0
6607 191 194 0
6608 191 192 0
6609 191 191 0
6610 191 192 0
6611 191 191 0
6612 191 194 0
6613 191 191 0
6614 191 192 0
6615 191 191 0
6616 191 194 0
6617 191 192 0
6618 191 191 0
6619 191 191 0
6620 191 191 0
6621 191 194 0
6622 191 191 0
6623 191 191 0
6624 191 193 0
6625 191 191 0
6626 191 191 0
6627 191 194 0
6628 191 191 0
6629 191 194 0
6630 191 194 0
6631 191 191 0
6632 191 191 0
6633 191 194 0
6634 191 191 0
6635 191 191 0
6636 191 191 0
6637 191 191 0
6638 191 191 0
6639 191 191 0
6640 191 191 0
6641 191 191 0
6642 191 194 0
6643 191 191 0
6644 191 191 0
6645 191 191 0
6646 191 193 0
6647 191 191 0
6648 191 194 0
6649 191 193 0
6650 191 193 0
6651 191 191 0
6652 191 191 0
6653 191 191 0
6654 191 194 0
6655 191 191 0
6656 191 192 0
6657 191 191 0
6658 191 194 0
6659 191 191 0
6660 191 191 0
6661 191 191 0
6662 191 191 0
6663 191 194 0
6664 191 194 0
6665 191 191 0
6666 191 194 0
6667 191 194 0
6668 191 191 0
6669 191 191 0
6670 192 194 0
6671 192 194 0
6672 192 194 0
6673 192 194 0
6674 192 194 0
6675 192 194 0
6676 192 194 0
6677 192 192 0
6678 192 193 0
6679 192 194 0
6680 192 194 0
6681 192 194 0
6682 192 194 0
6683 192 192 0
6684 192 192 0
6685 192 192 0
6686 192 193 0
6687 192 192 0
6688 192 192 0
6689 192 192 0
6690 192 192 0
6691 192 193 0
6692 192 194 0
6693 192 192 0
6694 192 194 0
6695 192 192 0
6696 192 192 0
6697 192 192 0
6698 192 192 0
6699 192 194 0
6700 192 194 0
6701 192 193 0
6702 192 193 0
6703 192 194 0
6704 192 194 0
6705 192 192 0
6706 192 194 0
6707 192 193 0
6708 192 192 0
6709 192 192 0
6710 192 193 0
6711 192 192 0
6712 192 193 0
6713 192 192 0
6714 192 194 0
6715 192 192 0
6716 192 192 0
6717 192 194 0
6718 192 194 0
6719 192 192 0
6720 192 194 0
6721 192 192 0
6722 192 192 0
6723 192 193 0
6724 192 192 0
6725 192 194 0
6726 192 192 0
6727 192 192 0
6728 192 194 0
6729 192 192 0
6730 192 192 0
6731 192 192 0
6732 192 193 0
6733 192 192 0
6734 192 192 0
6735 192 192 0
6736 192 194 0
6737 192 192 0
6738 192 192 0
6739 192 193 0
6740 192 192 0
6741 192 192 0
6742 192 194 0
6743 192 192 0
6744 192 193 0
6745 192 192 0
6746 192 192 0
6747 192 192 0
6748 192 192 0
6749 192 194 0
6750 192 194 0
6751 192 194 0
6752 192 192 0
6753 192 192 0
6754 192 192 0
6755 192 192 0
6756 192 192 0
6757 192 193 0
6758 192 192 0
6759 192 194 0
6760 192 194 0
6761 192 192 0
6762 192 193 0
6763 192 192 0
6764 192 192 0
6765 193 193 0
6766 193 194 0
6767 193 193 0
6768 193 194 0
6769 193 193 0
6770 193 194 0
6771 193 193 0
6772 193 194 0
6773 193 194 0
6774 193 194 0
6775 193 193 0
6776 193 194 6502
6777 193 194 6502
6778 193 193 0
6779 193 194 0
6780 193 193 0
6781 193 194 0
6782 193 193 0
6783 193 193 0
6784 193 193 0
6785 193 194 0
6786 193 193 0
6787 193 194 0
6788 193 194 0
6789 193 193 0
6790 193 193 0
6791 193 193 0
6792 193 194 0
6793 193 193 0
6794 193 193 0
6795 193 194 0
6796 193 194 0
6797 193 193 0
6798 193 194 0
6799 193 194 0
6800 193 193 0
6801 193 194 0
6802 193 193 0
6803 193 193 0
6804 193 194 0
6805 193 193 0
6806 193 194 0
6807 193 194 0
6808 193 193 0
6809 193 193 0
6810 193 194 0
6811 193 193 0
6812 193 194 0
6813 193 193 0
6814 193 193 0
6815 193 193 0
6816 193 193 0
6817 193 193 0
6818 193 193 0
6819 193 194 0
6820 193 193 0
6821 193 193 0
6822 193 193 0
6823 193 193 0
6824 193 193 0
6825 193 193 0
6826 193 193 0
6827 193 193 0
6828 193 194 0
6829 193 194 0
6830 193 193 0
6831 193 193 0
6832 193 193 0
6833 193 193 0
6834 193 193 0
6835 193 193 0
6836 193 193 0
6837 193 193 0
6838 193 193 0
6839 193 193 0
6840 193 193 0
6841 193 194 0
6842 193 193 0
6843 193 193 0
6844 193 193 0
6845 193 194 0
6846 193 193 0
6847 193 194 0
6848 193 194 0
6849 193 193 0
6850 193 193 0
6851 193 193 0
6852 193 194 0
6853 193 193 0
6854 193 193 0
6855 193 193 0
6856 193 193 0
6857 193 194 0
6858 194 194 0
6859 194 194 0
6860 194 194 0
6861 194 194 0
6862 194 194 0
6863 194 194 0
6864 194 194 0
6865 194 194 0
6866 194 194 0
6867 194 194 0
6868 194 194 0
6869 194 194 0
6870 194 194 0
6871 194 194 0
6872 194 194 0
6873 194 194 0
6874 194 194 0
6875 194 194 0
6876 194 194 0
6877 194 194 0
6878 194 194 0
6879 194 194 0
6880 194 194 0
6881 194 194 0
6882 194 194 0
6883 194 194 0
6884 194 194 0
6885 194 194 0
6886 194 194 0
6887 194 194 0
6888 194 194 0
6889 194 194 0
6890 194 194 0
6891 194 194 0
6892 194 194 0
6893 194 194 0
6894 194 194 0
6895 194 194 0
6896 194 194 0
6897 194 194 0
6898 194 194 0
6899 194 194 0
6900 194 194 0
6901 194 194 0
6902 194 194 0
6903 194 194 0
6904 194 194 0
6905 194 194 0
6906 194 194 0
6907 194 194 0
6908 194 194 0
6909 194 194 0
6910 194 194 0
6911 194 194 0
6912 194 194 0
6913 194 194 0
6914 194 194 0
6915 194 194 0
6916 194 194 0
6917 194 194 0
6918 194 194 0
6919 194 194 0
6920 194 194 0
6921 194 194 0
6922 194 194 0
6923 194 194 0
6924 194 194 0
6925 194 194 0
6926 194 194 0
6927 194 194 0
6928 194 194 0
6929 194 194 0
6930 194 194 0
6931 194 194 0
6932 194 194 0
6933 194 194 0
6934 194 194 0
6935 194 194 0
6936 194 194 0
6937 194 194 0
6938 194 194 0
6939 194 194 0
6940 194 194 0
6941 194 194 0
6942 194 194 0
6943 194 194 0
6944 194 194 0
6945 194 194 0
6946 194 194 0
6947 194 194 0
6948 194 194 0
6949 194 194 0
6950 194 194 0
6951 194 194 0
6952 194 194 0
6953 194 194 0
6954 194 194 0
6955 194 194 0
6956 194 194 0
6957 194 194 0
6958 194 194 0
6959 194 194 0
6960 194 194 0
6961 194 194 0
6962 194 194 0
