1 0 0 0
2 0 4 0
3 0 2 0
4 0 3 0
5 0 0 0
6 1 1 5
7 1 2 5
8 3 3 7
9 3 3 7
10 3 3 0
11 4 8 10
12 4 7 10
13 4 5 4
14 4 5 4
15 4 4 8
16 4 4 8
17 5 5 0
18 5 5 0
19 6 12 14
20 6 6 14
21 6 6 18
22 6 6 18
23 6 6 0
24 6 9 0
25 7 8 22
26 7 9 22
27 7 11 0
28 8 11 0
29 9 11 0
30 9 11 0
31 10 10 26
32 10 11 26
33 10 10 0
34 10 10 0
35 10 10 0
36 10 10 0
37 10 10 0
38 11 14 0
39 11 11 0
40 11 13 0
41 12 12 0
42 12 12 0
43 12 16 0
44 12 12 0
45 12 14 0
46 12 12 0
47 12 12 0
48 12 12 0
49 12 17 0
50 12 12 0
51 12 12 0
52 13 13 19
53 13 16 19
54 13 14 0
55 13 13 0
56 13 16 0
57 13 13 0
58 13 13 0
59 13 13 0
60 14 14 0
61 14 17 0
62 14 17 0
63 15 16 0
64 15 16 0
65 15 16 0
66 17 18 0
67 17 20 0
68 17 17 0
69 17 17 0
70 17 22 0
71 17 17 0
72 17 17 0
73 18 18 69
74 18 22 69
75 18 18 0
76 18 27 0
77 18 18 0
78 18 18 0
79 18 18 0
80 18 18 0
81 18 22 0
82 18 18 0
83 18 20 0
84 18 18 0
85 19 19 75
86 19 19 75
87 19 19 78
88 19 19 78
89 19 23 0
90 19 20 0
91 19 19 0
92 19 22 0
93 19 20 0
94 19 22 0
95 20 20 87
96 20 24 87
97 20 24 0
98 21 22 0
99 21 22 0
100 21 22 0
101 21 21 0
102 22 22 0
103 23 23 94
104 23 23 94
105 23 23 0
106 23 32 0
107 23 23 0
108 23 25 0
109 23 23 0
110 23 23 0
111 23 27 0
112 24 24 0
113 24 24 104
114 24 24 104
115 24 25 0
116 24 28 0
117 24 25 0
118 24 25 0
119 24 33 0
120 25 33 0
121 25 32 0
122 25 25 0
123 25 26 0
124 25 28 0
125 25 25 0
126 25 25 0
127 25 25 0
128 26 26 108
129 26 30 108
130 26 27 0
131 26 26 0
132 26 27 0
133 26 26 0
134 26 26 0
135 26 26 0
136 27 28 0
137 27 28 0
138 27 27 0
139 27 31 0
140 28 28 0
141 28 28 132
142 28 28 132
143 28 28 0
144 28 32 0
145 28 28 0
146 29 29 141
147 29 29 141
148 29 29 0
149 29 29 0
150 29 32 0
151 29 33 0
152 29 31 0
153 29 32 0
154 29 32 0
155 30 31 0
156 30 32 0
157 30 31 0
158 30 33 0
159 30 33 0
160 31 34 0
161 32 34 0
162 32 32 0
163 32 32 0
164 32 35 0
165 32 32 0
166 33 39 0
167 33 33 0
168 33 44 0
169 33 34 0
170 33 33 0
171 33 34 0
172 33 33 0
173 33 33 0
174 33 33 0
175 34 35 159
176 34 34 159
177 34 34 0
178 34 34 0
179 34 34 0
180 34 34 0
181 34 34 0
182 34 34 0
183 34 34 0
184 34 34 0
185 35 37 177
186 35 35 177
187 35 35 178
188 35 36 178
189 35 35 180
190 35 36 180
191 35 35 182
192 35 40 182
193 35 45 183
194 35 35 183
195 35 35 0
196 35 36 0
197 35 38 0
198 35 36 0
199 35 39 0
200 35 36 0
201 35 35 0
202 35 35 0
203 35 37 0
204 35 39 0
205 35 35 0
206 35 39 0
207 35 35 0
208 35 35 0
209 36 39 201
210 36 36 201
211 36 37 0
212 36 36 0
213 36 37 0
214 36 36 0
215 36 37 0
216 36 36 0
217 36 37 0
218 36 44 0
219 36 36 0
220 36 40 0
221 36 40 0
222 36 37 0
223 36 40 0
224 37 37 198
225 37 37 198
226 37 41 190
227 37 37 190
228 37 37 0
229 37 50 0
230 37 37 0
231 37 37 0
232 37 38 0
233 38 39 0
234 38 43 0
235 38 38 217
236 38 38 217
237 38 38 0
238 38 42 0
239 38 38 0
240 38 38 0
241 38 44 0
242 38 38 0
243 38 41 0
244 38 38 0
245 38 41 0
246 39 50 0
247 39 43 0
248 39 42 0
249 39 39 0
250 39 40 0
251 39 48 0
252 39 40 0
253 39 48 0
254 40 44 0
255 40 42 0
256 40 51 0
257 40 42 0
258 40 42 0
259 40 44 0
260 41 47 0
261 41 54 250
262 41 41 250
263 41 53 0
264 41 41 0
265 42 49 0
266 42 42 0
267 42 52 0
268 42 44 0
269 42 42 0
270 42 46 0
271 42 44 0
272 42 42 0
273 43 47 0
274 43 43 248
275 43 43 248
276 43 46 0
277 43 43 0
278 43 45 0
279 43 45 0
280 43 43 0
281 43 44 0
282 43 43 0
283 43 44 0
284 43 43 0
285 43 43 0
286 44 50 274
287 44 44 274
288 44 44 0
289 44 44 0
290 45 46 0
291 45 49 271
292 45 49 271
293 45 55 218
294 45 45 218
295 45 45 0
296 45 49 0
297 45 48 0
298 45 53 0
299 45 45 0
300 45 60 0
301 46 50 0
302 46 50 0
303 46 50 0
304 46 54 0
305 46 48 0
306 46 47 0
307 47 51 0
308 47 51 0
309 47 47 0
310 48 55 0
311 48 55 0
312 48 59 0
313 49 53 0
314 49 51 297
315 49 49 297
316 49 51 0
317 49 51 0
318 50 51 0
319 50 54 0
320 50 53 0
321 50 50 265
322 50 51 265
323 50 50 0
324 51 55 0
325 51 51 0
326 51 52 0
327 51 53 0
328 51 58 0
329 51 51 0
330 51 51 0
331 51 60 0
332 52 55 0
333 52 56 0
334 52 53 0
335 52 52 329
336 52 52 329
337 52 56 316
338 52 52 316
339 52 55 0
340 52 54 0
341 52 55 0
342 52 56 0
343 52 52 0
344 52 56 0
345 52 56 0
346 53 57 0
347 53 53 0
348 53 57 0
349 53 56 0
350 54 56 0
351 54 57 0
352 54 54 0
353 54 56 0
354 54 58 0
355 54 54 0
356 54 54 0
357 55 62 0
358 55 55 304
359 55 59 304
360 55 59 355
361 55 55 355
362 55 56 261
363 55 55 261
364 55 55 0
365 55 59 0
366 55 59 0
367 55 57 0
368 55 55 0
369 56 58 0
370 56 59 0
371 56 57 0
372 56 56 0
373 56 56 293
374 56 56 293
375 56 56 0
376 56 59 0
377 56 58 0
378 56 57 0
379 57 57 0
380 57 57 0
381 57 58 0
382 57 58 0
383 57 61 0
384 57 57 0
385 57 58 0
386 57 61 0
387 57 57 0
388 57 57 0
389 57 57 0
390 57 57 0
391 57 61 0
392 57 57 0
393 58 60 0
394 58 59 0
395 58 58 371
396 58 58 371
397 58 59 351
398 58 61 351
399 58 58 390
400 58 58 390
401 58 62 367
402 58 58 367
403 58 59 0
404 58 58 0
405 58 58 0
406 58 59 0
407 58 62 0
408 58 62 0
409 59 59 396
410 59 59 396
411 59 59 395
412 59 62 395
413 59 60 400
414 59 70 400
415 59 59 377
416 59 59 377
417 59 63 0
418 59 59 0
419 59 63 385
420 59 61 385
421 59 63 0
422 59 63 0
423 59 59 0
424 59 63 0
425 59 62 0
426 59 63 0
427 59 63 0
428 59 63 0
429 59 61 0
430 59 63 0
431 59 63 0
432 59 59 0
433 60 61 0
434 60 62 0
435 60 61 409
436 60 60 409
437 60 60 403
438 60 60 403
439 60 64 376
440 60 64 376
441 60 60 397
442 60 61 397
443 60 63 312
444 60 61 312
445 60 60 0
446 60 60 0
447 60 69 0
448 60 60 0
449 60 64 0
450 60 64 0
451 60 64 0
452 61 62 0
453 61 61 0
454 61 65 445
455 61 65 445
456 61 70 438
457 61 62 438
458 61 70 446
459 61 61 446
460 61 65 448
461 61 61 448
462 61 65 413
463 61 61 413
464 61 65 0
465 61 65 0
466 61 62 0
467 61 61 0
468 62 70 0
469 62 66 0
470 62 62 435
471 62 71 435
472 62 62 398
473 62 66 398
474 62 66 429
475 62 62 429
476 62 62 420
477 62 65 420
478 62 62 0
479 62 66 0
480 62 62 0
481 62 86 0
482 62 63 0
483 62 66 0
484 63 67 0
485 63 67 0
486 63 67 0
487 63 72 0
488 63 63 0
489 63 63 0
490 63 63 412
491 63 67 412
492 63 67 457
493 63 63 457
494 63 67 0
495 63 64 0
496 63 67 0
497 63 67 0
498 63 63 0
499 64 73 0
500 64 64 0
501 64 68 0
502 64 65 0
503 64 68 0
504 64 78 0
505 64 73 0
506 64 68 0
507 64 68 0
508 64 70 0
509 64 65 428
510 64 64 428
511 64 68 443
512 64 73 443
513 64 64 0
514 64 64 0
515 64 64 0
516 65 77 514
517 65 79 0
518 65 69 0
519 65 74 0
520 65 65 0
521 65 69 0
522 65 65 514
523 65 65 0
524 65 69 0
525 65 69 0
526 65 69 0
527 66 71 0
528 66 69 0
529 66 70 0
530 66 70 0
531 66 70 0
532 66 70 0
533 66 70 0
534 66 70 0
535 66 66 509
536 66 75 509
537 66 66 477
538 66 80 477
539 66 80 0
540 67 70 0
541 67 73 0
542 67 76 0
543 67 72 0
544 67 67 0
545 67 75 0
546 67 67 0
547 68 72 0
548 68 72 0
549 68 74 0
550 68 80 0
551 68 69 0
552 68 72 0
553 68 68 0
554 68 72 0
555 68 68 0
556 68 68 0
557 68 72 0
558 68 68 0
559 69 73 0
560 69 72 0
561 69 69 0
562 69 71 0
563 69 69 0
564 69 69 0
565 70 74 0
566 70 71 0
567 70 74 0
568 70 74 0
569 70 79 0
570 70 73 0
571 70 70 0
572 70 74 0
573 70 74 525
574 70 71 525
575 70 79 564
576 70 70 564
577 70 70 0
578 70 74 0
579 70 70 0
580 70 74 0
581 70 70 0
582 70 74 0
583 71 74 0
584 71 80 0
585 71 80 0
586 71 75 0
587 71 75 0
588 71 80 0
589 71 75 0
590 71 71 0
591 71 71 0
592 71 80 0
593 71 71 0
594 71 75 0
595 71 75 414
596 71 71 414
597 71 75 456
598 71 71 456
599 71 75 0
600 71 71 0
601 71 75 0
602 71 71 0
603 72 81 0
604 72 81 0
605 72 72 0
606 72 72 0
607 72 85 0
608 72 72 0
609 73 77 0
610 73 77 0
611 73 77 0
612 73 77 0
613 73 82 0
614 73 73 0
615 73 84 0
616 73 77 0
617 73 73 0
618 74 78 0
619 74 78 0
620 74 74 0
621 74 78 0
622 74 74 0
623 74 83 0
624 74 74 0
625 74 78 0
626 74 74 0
627 74 77 0
628 74 74 0
629 74 74 0
630 74 74 0
631 75 79 0
632 75 83 0
633 75 79 0
634 75 79 0
635 75 84 0
636 75 84 0
637 75 79 0
638 75 79 0
639 75 77 0
640 75 75 0
641 75 76 0
642 75 75 0
643 75 84 0
644 75 75 0
645 76 84 0
646 76 85 0
647 76 81 0
648 76 79 0
649 76 80 0
650 76 77 0
651 76 80 0
652 76 78 0
653 76 84 545
654 76 76 545
655 76 85 536
656 76 76 536
657 76 76 0
658 77 85 0
659 77 79 641
660 77 78 641
661 78 82 0
662 78 87 0
663 78 82 0
664 78 82 0
665 78 83 0
666 78 87 0
667 78 79 639
668 78 78 639
669 78 87 0
670 78 78 0
671 78 78 627
672 78 82 627
673 79 86 0
674 79 80 0
675 79 85 0
676 79 85 0
677 79 88 660
678 79 79 660
679 79 81 625
680 79 79 625
681 79 79 0
682 79 83 0
683 80 84 0
684 80 84 0
685 80 82 0
686 80 83 0
687 80 84 0
688 80 89 0
689 80 80 0
690 80 83 0
691 80 84 0
692 80 80 0
693 80 80 667
694 80 84 667
695 80 84 0
696 80 84 0
697 80 84 0
698 80 81 0
699 80 84 0
700 81 88 0
701 81 83 0
702 81 84 0
703 81 86 0
704 81 85 0
705 81 84 0
706 81 82 0
707 81 81 0
708 81 85 0
709 81 81 539
710 81 87 539
711 82 82 0
712 82 86 0
713 82 86 0
714 82 82 0
715 82 82 604
716 82 82 604
717 82 86 679
718 82 82 679
719 82 82 698
720 82 83 698
721 82 86 0
722 83 87 0
723 83 86 0
724 83 87 0
725 83 83 0
726 83 85 0
727 83 83 0
728 83 88 0
729 83 86 672
730 83 83 672
731 83 85 0
732 83 83 0
733 84 86 0
734 84 84 690
735 84 84 690
736 84 88 623
737 84 84 623
738 84 88 720
739 84 84 720
740 84 86 0
741 84 84 0
742 84 84 0
743 84 98 0
744 84 93 0
745 84 84 0
746 84 88 0
747 84 84 0
748 84 90 0
749 84 85 0
750 84 98 0
751 84 84 0
752 84 84 0
753 85 85 0
754 85 94 0
755 85 89 0
756 85 85 0
757 85 89 0
758 85 85 0
759 85 89 0
760 85 85 0
761 85 94 0
762 85 94 0
763 85 86 0
764 85 85 0
765 85 94 0
766 85 89 735
767 85 87 735
768 85 85 653
769 85 85 653
770 85 85 0
771 85 89 0
772 85 89 0
773 85 85 0
774 85 85 0
775 85 85 0
776 85 88 0
777 85 85 0
778 85 87 0
779 86 86 0
780 86 90 0
781 86 90 0
782 86 90 0
783 86 90 0
784 86 86 0
785 86 86 0
786 86 86 0
787 86 92 0
788 86 86 774
789 86 90 774
790 86 86 775
791 86 87 775
792 86 86 0
793 86 86 0
794 86 95 0
795 86 86 0
796 86 86 749
797 86 100 749
798 86 90 0
799 86 86 0
800 86 86 0
801 86 90 0
802 86 93 607
803 86 88 607
804 86 90 0
805 86 86 0
806 86 86 726
807 86 86 726
808 86 90 0
809 86 86 0
810 86 90 0
811 86 86 0
812 86 90 0
813 86 86 0
814 86 86 0
815 86 95 0
816 86 86 0
817 86 86 0
818 86 86 0
819 86 86 0
820 86 94 0
821 86 90 0
822 86 86 0
823 87 96 0
824 87 88 0
825 87 91 0
826 87 96 0
827 87 87 712
828 87 92 712
829 87 89 0
830 87 87 0
831 87 87 785
832 87 89 785
833 87 87 814
834 87 106 814
835 87 87 800
836 87 96 800
837 87 87 792
838 87 91 792
839 87 87 819
840 87 91 819
841 87 91 0
842 87 91 0
843 87 87 0
844 87 88 0
845 87 91 729
846 87 87 729
847 87 87 806
848 87 98 806
849 87 91 0
850 87 87 0
851 87 87 822
852 87 91 822
853 87 91 0
854 87 101 0
855 87 96 0
856 87 87 0
857 87 91 0
858 87 94 0
859 87 90 0
860 87 91 0
861 87 87 0
862 87 97 0
863 87 87 0
864 87 87 0
865 87 95 0
866 87 91 0
867 87 87 0
868 88 107 0
869 88 91 0
870 88 96 0
871 88 92 0
872 88 88 0
873 88 97 767
874 88 88 767
875 88 92 831
876 88 92 831
877 88 88 837
878 88 89 837
879 88 92 863
880 88 88 863
881 88 92 0
882 88 88 0
883 88 92 0
884 88 88 0
885 89 93 0
886 89 99 0
887 89 94 0
888 89 89 776
889 89 93 776
890 89 93 677
891 89 93 677
892 89 93 0
893 89 93 0
894 89 96 0
895 89 93 0
896 89 89 803
897 89 98 803
898 89 93 0
899 89 93 0
900 89 89 884
901 89 92 884
902 89 89 844
903 89 93 844
904 89 93 728
905 89 89 728
906 89 89 746
907 89 89 746
908 89 93 0
909 90 94 0
910 90 93 0
911 90 94 0
912 90 94 0
913 90 92 0
914 90 94 0
915 90 94 829
916 90 94 829
917 90 101 878
918 90 90 878
919 90 94 907
920 90 91 907
921 90 94 0
922 91 105 0
923 91 105 0
924 91 95 0
925 91 95 0
926 91 95 0
927 91 97 0
928 91 95 0
929 91 100 0
930 91 94 0
931 91 95 0
932 91 96 0
933 91 91 748
934 91 120 748
935 91 105 0
936 91 91 0
937 91 91 798
938 91 100 798
939 91 95 0
940 91 95 0
941 91 91 0
942 92 96 0
943 92 106 0
944 92 96 0
945 92 96 0
946 92 96 0
947 92 96 0
948 92 95 0
949 92 96 0
950 92 115 0
951 92 92 842
952 92 101 842
953 92 92 0
954 92 96 0
955 92 92 0
956 93 97 0
957 93 97 0
958 93 97 0
959 93 94 0
960 93 97 0
961 93 93 828
962 93 97 828
963 93 97 876
964 93 93 876
965 93 97 0
966 93 93 0
967 93 93 787
968 93 102 787
969 93 97 901
970 93 93 901
971 94 98 0
972 94 98 0
973 94 98 0
974 94 96 0
975 94 113 0
976 94 95 0
977 94 98 0
978 94 105 0
979 94 98 0
980 94 113 0
981 94 98 0
982 94 94 0
983 94 95 0
984 94 113 802
985 94 94 802
986 94 98 0
987 94 94 0
988 94 94 0
989 94 94 0
990 95 104 0
991 95 104 0
992 95 99 0
993 95 104 0
994 95 99 0
995 95 99 0
996 95 99 0
997 95 98 0
998 95 99 0
999 95 97 0
1000 95 99 0
1001 95 99 0
1002 95 99 0
1003 95 99 0
1004 95 95 0
1005 95 95 0
1006 95 99 0
1007 95 96 858
1008 95 95 858
1009 95 106 820
1010 95 95 820
1011 95 96 0
1012 95 104 0
1013 95 95 0
1014 95 95 0
1015 95 95 0
1016 96 100 0
1017 96 100 0
1018 96 105 0
1019 96 97 0
1020 96 96 0
1021 96 100 0
1022 96 100 0
1023 96 100 0
1024 96 97 0
1025 96 96 0
1026 96 96 794
1027 96 96 794
1028 96 104 815
1029 96 96 815
1030 96 96 0
1031 96 96 0
1032 96 96 865
1033 96 103 865
1034 96 97 0
1035 96 96 0
1036 96 98 0
1037 96 100 0
1038 96 96 0
1039 97 111 0
1040 97 100 0
1041 97 99 0
1042 97 101 0
1043 97 114 0
1044 97 101 0
1045 97 101 0
1046 97 97 0
1047 97 101 0
1048 97 101 0
1049 97 101 0
1050 97 106 0
1051 97 101 0
1052 97 97 0
1053 97 111 894
1054 97 97 894
1055 97 97 1030
1056 97 101 1030
1057 97 116 1007
1058 97 97 1007
1059 97 101 0
1060 97 105 0
1061 97 97 0
1062 97 101 0
1063 97 97 0
1064 97 98 0
1065 98 101 0
1066 98 102 0
1067 98 102 0
1068 98 102 0
1069 98 98 0
1070 98 102 0
1071 98 101 0
1072 98 102 0
1073 98 107 0
1074 98 117 0
1075 98 98 0
1076 98 103 0
1077 98 98 0
1078 98 102 0
1079 98 98 0
1080 98 98 1034
1081 98 101 1034
1082 98 98 0
1083 99 103 0
1084 99 102 0
1085 99 101 0
1086 99 112 0
1087 99 101 0
1088 99 103 0
1089 99 104 0
1090 99 100 0
1091 99 108 0
1092 99 99 1036
1093 99 108 1036
1094 99 99 0
1095 99 104 0
1096 99 104 1079
1097 99 99 1079
1098 99 99 0
1099 99 100 0
1100 99 100 0
1101 99 107 0
1102 99 102 1077
1103 99 99 1077
1104 99 102 1064
1105 99 99 1064
1106 99 99 848
1107 99 103 848
1108 99 99 0
1109 99 99 0
1110 99 99 0
1111 100 100 0
1112 100 103 0
1113 100 101 0
1114 100 106 0
1115 100 103 0
1116 100 108 0
1117 100 105 0
1118 100 108 0
1119 100 106 0
1120 100 100 0
1121 100 100 0
1122 100 104 0
1123 100 104 0
1124 100 100 0
1125 100 103 0
1126 101 104 0
1127 101 105 0
1128 101 101 0
1129 101 105 0
1130 101 103 0
1131 101 105 0
1132 101 105 0
1133 101 103 0
1134 101 110 0
1135 101 105 1090
1136 101 101 1090
1137 101 102 0
1138 101 101 0
1139 101 104 0
1140 101 101 0
1141 101 115 1100
1142 101 101 1100
1143 101 105 1099
1144 101 101 1099
1145 101 129 0
1146 101 105 0
1147 101 105 0
1148 101 101 0
1149 101 101 0
1150 102 103 0
1151 102 104 0
1152 102 106 0
1153 102 106 0
1154 102 106 0
1155 102 102 0
1156 102 113 0
1157 102 106 0
1158 102 106 0
1159 102 103 0
1160 102 106 0
1161 102 105 0
1162 102 102 0
1163 102 102 0
1164 102 110 0
1165 102 102 0
1166 102 109 0
1167 102 106 917
1168 102 102 917
1169 102 113 0
1170 102 103 0
1171 102 102 0
1172 102 106 0
1173 102 106 0
1174 102 102 0
1175 102 113 1081
1176 102 102 1081
1177 102 102 1062
1178 102 106 1062
1179 102 102 0
1180 103 107 0
1181 103 112 0
1182 103 107 0
1183 103 107 0
1184 103 103 0
1185 103 107 0
1186 103 105 0
1187 103 103 0
1188 103 110 0
1189 103 103 1137
1190 103 103 1137
1191 103 103 1179
1192 103 107 1179
1193 103 103 1102
1194 103 107 1102
1195 103 107 0
1196 103 103 0
1197 103 106 1104
1198 103 103 1104
1199 103 110 0
1200 103 104 0
1201 103 103 0
1202 103 106 0
1203 103 103 0
1204 104 113 0
1205 104 111 0
1206 104 104 0
1207 104 108 0
1208 104 113 0
1209 104 104 0
1210 104 108 0
1211 104 104 0
1212 104 111 0
1213 104 104 0
1214 104 107 1190
1215 104 107 1190
1216 104 104 0
1217 104 108 0
1218 104 113 1033
1219 104 104 1033
1220 104 108 0
1221 104 104 0
1222 104 107 0
1223 104 104 0
1224 104 104 1076
1225 104 104 1076
1226 104 104 0
1227 105 124 0
1228 105 118 0
1229 105 108 0
1230 105 106 0
1231 105 109 0
1232 105 109 0
1233 105 120 1095
1234 105 105 1095
1235 105 109 1028
1236 105 105 1028
1237 105 105 0
1238 105 105 0
1239 105 109 1200
1240 105 105 1200
1241 105 105 0
1242 105 106 0
1243 105 105 1096
1244 105 112 1096
1245 105 109 0
1246 105 105 0
1247 105 109 0
1248 105 105 0
1249 105 105 1224
1250 105 105 1224
1251 105 114 0
1252 105 109 0
1253 105 105 0
1254 105 109 0
1255 105 105 0
1256 105 106 0
1257 105 107 0
1258 106 106 0
1259 106 110 0
1260 106 110 0
1261 106 115 0
1262 106 108 0
1263 106 110 0
1264 106 106 0
1265 106 109 0
1266 106 115 0
1267 106 108 0
1268 106 109 0
1269 106 106 1161
1270 106 117 1161
1271 106 106 0
1272 106 106 0
1273 106 106 0
1274 106 110 0
1275 106 106 1237
1276 106 110 1237
1277 106 109 0
1278 106 106 0
1279 106 120 1143
1280 106 106 1143
1281 106 107 0
1282 106 107 0
1283 107 110 0
1284 107 111 0
1285 107 111 0
1286 107 149 0
1287 107 112 0
1288 107 111 0
1289 107 116 0
1290 107 120 0
1291 107 117 0
1292 107 116 0
1293 107 121 0
1294 107 111 0
1295 107 107 0
1296 107 111 0
1297 107 107 0
1298 107 111 0
1299 107 108 0
1300 107 111 0
1301 107 111 1271
1302 107 107 1271
1303 107 111 1009
1304 107 107 1009
1305 107 107 0
1306 107 108 0
1307 107 107 1242
1308 107 121 1242
1309 107 107 1256
1310 107 107 1256
1311 107 107 1197
1312 107 112 1197
1313 107 107 0
1314 107 109 0
1315 107 111 0
1316 108 110 0
1317 108 117 0
1318 108 112 0
1319 108 112 0
1320 108 112 0
1321 108 108 0
1322 108 111 0
1323 108 108 1215
1324 108 108 1215
1325 108 108 1281
1326 108 117 1281
1327 108 108 1282
1328 108 112 1282
1329 108 110 1222
1330 108 108 1222
1331 108 108 0
1332 108 108 0
1333 108 108 1309
1334 108 137 1309
1335 108 109 1194
1336 108 108 1194
1337 108 112 0
1338 108 112 0
1339 108 114 0
1340 108 112 0
1341 109 113 0
1342 109 109 0
1343 109 118 0
1344 109 109 0
1345 109 118 0
1346 109 109 0
1347 109 113 0
1348 109 112 0
1349 109 109 0
1350 109 109 0
1351 109 109 0
1352 109 113 1306
1353 109 113 1306
1354 109 109 0
1355 109 112 0
1356 109 115 0
1357 109 109 0
1358 109 109 1331
1359 109 110 1331
1360 110 114 0
1361 110 114 0
1362 110 110 0
1363 110 114 0
1364 110 115 0
1365 110 114 0
1366 110 119 0
1367 110 110 1166
1368 110 114 1166
1369 110 114 0
1370 110 110 0
1371 110 114 0
1372 110 110 0
1373 110 114 0
1374 110 111 0
1375 110 110 1277
1376 110 111 1277
1377 110 120 1245
1378 110 110 1245
1379 110 110 1350
1380 110 114 1350
1381 110 110 1314
1382 110 112 1314
1383 110 118 0
1384 111 120 0
1385 111 118 0
1386 111 119 0
1387 111 115 0
1388 111 115 0
1389 111 111 0
1390 111 113 0
1391 111 115 1164
1392 111 115 1164
1393 111 111 1188
1394 111 116 1188
1395 111 111 1199
1396 111 114 1199
1397 111 115 0
1398 111 111 0
1399 111 111 0
1400 111 120 0
1401 111 111 1329
1402 111 115 1329
1403 111 118 0
1404 111 111 0
1405 111 111 1381
1406 111 115 1381
1407 111 115 0
1408 111 111 0
1409 111 111 0
1410 112 116 0
1411 112 120 0
1412 112 116 0
1413 112 114 0
1414 112 112 0
1415 112 113 0
1416 112 112 0
1417 112 116 0
1418 112 121 0
1419 112 116 0
1420 112 117 0
1421 112 121 0
1422 112 116 0
1423 112 112 0
1424 112 116 0
1425 112 112 1376
1426 112 126 1376
1427 112 116 0
1428 112 112 0
1429 112 112 0
1430 112 112 0
1431 112 114 0
1432 112 117 0
1433 112 112 0
1434 112 112 0
1435 112 112 0
1436 112 112 0
1437 112 112 0
1438 113 113 0
1439 113 120 0
1440 113 117 0
1441 113 114 0
1442 113 121 0
1443 113 130 0
1444 113 114 0
1445 113 117 1348
1446 113 113 1348
1447 113 113 1434
1448 113 115 1434
1449 113 113 1355
1450 113 113 1355
1451 113 113 1430
1452 113 120 1430
1453 113 113 0
1454 113 119 0
1455 113 114 0
1456 113 117 0
1457 113 121 0
1458 113 122 0
1459 113 115 0
1460 114 115 0
1461 114 123 0
1462 114 121 0
1463 114 117 0
1464 114 118 0
1465 114 118 0
1466 114 115 0
1467 114 122 0
1468 114 116 0
1469 114 119 0
1470 114 118 0
1471 114 114 0
1472 114 118 0
1473 114 118 0
1474 114 114 0
1475 115 119 0
1476 115 118 0
1477 115 116 0
1478 115 116 0
1479 115 119 0
1480 115 119 0
1481 115 117 0
1482 115 115 0
1483 115 119 0
1484 115 119 1455
1485 115 115 1455
1486 115 116 1396
1487 115 115 1396
1488 115 115 0
1489 115 115 0
1490 115 119 0
1491 115 115 0
1492 115 117 1431
1493 115 115 1431
1494 115 115 0
1495 115 119 0
1496 115 115 0
1497 115 119 0
1498 115 119 0
1499 115 115 0
1500 115 119 0
1501 115 115 0
1502 115 116 0
1503 115 116 0
1504 115 120 0
1505 115 115 0
1506 115 115 0
1507 115 119 0
1508 115 115 0
1509 116 122 0
1510 116 120 0
1511 116 120 0
1512 116 125 0
1513 116 117 0
1514 116 117 0
1515 116 120 0
1516 116 120 0
1517 116 120 0
1518 116 116 0
1519 116 122 0
1520 116 116 0
1521 116 124 0
1522 116 120 0
1523 116 116 0
1524 116 116 0
1525 116 122 0
1526 116 125 1488
1527 116 116 1488
1528 116 116 0
1529 116 116 0
1530 116 120 0
1531 116 120 1448
1532 116 116 1448
1533 116 122 1459
1534 116 116 1459
1535 116 116 0
1536 116 119 0
1537 116 116 0
1538 116 116 0
1539 116 120 0
1540 116 116 0
1541 116 117 0
1542 117 121 0
1543 117 119 0
1544 117 122 0
1545 117 121 0
1546 117 121 0
1547 117 120 0
1548 117 121 0
1549 117 117 0
1550 117 126 0
1551 117 121 0
1552 117 121 0
1553 117 120 0
1554 117 117 1502
1555 117 119 1502
1556 117 120 0
1557 117 117 0
1558 117 120 1394
1559 117 118 1394
1560 117 118 1503
1561 117 117 1503
1562 117 117 0
1563 117 121 0
1564 117 121 1540
1565 117 119 1540
1566 117 127 0
1567 117 121 0
1568 118 128 1270
1569 118 122 0
1570 118 118 0
1571 118 122 0
1572 118 126 0
1573 118 119 0
1574 118 119 0
1575 118 118 0
1576 118 122 1270
1577 118 118 0
1578 118 120 1291
1579 118 123 1291
1580 118 118 0
1581 118 122 1492
1582 118 118 1492
1583 118 118 0
1584 118 118 0
1585 118 118 1432
1586 118 118 1432
1587 118 122 0
1588 118 118 0
1589 118 118 0
1590 118 124 0
1591 118 119 1541
1592 118 119 1541
1593 118 119 0
1594 118 122 0
1595 118 120 0
1596 118 118 0
1597 118 122 0
1598 119 123 0
1599 119 123 0
1600 119 123 0
1601 119 120 0
1602 119 121 0
1603 119 120 0
1604 119 119 0
1605 119 119 0
1606 119 123 0
1607 119 120 1559
1608 119 119 1559
1609 119 120 1385
1610 119 119 1385
1611 119 119 0
1612 119 119 0
1613 119 123 1585
1614 119 119 1585
1615 119 129 1383
1616 119 120 1383
1617 119 119 0
1618 119 120 0
1619 119 127 0
1620 119 120 0
1621 119 119 0
1622 119 119 0
1623 120 123 0
1624 120 123 0
1625 120 133 0
1626 120 124 0
1627 120 122 0
1628 120 121 0
1629 120 120 0
1630 120 129 0
1631 120 129 0
1632 120 120 0
1633 120 120 0
1634 120 121 1574
1635 120 121 1574
1636 120 122 0
1637 120 121 0
1638 120 121 1555
1639 120 121 1555
1640 120 120 1593
1641 120 122 1593
1642 120 120 1611
1643 120 122 1611
1644 120 120 1622
1645 120 120 1622
1646 120 124 0
1647 120 120 0
1648 120 120 1497
1649 120 124 1497
1650 120 124 0
1651 120 120 0
1652 120 120 1565
1653 120 120 1565
1654 120 123 0
1655 120 120 0
1656 120 124 1454
1657 120 133 1454
1658 120 122 1591
1659 120 120 1591
1660 120 129 1536
1661 120 124 1536
1662 120 123 0
1663 120 122 0
1664 120 122 1592
1665 120 122 1592
1666 120 126 0
1667 120 125 0
1668 120 123 0
1669 120 120 0
1670 120 122 0
1671 120 121 0
1672 120 124 0
1673 120 120 0
1674 120 120 0
1675 120 120 0
1676 121 125 0
1677 121 122 0
1678 121 126 0
1679 121 124 0
1680 121 122 0
1681 121 124 0
1682 121 121 0
1683 121 124 0
1684 121 137 0
1685 121 128 0
1686 121 123 0
1687 121 123 1522
1688 121 121 1522
1689 121 125 0
1690 121 121 0
1691 121 125 1609
1692 121 121 1609
1693 121 121 1618
1694 121 125 1618
1695 121 134 1633
1696 121 128 1633
1697 121 121 1620
1698 121 125 1620
1699 121 125 1607
1700 121 121 1607
1701 121 123 1578
1702 121 121 1578
1703 121 135 1556
1704 121 121 1556
1705 121 130 0
1706 121 121 0
1707 121 121 0
1708 121 125 0
1709 121 132 0
1710 121 121 0
1711 121 121 1504
1712 121 121 1504
1713 121 122 1644
1714 121 121 1644
1715 121 125 0
1716 121 121 0
1717 121 121 0
1718 121 121 0
1719 121 124 1539
1720 121 122 1539
1721 121 121 1674
1722 121 122 1674
1723 121 121 0
1724 121 125 0
1725 121 123 1616
1726 121 121 1616
1727 121 121 1452
1728 121 125 1452
1729 121 131 0
1730 121 125 0
1731 121 123 0
1732 121 121 0
1733 121 122 0
1734 121 128 0
1735 121 123 0
1736 121 121 0
1737 121 121 0
1738 121 125 0
1739 122 128 0
1740 122 123 0
1741 122 131 0
1742 122 125 0
1743 122 122 0
1744 122 129 0
1745 122 128 0
1746 122 122 0
1747 122 126 0
1748 122 122 0
1749 122 123 1634
1750 122 135 1634
1751 122 122 1732
1752 122 122 1732
1753 122 126 1635
1754 122 123 1635
1755 122 123 0
1756 122 129 0
1757 122 131 1639
1758 122 123 1639
1759 122 122 1637
1760 122 123 1637
1761 122 122 1671
1762 122 122 1671
1763 122 123 1704
1764 122 122 1704
1765 122 128 1707
1766 122 125 1707
1767 122 141 1457
1768 122 130 1457
1769 122 122 1567
1770 122 126 1567
1771 122 127 0
1772 122 129 0
1773 122 125 0
1774 122 122 0
1775 122 126 1736
1776 122 122 1736
1777 122 126 1711
1778 122 126 1711
1779 122 126 0
1780 122 122 0
1781 122 126 0
1782 122 122 0
1783 122 122 1727
1784 122 122 1727
1785 122 122 0
1786 122 122 0
1787 122 126 0
1788 122 123 0
1789 122 122 0
1790 122 123 0
1791 123 123 0
1792 123 129 0
1793 123 125 0
1794 123 127 0
1795 123 130 0
1796 123 123 0
1797 123 128 0
1798 123 123 1751
1799 123 127 1751
1800 123 123 1525
1801 123 127 1525
1802 123 127 1641
1803 123 123 1641
1804 123 123 1670
1805 123 132 1670
1806 123 123 0
1807 123 125 0
1808 123 123 1636
1809 123 124 1636
1810 123 125 0
1811 123 123 0
1812 123 123 1713
1813 123 123 1713
1814 123 128 0
1815 123 124 0
1816 123 126 1467
1817 123 130 1467
1818 123 123 1458
1819 123 126 1458
1820 123 125 0
1821 123 123 0
1822 123 123 1722
1823 123 123 1722
1824 123 123 1720
1825 123 128 1720
1826 123 124 1587
1827 123 123 1587
1828 123 128 1658
1829 123 123 1658
1830 123 124 1783
1831 123 124 1783
1832 123 126 1665
1833 123 123 1665
1834 123 127 1664
1835 123 130 1664
1836 123 126 0
1837 123 130 0
1838 123 123 0
1839 123 126 0
1840 123 123 0
1841 123 123 0
1842 123 124 0
1843 123 123 0
1844 123 127 0
1845 123 123 0
1846 124 126 0
1847 124 133 0
1848 124 128 0
1849 124 128 0
1850 124 128 1687
1851 124 126 1687
1852 124 124 1749
1853 124 125 1749
1854 124 138 0
1855 124 124 0
1856 124 128 1668
1857 124 125 1668
1858 124 128 1758
1859 124 124 1758
1860 124 124 1808
1861 124 124 1808
1862 124 130 1701
1863 124 124 1701
1864 124 126 1754
1865 124 129 1754
1866 124 124 0
1867 124 128 0
1868 124 124 1735
1869 124 127 1735
1870 124 128 1763
1871 124 124 1763
1872 124 128 0
1873 124 124 0
1874 124 128 1755
1875 124 124 1755
1876 124 124 1806
1877 124 128 1806
1878 124 126 0
1879 124 141 0
1880 124 128 0
1881 124 125 0
1882 124 127 1812
1883 124 124 1812
1884 124 124 0
1885 124 124 0
1886 124 124 1843
1887 124 124 1843
1888 124 124 1654
1889 124 128 1654
1890 124 131 0
1891 124 131 0
1892 124 133 1790
1893 124 124 1790
1894 124 124 1823
1895 124 126 1823
1896 124 126 1662
1897 124 124 1662
1898 124 127 1579
1899 124 124 1579
1900 124 124 1725
1901 124 125 1725
1902 124 124 0
1903 124 124 0
1904 124 132 0
1905 124 124 0
1906 124 125 0
1907 124 124 0
1908 124 124 0
1909 124 124 0
1910 125 125 0
1911 125 129 0
1912 125 128 0
1913 125 128 0
1914 125 132 0
1915 125 126 0
1916 125 134 0
1917 125 139 0
1918 125 128 1902
1919 125 129 1902
1920 125 125 1873
1921 125 126 1873
1922 125 126 1861
1923 125 125 1861
1924 125 127 1866
1925 125 126 1866
1926 125 134 0
1927 125 134 0
1928 125 126 1719
1929 125 125 1719
1930 125 128 0
1931 125 128 0
1932 125 126 0
1933 125 125 0
1934 125 132 1885
1935 125 125 1885
1936 125 129 0
1937 125 125 0
1938 125 126 1886
1939 125 130 1886
1940 125 129 1842
1941 125 128 1842
1942 125 127 1909
1943 125 127 1909
1944 125 129 1656
1945 125 129 1656
1946 125 129 1826
1947 125 125 1826
1948 125 125 1590
1949 125 128 1590
1950 125 127 1831
1951 125 125 1831
1952 125 125 1900
1953 125 128 1900
1954 125 125 0
1955 125 125 0
1956 125 127 0
1957 125 125 0
1958 125 125 0
1959 126 126 0
1960 126 129 0
1961 126 130 0
1962 126 129 0
1963 126 130 0
1964 126 130 0
1965 126 130 0
1966 126 130 0
1967 126 126 1853
1968 126 126 1853
1969 126 137 1689
1970 126 126 1689
1971 126 126 0
1972 126 130 0
1973 126 128 1667
1974 126 126 1667
1975 126 130 1906
1976 126 127 1906
1977 126 126 1766
1978 126 132 1766
1979 126 130 1773
1980 126 126 1773
1981 126 130 0
1982 126 126 0
1983 126 130 1881
1984 126 130 1881
1985 126 132 1708
1986 126 126 1708
1987 126 126 1810
1988 126 130 1810
1989 126 130 0
1990 126 126 0
1991 126 128 1957
1992 126 126 1957
1993 126 126 1738
1994 126 130 1738
1995 126 126 1901
1996 126 126 1901
1997 126 126 1820
1998 126 127 1820
1999 126 126 1951
2000 126 127 1951
2001 126 126 1730
2002 126 130 1730
2003 126 126 0
2004 126 126 0
2005 126 126 0
2006 126 138 0
2007 126 126 0
2008 126 126 0
2009 126 126 0
2010 127 131 0
2011 127 132 0
2012 127 127 0
2013 127 127 0
2014 127 130 0
2015 127 127 0
2016 127 128 0
2017 127 128 0
2018 127 127 1967
2019 127 127 1967
2020 127 131 0
2021 127 131 0
2022 127 142 1666
2023 127 131 1666
2024 127 142 1921
2025 127 127 1921
2026 127 131 1922
2027 127 127 1922
2028 127 127 1678
2029 127 127 1678
2030 127 128 1572
2031 127 129 1572
2032 127 128 1928
2033 127 127 1928
2034 127 127 1839
2035 127 131 1839
2036 127 127 1426
2037 127 131 1426
2038 127 128 1777
2039 127 127 1777
2040 127 131 1775
2041 127 131 1775
2042 127 127 1819
2043 127 138 1819
2044 127 127 1995
2045 127 128 1995
2046 127 130 1932
2047 127 127 1932
2048 127 128 0
2049 127 127 0
2050 127 128 1997
2051 127 127 1997
2052 127 128 1938
2053 127 127 1938
2054 127 127 1896
2055 127 131 1896
2056 127 130 1895
2057 127 128 1895
2058 127 129 0
2059 127 127 0
2060 127 130 1832
2061 127 127 1832
2062 127 129 0
2063 127 127 0
2064 127 128 0
2065 128 128 0
2066 128 132 0
2067 128 132 2018
2068 128 128 2018
2069 128 128 0
2070 128 132 0
2071 128 135 1976
2072 128 128 1976
2073 128 128 1799
2074 128 129 1799
2075 128 132 1619
2076 128 129 1619
2077 128 132 0
2078 128 128 0
2079 128 131 2027
2080 128 128 2027
2081 128 128 0
2082 128 128 0
2083 128 128 1802
2084 128 132 1802
2085 128 128 1924
2086 128 128 1924
2087 128 128 2028
2088 128 131 2028
2089 128 138 2034
2090 128 128 2034
2091 128 128 1882
2092 128 130 1882
2093 128 128 1566
2094 128 129 1566
2095 128 132 2063
2096 128 128 2063
2097 128 129 1942
2098 128 128 1942
2099 128 131 0
2100 128 128 0
2101 128 131 1844
2102 128 128 1844
2103 128 129 1950
2104 128 130 1950
2105 128 132 0
2106 128 132 0
2107 128 132 0
2108 128 133 0
2109 128 129 0
2110 129 138 0
2111 129 132 0
2112 129 131 0
2113 129 133 0
2114 129 135 0
2115 129 130 0
2116 129 131 0
2117 129 135 0
2118 129 129 0
2119 129 129 1696
2120 129 132 1696
2121 129 129 1918
2122 129 129 1918
2123 129 130 1850
2124 129 129 1850
2125 129 131 0
2126 129 131 0
2127 129 133 2082
2128 129 129 2082
2129 129 135 1867
2130 129 132 1867
2131 129 133 2085
2132 129 131 2085
2133 129 129 2030
2134 129 131 2030
2135 129 131 1930
2136 129 130 1930
2137 129 133 1874
2138 129 138 1874
2139 129 136 0
2140 129 142 0
2141 129 129 2032
2142 129 132 2032
2143 129 130 0
2144 129 129 0
2145 129 133 2038
2146 129 129 2038
2147 129 129 0
2148 129 129 0
2149 129 135 0
2150 129 133 0
2151 129 133 2064
2152 129 129 2064
2153 129 133 0
2154 129 129 0
2155 129 133 0
2156 129 132 0
2157 129 129 2050
2158 129 132 2050
2159 129 133 1949
2160 129 137 1949
2161 129 131 0
2162 129 133 0
2163 129 133 0
2164 129 129 0
2165 129 129 1825
2166 129 133 1825
2167 129 133 1953
2168 129 129 1953
2169 129 132 0
2170 129 135 0
2171 129 131 0
2172 129 129 0
2173 129 129 0
2174 130 131 0
2175 130 134 0
2176 130 132 0
2177 130 144 0
2178 130 131 0
2179 130 132 0
2180 130 134 0
2181 130 137 2076
2182 130 134 2121
2183 130 134 2121
2184 130 134 2074
2185 130 130 2074
2186 130 139 1756
2187 130 130 1756
2188 130 130 1865
2189 130 131 1865
2190 130 130 2076
2191 130 131 2031
2192 130 133 2031
2193 130 130 0
2194 130 134 0
2195 130 131 0
2196 130 130 0
2197 130 130 0
2198 130 130 0
2199 130 132 2094
2200 130 133 2094
2201 130 131 0
2202 130 133 0
2203 130 130 2147
2204 130 130 2147
2205 130 133 1145
2206 130 130 1145
2207 130 134 1945
2208 130 131 1945
2209 130 130 2058
2210 130 131 2058
2211 130 130 2109
2212 130 130 2109
2213 130 141 1615
2214 130 130 1615
2215 130 134 1660
2216 130 130 1660
2217 130 130 2157
2218 130 131 2157
2219 130 132 0
2220 130 130 0
2221 130 130 0
2222 130 144 0
2223 130 130 0
2224 130 131 0
2225 130 130 0
2226 131 132 0
2227 131 135 0
2228 131 137 0
2229 131 137 0
2230 131 135 0
2231 131 135 0
2232 131 132 0
2233 131 135 0
2234 131 132 0
2235 131 135 0
2236 131 132 0
2237 131 143 0
2238 131 133 0
2239 131 135 0
2240 131 136 0
2241 131 131 2123
2242 131 150 2123
2243 131 135 1705
2244 131 139 1705
2245 131 131 1837
2246 131 135 1837
2247 131 133 0
2248 131 147 0
2249 131 131 2197
2250 131 134 2197
2251 131 132 1768
2252 131 131 1768
2253 131 131 0
2254 131 131 0
2255 131 147 1983
2256 131 134 1983
2257 131 132 2136
2258 131 131 2136
2259 131 131 0
2260 131 133 0
2261 131 131 0
2262 131 135 0
2263 131 135 2203
2264 131 131 2203
2265 131 131 1939
2266 131 132 1939
2267 131 131 2046
2268 131 132 2046
2269 131 131 0
2270 131 138 0
2271 131 133 2104
2272 131 131 2104
2273 131 132 2206
2274 131 131 2206
2275 131 133 2060
2276 131 131 2060
2277 131 133 0
2278 131 135 0
2279 131 131 0
2280 131 131 0
2281 131 131 0
2282 132 136 0
2283 132 138 0
2284 132 132 0
2285 132 132 0
2286 132 136 0
2287 132 136 0
2288 132 135 0
2289 132 136 0
2290 132 132 0
2291 132 132 0
2292 132 132 0
2293 132 136 2245
2294 132 132 2245
2295 132 134 2125
2296 132 133 2125
2297 132 132 2241
2298 132 132 2241
2299 132 136 2026
2300 132 135 2026
2301 132 133 2088
2302 132 140 2088
2303 132 132 2135
2304 132 137 2135
2305 132 135 2201
2306 132 132 2201
2307 132 132 2189
2308 132 133 2189
2309 132 132 2041
2310 132 132 2041
2311 132 132 2171
2312 132 134 2171
2313 132 134 2280
2314 132 132 2280
2315 132 135 2195
2316 132 132 2195
2317 132 132 2224
2318 132 132 2224
2319 132 132 1729
2320 132 132 1729
2321 132 132 2208
2322 132 134 2208
2323 132 132 2191
2324 132 132 2191
2325 132 132 2099
2326 132 135 2099
2327 132 132 2040
2328 132 133 2040
2329 132 132 2210
2330 132 132 2210
2331 132 139 1890
2332 132 133 1890
2333 132 136 0
2334 132 132 0
2335 132 134 0
2336 132 132 0
2337 132 133 2281
2338 132 132 2281
2339 132 132 2101
2340 132 133 2101
2341 132 134 0
2342 132 132 0
2343 132 136 0
2344 132 132 0
2345 132 136 0
2346 132 132 0
2347 133 139 0
2348 133 137 0
2349 133 134 0
2350 133 136 0
2351 133 136 0
2352 133 133 0
2353 133 152 2291
2354 133 133 2291
2355 133 133 2070
2356 133 133 2070
2357 133 133 0
2358 133 133 0
2359 133 133 2120
2360 133 137 2120
2361 133 134 2297
2362 133 134 2297
2363 133 137 0
2364 133 140 0
2365 133 135 1904
2366 133 133 1904
2367 133 134 1805
2368 133 133 1805
2369 133 137 2077
2370 133 133 2077
2371 133 133 1978
2372 133 136 1978
2373 133 134 2342
2374 133 133 2342
2375 133 134 0
2376 133 134 0
2377 133 133 2130
2378 133 133 2130
2379 133 133 2309
2380 133 137 2309
2381 133 135 1985
2382 133 133 1985
2383 133 133 2257
2384 133 136 2257
2385 133 133 2251
2386 133 137 2251
2387 133 134 2199
2388 133 133 2199
2389 133 137 1914
2390 133 133 1914
2391 133 133 1934
2392 133 133 1934
2393 133 133 0
2394 133 135 0
2395 133 133 2317
2396 133 133 2317
2397 133 133 2324
2398 133 137 2324
2399 133 134 2268
2400 133 135 2268
2401 133 140 2329
2402 133 134 2329
2403 133 136 2156
2404 133 133 2156
2405 133 133 2266
2406 133 136 2266
2407 133 138 2273
2408 133 133 2273
2409 133 137 0
2410 133 133 0
2411 133 137 2219
2412 133 133 2219
2413 133 136 0
2414 133 133 0
2415 133 133 0
2416 133 141 0
2417 133 137 0
2418 134 141 0
2419 134 136 0
2420 134 136 0
2421 134 136 0
2422 134 136 0
2423 134 138 0
2424 134 141 0
2425 134 138 0
2426 134 139 0
2427 134 134 0
2428 134 140 2355
2429 134 138 2355
2430 134 134 2296
2431 134 134 2296
2432 134 135 2358
2433 134 138 2358
2434 134 141 2377
2435 134 134 2377
2436 134 138 2127
2437 134 138 2127
2438 134 139 0
2439 134 134 0
2440 134 135 2202
2441 134 135 2202
2442 134 134 2368
2443 134 135 2368
2444 134 134 2192
2445 134 137 2192
2446 134 137 0
2447 134 134 0
2448 134 136 2108
2449 134 134 2108
2450 134 138 2391
2451 134 134 2391
2452 134 134 2393
2453 134 137 2393
2454 134 137 2395
2455 134 134 2395
2456 134 134 2137
2457 134 136 2137
2458 134 142 2145
2459 134 134 2145
2460 134 135 2260
2461 134 134 2260
2462 134 138 2205
2463 134 135 2205
2464 134 134 2151
2465 134 134 2151
2466 134 134 2200
2467 134 134 2200
2468 134 134 2162
2469 134 138 2162
2470 134 138 2271
2471 134 134 2271
2472 134 138 2275
2473 134 134 2275
2474 134 136 2167
2475 134 135 2167
2476 134 134 2337
2477 134 134 2337
2478 134 138 0
2479 134 136 0
2480 134 135 0
2481 134 143 0
2482 134 136 0
2483 134 138 0
2484 135 144 0
2485 135 152 0
2486 135 139 0
2487 135 141 0
2488 135 140 0
2489 135 139 0
2490 135 137 0
2491 135 139 1926
2492 135 135 1926
2493 135 144 2361
2494 135 135 2361
2495 135 135 2295
2496 135 135 2295
2497 135 150 2376
2498 135 135 2376
2499 135 135 1695
2500 135 137 1695
2501 135 137 2373
2502 135 135 2373
2503 135 137 2375
2504 135 135 2375
2505 135 135 2250
2506 135 135 2250
2507 135 139 2387
2508 135 135 2387
2509 135 135 0
2510 135 141 0
2511 135 136 2313
2512 135 136 2313
2513 135 136 2322
2514 135 135 2322
2515 135 137 2464
2516 135 135 2464
2517 135 138 2399
2518 135 136 2399
2519 135 135 2312
2520 135 135 2312
2521 135 140 2335
2522 135 135 2335
2523 135 137 2467
2524 135 137 2467
2525 135 137 2476
2526 135 140 2476
2527 135 135 2207
2528 135 135 2207
2529 135 139 0
2530 135 135 0
2531 135 147 0
2532 135 139 0
2533 135 135 0
2534 135 135 0
2535 135 135 0
2536 135 137 0
2537 136 136 0
2538 136 143 0
2539 136 140 0
2540 136 136 0
2541 136 140 0
2542 136 138 0
2543 136 142 0
2544 136 140 0
2545 136 136 0
2546 136 145 0
2547 136 136 2365
2548 136 137 2365
2549 136 136 2496
2550 136 139 2496
2551 136 136 1750
2552 136 136 1750
2553 136 136 2494
2554 136 138 2494
2555 136 140 2432
2556 136 140 2432
2557 136 140 0
2558 136 136 0
2559 136 138 2480
2560 136 136 2480
2561 136 136 2129
2562 136 136 2129
2563 136 136 0
2564 136 136 0
2565 136 137 2305
2566 136 138 2305
2567 136 136 2170
2568 136 136 2170
2569 136 141 2315
2570 136 136 2315
2571 136 136 2400
2572 136 137 2400
2573 136 137 2506
2574 136 137 2506
2575 136 136 0
2576 136 140 0
2577 136 139 2463
2578 136 136 2463
2579 136 136 2149
2580 136 136 2149
2581 136 153 2519
2582 136 136 2519
2583 136 142 2326
2584 136 136 2326
2585 136 136 2527
2586 136 136 2527
2587 136 140 0
2588 136 136 0
2589 136 137 0
2590 136 140 0
2591 136 138 0
2592 137 141 0
2593 137 141 0
2594 137 141 0
2595 137 137 0
2596 137 137 0
2597 137 138 2549
2598 137 138 2549
2599 137 139 2547
2600 137 137 2547
2601 137 137 2552
2602 137 137 2552
2603 137 138 2553
2604 137 137 2553
2605 137 138 0
2606 137 140 0
2607 137 137 2561
2608 137 141 2561
2609 137 138 2563
2610 137 142 2563
2611 137 137 0
2612 137 148 0
2613 137 137 2384
2614 137 139 2384
2615 137 137 0
2616 137 137 0
2617 137 137 2482
2618 137 139 2482
2619 137 137 0
2620 137 144 0
2621 137 140 2579
2622 137 138 2579
2623 137 137 2511
2624 137 137 2511
2625 137 141 2448
2626 137 141 2448
2627 137 151 2568
2628 137 141 2568
2629 137 141 2513
2630 137 137 2513
2631 137 137 0
2632 137 137 0
2633 137 140 2345
2634 137 144 2345
2635 137 142 2139
2636 137 137 2139
2637 137 141 2403
2638 137 137 2403
2639 137 137 2413
2640 137 137 2413
2641 137 141 2333
2642 137 141 2333
2643 137 137 2586
2644 137 137 2586
2645 137 137 0
2646 137 137 0
2647 138 142 0
2648 138 143 0
2649 138 152 0
2650 138 147 0
2651 138 138 0
2652 138 139 0
2653 138 141 0
2654 138 139 2596
2655 138 139 2596
2656 138 141 2548
2657 138 138 2548
2658 138 146 2601
2659 138 138 2601
2660 138 138 0
2661 138 138 0
2662 138 138 2503
2663 138 138 2503
2664 138 141 2360
2665 138 142 2360
2666 138 138 0
2667 138 147 0
2668 138 142 2304
2669 138 138 2304
2670 138 138 2630
2671 138 148 2630
2672 138 139 2501
2673 138 139 2501
2674 138 138 2611
2675 138 138 2611
2676 138 138 2619
2677 138 141 2619
2678 138 142 2616
2679 138 142 2616
2680 138 140 2445
2681 138 139 2445
2682 138 144 0
2683 138 138 0
2684 138 138 2386
2685 138 141 2386
2686 138 142 2573
2687 138 147 2573
2688 138 146 2623
2689 138 138 2623
2690 138 138 2160
2691 138 139 2160
2692 138 139 2631
2693 138 144 2631
2694 138 144 2536
2695 138 139 2536
2696 138 143 2572
2697 138 138 2572
2698 138 138 2644
2699 138 139 2644
2700 138 138 0
2701 138 138 0
2702 138 140 2523
2703 138 140 2523
2704 138 147 2525
2705 138 138 2525
2706 138 138 2640
2707 138 142 2640
2708 138 141 2411
2709 138 138 2411
2710 138 139 0
2711 138 138 0
2712 138 138 0
2713 138 138 0
2714 139 143 0
2715 139 142 0
2716 139 143 0
2717 139 142 0
2718 139 140 0
2719 139 140 0
2720 139 139 0
2721 139 143 0
2722 139 141 0
2723 139 140 0
2724 139 142 0
2725 139 142 0
2726 139 144 0
2727 139 142 2270
2728 139 142 0
2729 139 143 2659
2730 139 139 2659
2731 139 140 2598
2732 139 140 2598
2733 139 139 2670
2734 139 140 2670
2735 139 139 2554
2736 139 139 2554
2737 139 140 2660
2738 139 140 2660
2739 139 142 2559
2740 139 139 2559
2741 139 143 2662
2742 139 139 2662
2743 139 140 2605
2744 139 139 2605
2745 139 142 0
2746 139 140 0
2747 139 139 2609
2748 139 145 2609
2749 139 139 2089
2750 139 139 2089
2751 139 139 2566
2752 139 145 2566
2753 139 146 2483
2754 139 139 2483
2755 139 139 2043
2756 139 139 2043
2757 139 143 2006
2758 139 139 2006
2759 139 139 2622
2760 139 140 2622
2761 139 139 2713
2762 139 139 2713
2763 139 143 2270
2764 139 140 2470
2765 139 139 2470
2766 139 139 0
2767 139 144 0
2768 139 140 2462
2769 139 139 2462
2770 139 139 2701
2771 139 140 2701
2772 139 139 2407
2773 139 141 2407
2774 139 142 2478
2775 139 139 2478
2776 139 139 0
2777 139 143 0
2778 140 154 0
2779 140 144 0
2780 140 148 0
2781 140 141 0
2782 140 141 0
2783 140 154 2426
2784 140 140 2426
2785 140 140 0
2786 140 144 0
2787 140 141 2654
2788 140 142 2654
2789 140 140 2550
2790 140 142 2550
2791 140 140 0
2792 140 143 0
2793 140 144 2776
2794 140 140 2776
2795 140 140 2744
2796 140 142 2744
2797 140 140 2599
2798 140 140 2599
2799 140 144 2529
2800 140 140 2529
2801 140 141 2736
2802 140 142 2736
2803 140 141 2673
2804 140 144 2673
2805 140 152 2710
2806 140 140 2710
2807 140 140 2438
2808 140 157 2438
2809 140 140 2740
2810 140 140 2740
2811 140 141 2618
2812 140 141 2618
2813 140 144 2756
2814 140 140 2756
2815 140 140 2761
2816 140 140 2761
2817 140 141 2759
2818 140 140 2759
2819 140 140 2691
2820 140 141 2691
2821 140 141 2614
2822 140 141 2614
2823 140 140 2331
2824 140 144 2331
2825 140 142 2775
2826 140 140 2775
2827 140 140 2695
2828 140 140 2695
2829 140 140 0
2830 140 140 0
2831 140 140 0
2832 140 154 0
2833 140 142 0
2834 140 144 0
2835 140 143 0
2836 141 150 0
2837 141 145 0
2838 141 152 0
2839 141 143 0
2840 141 145 0
2841 141 144 0
2842 141 141 0
2843 141 145 0
2844 141 145 2428
2845 141 141 2428
2846 141 141 2364
2847 141 151 2364
2848 141 141 2731
2849 141 141 2731
2850 141 141 2797
2851 141 141 2797
2852 141 144 2737
2853 141 143 2737
2854 141 144 2302
2855 141 145 2302
2856 141 141 2732
2857 141 141 2732
2858 141 142 2743
2859 141 141 2743
2860 141 156 2590
2861 141 141 2590
2862 141 141 2557
2863 141 141 2557
2864 141 142 2810
2865 141 142 2810
2866 141 150 2680
2867 141 142 2680
2868 141 141 0
2869 141 141 0
2870 141 143 2633
2871 141 141 2633
2872 141 142 2621
2873 141 142 2621
2874 141 145 0
2875 141 141 0
2876 141 141 2764
2877 141 143 2764
2878 141 141 2401
2879 141 150 2401
2880 141 141 2771
2881 141 142 2771
2882 141 141 0
2883 141 141 0
2884 141 141 2828
2885 141 141 2828
2886 141 145 2702
2887 141 142 2702
2888 141 141 0
2889 141 147 0
2890 141 144 0
2891 141 142 0
2892 141 144 0
2893 142 165 0
2894 142 144 0
2895 142 146 0
2896 142 144 0
2897 142 142 0
2898 142 143 0
2899 142 142 2787
2900 142 142 2787
2901 142 150 0
2902 142 151 0
2903 142 142 2861
2904 142 156 2861
2905 142 144 2656
2906 142 144 2656
2907 142 142 0
2908 142 142 0
2909 142 142 2888
2910 142 143 2888
2911 142 143 2849
2912 142 142 2849
2913 142 142 2801
2914 142 143 2801
2915 142 145 0
2916 142 144 0
2917 142 142 2851
2918 142 142 2851
2919 142 142 0
2920 142 151 0
2921 142 142 2664
2922 142 144 2664
2923 142 144 2608
2924 142 145 2608
2925 142 142 2857
2926 142 144 2857
2927 142 142 2677
2928 142 142 2677
2929 142 142 2859
2930 142 142 2859
2931 142 149 1879
2932 142 142 1879
2933 142 148 0
2934 142 142 0
2935 142 143 2628
2936 142 142 2628
2937 142 142 2822
2938 142 142 2822
2939 142 142 1767
2940 142 145 1767
2941 142 142 2594
2942 142 143 2594
2943 142 142 2812
2944 142 142 2812
2945 142 142 0
2946 142 146 0
2947 142 142 2820
2948 142 144 2820
2949 142 145 2685
2950 142 145 2685
2951 142 144 2878
2952 142 142 2878
2953 142 142 2773
2954 142 142 2773
2955 142 142 2641
2956 142 143 2641
2957 142 142 2213
2958 142 144 2213
2959 142 142 2885
2960 142 142 2885
2961 142 142 2708
2962 142 142 2708
2963 142 149 0
2964 142 142 0
2965 142 142 0
2966 143 143 0
2967 143 147 0
2968 143 147 0
2969 143 152 2865
2970 143 146 2900
2971 143 143 2900
2972 143 145 2912
2973 143 143 2912
2974 143 143 2790
2975 143 143 2790
2976 143 151 0
2977 143 143 0
2978 143 149 2919
2979 143 143 2919
2980 143 143 2909
2981 143 143 2909
2982 143 143 2788
2983 143 145 2788
2984 143 144 2913
2985 143 147 2913
2986 143 152 2022
2987 143 143 2022
2988 143 143 2917
2989 143 143 2917
2990 143 144 2865
2991 143 143 2665
2992 143 144 2665
2993 143 147 2739
2994 143 144 2739
2995 143 147 0
2996 143 143 0
2997 143 143 2024
2998 143 147 2024
2999 143 143 2929
3000 143 143 2929
3001 143 144 2678
3002 143 144 2678
3003 143 147 2867
3004 143 143 2867
3005 143 143 2944
3006 143 143 2944
3007 143 147 2610
3008 143 144 2610
3009 143 143 2140
3010 143 147 2140
3011 143 144 2930
3012 143 143 2930
3013 143 143 2833
3014 143 144 2833
3015 143 147 2686
3016 143 143 2686
3017 143 143 2458
3018 143 146 2458
3019 143 144 2872
3020 143 143 2872
3021 143 147 2938
3022 143 149 2938
3023 143 143 0
3024 143 144 0
3025 143 143 2635
3026 143 145 2635
3027 143 143 2583
3028 143 143 2583
3029 143 145 2873
3030 143 143 2873
3031 143 143 2955
3032 143 143 2955
3033 143 146 2953
3034 143 143 2953
3035 143 149 2707
3036 143 144 2707
3037 143 144 2887
3038 143 143 2887
3039 143 143 2881
3040 143 144 2881
3041 143 143 2961
3042 143 145 2961
3043 143 144 2960
3044 143 144 2960
3045 143 145 0
3046 143 147 0
3047 143 151 0
3048 143 145 0
3049 143 148 0
3050 143 143 0
3051 144 153 0
3052 144 146 0
3053 144 147 0
3054 144 152 2898
3055 144 144 2898
3056 144 144 0
3057 144 144 0
3058 144 146 0
3059 144 144 0
3060 144 144 2975
3061 144 146 2975
3062 144 148 2792
3063 144 144 2792
3064 144 144 2911
3065 144 145 2911
3066 144 149 2991
3067 144 146 2991
3068 144 147 2989
3069 144 144 2989
3070 144 153 0
3071 144 144 0
3072 144 144 3000
3073 144 145 3000
3074 144 146 2910
3075 144 144 2910
3076 144 144 2914
3077 144 147 2914
3078 144 144 3005
3079 144 145 3005
3080 144 148 2942
3081 144 144 2942
3082 144 147 0
3083 144 144 0
3084 144 144 3009
3085 144 144 3009
3086 144 155 0
3087 144 144 0
3088 144 144 2763
3089 144 144 2763
3090 144 144 2870
3091 144 144 2870
3092 144 144 3027
3093 144 146 3027
3094 144 144 2877
3095 144 150 2877
3096 144 145 2835
3097 144 144 2835
3098 144 144 0
3099 144 145 0
3100 144 144 3041
3101 144 148 3041
3102 144 145 0
3103 144 144 0
3104 144 145 0
3105 144 144 0
3106 145 146 0
3107 145 145 0
3108 145 145 0
3109 145 147 0
3110 145 149 0
3111 145 150 0
3112 145 147 0
3113 145 159 3056
3114 145 154 3056
3115 145 145 3059
3116 145 145 3059
3117 145 147 3075
3118 145 145 3075
3119 145 148 2905
3120 145 145 2905
3121 145 148 2990
3122 145 145 2990
3123 145 147 2854
3124 145 145 2854
3125 145 145 3072
3126 145 159 3072
3127 145 145 2923
3128 145 145 2923
3129 145 147 2992
3130 145 146 2992
3131 145 149 3076
3132 145 145 3076
3133 145 146 2926
3134 145 146 2926
3135 145 145 3024
3136 145 145 3024
3137 145 147 2951
3138 145 146 2951
3139 145 147 3083
3140 145 145 3083
3141 145 147 3002
3142 145 145 3002
3143 145 145 2890
3144 145 145 2890
3145 145 145 2682
3146 145 145 2682
3147 145 149 2793
3148 145 147 2793
3149 145 151 2813
3150 145 145 2813
3151 145 147 3089
3152 145 145 3089
3153 145 152 3019
3154 145 146 3019
3155 145 159 2824
3156 145 149 2824
3157 145 149 3008
3158 145 149 3008
3159 145 145 3084
3160 145 145 3084
3161 145 146 3094
3162 145 145 3094
3163 145 147 3088
3164 145 145 3088
3165 145 147 0
3166 145 145 0
3167 145 147 3091
3168 145 149 3091
3169 145 149 0
3170 145 148 0
3171 145 149 2958
3172 145 145 2958
3173 145 145 3040
3174 145 146 3040
3175 145 145 3044
3176 145 147 3044
3177 145 148 2767
3178 145 145 2767
3179 145 145 0
3180 145 145 0
3181 145 149 3105
3182 145 149 3105
3183 145 147 3037
3184 145 145 3037
3185 145 145 2620
3186 145 145 2620
3187 145 145 0
3188 145 145 0
3189 145 145 0
3190 145 145 0
3191 145 149 0
3192 145 146 0
3193 146 149 0
3194 146 146 0
3195 146 152 0
3196 146 151 0
3197 146 147 0
3198 146 149 0
3199 146 146 0
3200 146 155 0
3201 146 146 3115
3202 146 146 3115
3203 146 148 2972
3204 146 146 2972
3205 146 146 3102
3206 146 150 3102
3207 146 148 2983
3208 146 147 2983
3209 146 147 0
3210 146 146 0
3211 146 147 3104
3212 146 147 3104
3213 146 146 2924
3214 146 148 2924
3215 146 147 3073
3216 146 146 3073
3217 146 146 3135
3218 146 147 3135
3219 146 148 3143
3220 146 151 3143
3221 146 147 3128
3222 146 150 3128
3223 146 152 2752
3224 146 148 2752
3225 146 146 0
3226 146 148 0
3227 146 146 3188
3228 146 152 3188
3229 146 146 3145
3230 146 150 3145
3231 146 150 2949
3232 146 148 2949
3233 146 149 3026
3234 146 146 3026
3235 146 146 3150
3236 146 146 3150
3237 146 146 2874
3238 146 149 2874
3239 146 147 3186
3240 146 146 3186
3241 146 150 3152
3242 146 146 3152
3243 146 149 3042
3244 146 147 3042
3245 146 147 3175
3246 146 147 3175
3247 146 150 3160
3248 146 146 3160
3249 146 148 3045
3250 146 151 3045
3251 146 146 3185
3252 146 147 3185
3253 146 147 0
3254 146 149 0
3255 146 148 0
3256 146 147 0
3257 146 146 0
3258 147 149 0
3259 147 149 0
3260 147 151 3213
3261 147 147 3201
3262 147 150 3201
3263 147 151 3061
3264 147 147 3061
3265 147 147 3130
3266 147 147 3130
3267 147 147 2970
3268 147 147 2970
3269 147 147 3067
3270 147 147 3067
3271 147 147 3058
3272 147 149 3058
3273 147 151 3074
3274 147 147 3074
3275 147 148 3213
3276 147 147 3210
3277 147 147 3210
3278 147 148 2753
3279 147 147 2753
3280 147 147 3018
3281 147 151 3018
3282 147 155 3133
3283 147 147 3133
3284 147 148 3217
3285 147 147 3217
3286 147 148 0
3287 147 152 0
3288 147 147 3216
3289 147 148 3216
3290 147 148 0
3291 147 147 3235
3292 147 147 3235
3293 147 148 3161
3294 147 148 3161
3295 147 147 3174
3296 147 149 3174
3297 147 153 2946
3298 147 150 2946
3299 147 147 3033
3300 147 156 3033
3301 147 147 3093
3302 147 147 3093
3303 147 149 3192
3304 147 147 3192
3305 147 163 0
3306 148 149 0
3307 148 158 0
3308 148 159 0
3309 148 148 0
3310 148 152 0
3311 148 157 0
3312 148 148 3261
3313 148 148 3261
3314 148 148 3271
3315 148 148 3271
3316 148 148 3268
3317 148 148 3268
3318 148 148 0
3319 148 149 0
3320 148 153 3117
3321 148 149 3117
3322 148 148 3068
3323 148 157 3068
3324 148 154 3123
3325 148 148 3123
3326 148 148 3253
3327 148 150 3253
3328 148 148 2531
3329 148 148 2531
3330 148 149 3208
3331 148 148 3208
3332 148 148 3129
3333 148 148 3129
3334 148 150 0
3335 148 148 0
3336 148 154 2993
3337 148 148 2993
3338 148 148 3209
3339 148 148 3209
3340 148 152 2667
3341 148 148 2667
3342 148 151 2248
3343 148 148 2248
3344 148 150 3256
3345 148 154 3256
3346 148 150 3139
3347 148 152 3139
3348 148 148 3221
3349 148 148 3221
3350 148 148 3077
3351 148 148 3077
3352 148 152 3010
3353 148 148 3010
3354 148 150 3141
3355 148 152 3141
3356 148 151 2255
3357 148 149 2255
3358 148 149 3137
3359 148 148 3137
3360 148 148 0
3361 148 150 0
3362 148 151 3148
3363 148 148 3148
3364 148 150 3163
3365 148 150 3163
3366 148 152 0
3367 148 148 0
3368 148 153 3015
3369 148 151 3015
3370 148 148 3302
3371 148 151 3302
3372 148 150 3167
3373 148 152 3167
3374 148 149 3246
3375 148 151 3246
3376 148 150 3252
3377 148 150 3252
3378 148 152 0
3379 148 150 0
3380 148 149 0
3381 148 149 0
3382 148 148 0
3383 149 153 0
3384 149 152 0
3385 149 149 3318
3386 149 149 3318
3387 149 149 3312
3388 149 149 3312
3389 149 150 3203
3390 149 149 3203
3391 149 153 3325
3392 149 149 3325
3393 149 149 3119
3394 149 154 3119
3395 149 150 3207
3396 149 149 3207
3397 149 149 3315
3398 149 149 3315
3399 149 154 3329
3400 149 149 3329
3401 149 149 3332
3402 149 149 3332
3403 149 150 3338
3404 149 150 3338
3405 149 149 3275
3406 149 149 3275
3407 149 149 2671
3408 149 149 2671
3409 149 153 3214
3410 149 149 3214
3411 149 153 3289
3412 149 153 3289
3413 149 149 3284
3414 149 149 3284
3415 149 151 0
3416 149 150 0
3417 149 149 0
3418 149 150 0
3419 149 149 3278
3420 149 150 3278
3421 149 153 3255
3422 149 153 3255
3423 149 151 3350
3424 149 149 3350
3425 149 149 3353
3426 149 150 3353
3427 149 149 2933
3428 149 155 2933
3429 149 149 2612
3430 149 149 2612
3431 149 149 3170
3432 149 149 3170
3433 149 150 3294
3434 149 149 3294
3435 149 149 3049
3436 149 149 3049
3437 149 163 3177
3438 149 149 3177
3439 149 153 3249
3440 149 149 3249
3441 149 151 0
3442 149 149 0
3443 149 149 0
3444 149 153 0
3445 149 149 0
3446 150 161 0
3447 150 150 0
3448 150 153 0
3449 150 154 0
3450 150 153 0
3451 150 150 0
3452 150 153 0
3453 150 158 3427
3454 150 150 3386
3455 150 150 3386
3456 150 151 3272
3457 150 150 3272
3458 150 150 3387
3459 150 150 3387
3460 150 150 2978
3461 150 150 2978
3462 150 152 3393
3463 150 152 3393
3464 150 155 3066
3465 150 154 3066
3466 150 150 3319
3467 150 152 3319
3468 150 150 3417
3469 150 150 3417
3470 150 150 3330
3471 150 150 3330
3472 150 151 3402
3473 150 153 3402
3474 150 152 2963
3475 150 150 2963
3476 150 150 3405
3477 150 150 3405
3478 150 150 0
3479 150 150 0
3480 150 152 3407
3481 150 150 3407
3482 150 150 2931
3483 150 156 2931
3484 150 154 3254
3485 150 150 3254
3486 150 152 3442
3487 150 150 3442
3488 150 152 3414
3489 150 155 3414
3490 150 157 0
3491 150 150 0
3492 150 151 3022
3493 150 154 3022
3494 150 151 3427
3495 150 150 3429
3496 150 150 3429
3497 150 153 3358
3498 150 150 3358
3499 150 150 3238
3500 150 154 3238
3501 150 150 3431
3502 150 153 3431
3503 150 150 3434
3504 150 150 3434
3505 150 153 3233
3506 150 150 3233
3507 150 151 3171
3508 150 151 3171
3509 150 158 3182
3510 150 152 3182
3511 150 150 0
3512 150 154 0
3513 150 150 3035
3514 150 153 3035
3515 150 150 3157
3516 150 150 3157
3517 150 155 0
3518 150 157 0
3519 150 150 3243
3520 150 150 3243
3521 150 150 3303
3522 150 154 3303
3523 150 150 0
3524 150 150 0
3525 150 153 0
3526 150 151 0
3527 150 150 0
3528 150 153 0
3529 150 154 0
3530 151 153 0
3531 151 151 0
3532 151 155 0
3533 151 158 0
3534 151 154 0
3535 151 154 3247
3536 151 155 2242
3537 151 151 2242
3538 151 152 3389
3539 151 151 3389
3540 151 151 3460
3541 151 155 3460
3542 151 151 2901
3543 151 155 2901
3544 151 151 3262
3545 151 151 3262
3546 151 151 3327
3547 151 157 3327
3548 151 151 3395
3549 151 151 3395
3550 151 151 3524
3551 151 151 3524
3552 151 151 3470
3553 151 154 3470
3554 151 155 0
3555 151 151 0
3556 151 152 3298
3557 151 151 3298
3558 151 152 3403
3559 151 151 3403
3560 151 156 3334
3561 151 151 3334
3562 151 151 3344
3563 151 151 3344
3564 151 151 3476
3565 151 151 3476
3566 151 153 0
3567 151 152 0
3568 151 151 2866
3569 151 151 2866
3570 151 151 3426
3571 151 155 3426
3572 151 151 3418
3573 151 151 3418
3574 151 155 3354
3575 151 151 3354
3576 151 151 3222
3577 151 152 3222
3578 151 151 3365
3579 151 151 3365
3580 151 151 3416
3581 151 155 3416
3582 151 152 3495
3583 151 153 3495
3584 151 152 3364
3585 151 152 3364
3586 151 155 3231
3587 151 151 3231
3588 151 155 3519
3589 151 151 3519
3590 151 152 3372
3591 151 151 3372
3592 151 151 3515
3593 151 153 3515
3594 151 151 3433
3595 151 152 3433
3596 151 151 3247
3597 151 151 3376
3598 151 151 3376
3599 151 151 0
3600 152 156 0
3601 152 156 0
3602 152 152 0
3603 152 152 0
3604 152 153 0
3605 152 158 3551
3606 152 152 3545
3607 152 152 3545
3608 152 152 0
3609 152 154 0
3610 152 152 3549
3611 152 152 3549
3612 152 155 2976
3613 152 152 2976
3614 152 152 3551
3615 152 152 2847
3616 152 153 2847
3617 152 152 3552
3618 152 152 3552
3619 152 152 3281
3620 152 152 3281
3621 152 152 3472
3622 152 154 3472
3623 152 152 3342
3624 152 156 3342
3625 152 156 3565
3626 152 152 3565
3627 152 152 3415
3628 152 157 3415
3629 152 156 3149
3630 152 152 3149
3631 152 165 3423
3632 152 153 3423
3633 152 154 3492
3634 152 152 3492
3635 152 155 3572
3636 152 152 3572
3637 152 156 3220
3638 152 152 3220
3639 152 155 3576
3640 152 152 3576
3641 152 152 3598
3642 152 152 3598
3643 152 152 3589
3644 152 155 3589
3645 152 154 3362
3646 152 152 3362
3647 152 152 3591
3648 152 154 3591
3649 152 158 3507
3650 152 152 3507
3651 152 152 3375
3652 152 152 3375
3653 152 152 3494
3654 152 154 3494
3655 152 152 3369
3656 152 155 3369
3657 152 156 3250
3658 152 152 3250
3659 152 152 3596
3660 152 152 3596
3661 152 156 3047
3662 152 152 3047
3663 152 154 0
3664 152 152 0
3665 152 156 0
3666 152 153 0
3667 152 152 0
3668 153 164 0
3669 153 167 0
3670 153 155 0
3671 153 157 0
3672 153 155 0
3673 153 153 0
3674 153 155 0
3675 153 154 0
3676 153 155 0
3677 153 153 3611
3678 153 153 3611
3679 153 153 3054
3680 153 153 3054
3681 153 156 3606
3682 153 155 3606
3683 153 153 3614
3684 153 153 3614
3685 153 156 3538
3686 153 153 3538
3687 153 153 0
3688 153 155 0
3689 153 153 3615
3690 153 162 3615
3691 153 156 3462
3692 153 155 3462
3693 153 155 3467
3694 153 154 3467
3695 153 154 3618
3696 153 157 3618
3697 153 154 3556
3698 153 153 3556
3699 153 154 3619
3700 153 153 3619
3701 153 159 0
3702 153 153 0
3703 153 155 3558
3704 153 159 3558
3705 153 153 3474
3706 153 153 3474
3707 153 153 3287
3708 153 155 3287
3709 153 157 3223
3710 153 153 3223
3711 153 155 2805
3712 153 153 2805
3713 153 153 0
3714 153 159 0
3715 153 153 0
3716 153 155 0
3717 153 154 3480
3718 153 153 3480
3719 153 153 3486
3720 153 155 3486
3721 153 155 3488
3722 153 157 3488
3723 153 153 3228
3724 153 158 3228
3725 153 153 0
3726 153 157 0
3727 153 153 3636
3728 153 153 3636
3729 153 153 3582
3730 153 153 3582
3731 153 154 3620
3732 153 153 3620
3733 153 153 3366
3734 153 157 3366
3735 153 153 3584
3736 153 155 3584
3737 153 154 3153
3738 153 154 3153
3739 153 156 3641
3740 153 153 3641
3741 153 155 3595
3742 153 155 3595
3743 153 155 3590
3744 153 153 3590
3745 153 154 3510
3746 153 153 3510
3747 153 155 3650
3748 153 153 3650
3749 153 155 3373
3750 153 153 3373
3751 153 153 3658
3752 153 153 3658
3753 153 153 0
3754 153 153 0
3755 154 162 0
3756 154 160 0
3757 154 160 0
3758 154 156 0
3759 154 155 3677
3760 154 154 3677
3761 154 154 3679
3762 154 154 3679
3763 154 157 3683
3764 154 155 3683
3765 154 155 0
3766 154 154 0
3767 154 154 3473
3768 154 163 3473
3769 154 157 0
3770 154 154 0
3771 154 155 0
3772 154 155 0
3773 154 154 3070
3774 154 155 3070
3775 154 154 3409
3776 154 155 3409
3777 154 154 3705
3778 154 154 3705
3779 154 158 3320
3780 154 155 3320
3781 154 154 3632
3782 154 158 3632
3783 154 154 3525
3784 154 154 3525
3785 154 154 3713
3786 154 155 3713
3787 154 158 0
3788 154 154 0
3789 154 155 3727
3790 154 157 3727
3791 154 155 3583
3792 154 156 3583
3793 154 156 3735
3794 154 154 3735
3795 154 154 3497
3796 154 155 3497
3797 154 156 3505
3798 154 158 3505
3799 154 156 3666
3800 154 154 3666
3801 154 154 3412
3802 154 154 3412
3803 154 155 0
3804 154 155 0
3805 154 158 3514
3806 154 154 3514
3807 154 155 0
3808 154 154 0
3809 154 154 3751
3810 154 154 3751
3811 154 154 3444
3812 154 155 3444
3813 154 155 3297
3814 154 157 3297
3815 154 154 0
3816 154 160 0
3817 154 154 0
3818 154 158 0
3819 154 154 0
3820 154 156 0
3821 155 160 0
3822 155 157 0
3823 155 155 0
3824 155 155 3694
3825 155 155 3694
3826 155 163 3114
3827 155 155 3114
3828 155 156 3675
3829 155 155 3675
3830 155 158 3760
3831 155 155 3760
3832 155 157 3609
3833 155 155 3609
3834 155 164 0
3835 155 155 0
3836 155 155 3324
3837 155 155 3324
3838 155 155 3394
3839 155 156 3394
3840 155 155 3770
3841 155 155 3770
3842 155 155 3663
3843 155 155 3663
3844 155 164 3399
3845 155 155 3399
3846 155 157 3336
3847 155 155 3336
3848 155 155 3775
3849 155 155 3775
3850 155 155 3622
3851 155 155 3622
3852 155 159 3484
3853 155 155 3484
3854 155 158 3345
3855 155 155 3345
3856 155 158 3778
3857 155 155 3778
3858 155 155 3717
3859 155 155 3717
3860 155 155 3699
3861 155 155 3699
3862 155 156 3785
3863 155 157 3785
3864 155 159 3784
3865 155 155 3784
3866 155 155 3817
3867 155 155 3817
3868 155 155 3801
3869 155 155 3801
3870 155 155 3811
3871 155 155 3811
3872 155 155 0
3873 155 155 0
3874 155 156 3512
3875 155 155 3512
3876 155 155 3738
3877 155 158 3738
3878 155 155 0
3879 155 155 0
3880 155 155 3654
3881 155 156 3654
3882 155 155 3809
3883 155 156 3809
3884 155 155 3648
3885 155 156 3648
3886 155 155 0
3887 155 156 0
3888 155 155 3522
3889 155 156 3522
3890 155 156 0
3891 155 164 0
3892 155 155 0
3893 156 157 0
3894 156 156 0
3895 156 159 0
3896 156 160 0
3897 156 159 0
3898 156 160 0
3899 156 160 3850
3900 156 159 3824
3901 156 158 3824
3902 156 162 3835
3903 156 156 3835
3904 156 159 3536
3905 156 156 3536
3906 156 159 3682
3907 156 156 3682
3908 156 158 3688
3909 156 159 3688
3910 156 156 3765
3911 156 157 3765
3912 156 160 3464
3913 156 159 3464
3914 156 156 3764
3915 156 156 3764
3916 156 163 0
3917 156 156 0
3918 156 165 3612
3919 156 156 3612
3920 156 156 3831
3921 156 156 3831
3922 156 158 0
3923 156 158 0
3924 156 159 3836
3925 156 156 3836
3926 156 156 3554
3927 156 158 3554
3928 156 156 3849
3929 156 156 3849
3930 156 156 3840
3931 156 156 3840
3932 156 161 3850
3933 156 160 3692
3934 156 156 3692
3935 156 160 3774
3936 156 156 3774
3937 156 165 3780
3938 156 156 3780
3939 156 159 3711
3940 156 156 3711
3941 156 157 3428
3942 156 156 3428
3943 156 157 3703
3944 156 156 3703
3945 156 156 3716
3946 156 160 3716
3947 156 156 3859
3948 156 157 3859
3949 156 159 3860
3950 156 156 3860
3951 156 161 3708
3952 156 156 3708
3953 156 160 0
3954 156 156 0
3955 156 156 3639
3956 156 156 3639
3957 156 158 3086
3958 156 156 3086
3959 156 158 3892
3960 156 156 3892
3961 156 156 3789
3962 156 158 3789
3963 156 159 3282
3964 156 157 3282
3965 156 158 3866
3966 156 157 3866
3967 156 160 0
3968 156 159 0
3969 156 160 3791
3970 156 157 3791
3971 156 157 3786
3972 156 158 3786
3973 156 160 3813
3974 156 160 3813
3975 156 159 3804
3976 156 158 3804
3977 156 156 3742
3978 156 156 3742
3979 156 156 3796
3980 156 158 3796
3981 156 157 3807
3982 156 156 3807
3983 156 156 3644
3984 156 156 3644
3985 156 156 3870
3986 156 156 3870
3987 156 157 3873
3988 156 157 3873
3989 156 157 3588
3990 156 156 3588
3991 156 156 3736
3992 156 160 3736
3993 156 156 3878
3994 156 158 3878
3995 156 157 3741
3996 156 157 3741
3997 156 159 3884
3998 156 156 3884
3999 156 156 3747
4000 156 156 3747
4001 156 156 3656
4002 156 156 3656
4003 156 160 0
4004 156 158 0
4005 156 156 0
4006 157 159 0
4007 157 161 0
4008 157 157 0
4009 157 161 0
4010 157 160 0
4011 157 157 3919
4012 157 161 3919
4013 157 157 0
4014 157 159 0
4015 157 157 3685
4016 157 158 3685
4017 157 157 3921
4018 157 157 3921
4019 157 157 0
4020 157 158 0
4021 157 157 3914
4022 157 158 3914
4023 157 157 3691
4024 157 158 3691
4025 157 157 3681
4026 157 157 3681
4027 157 157 2860
4028 157 157 2860
4029 157 161 3926
4030 157 157 3926
4031 157 162 3929
4032 157 158 3929
4033 157 160 3560
4034 157 157 3560
4035 157 161 3483
4036 157 157 3483
4037 157 163 3890
4038 157 157 3890
4039 157 160 3925
4040 157 157 3925
4041 157 157 3934
4042 157 157 3934
4043 157 157 3940
4044 157 157 3940
4045 157 157 0
4046 157 157 0
4047 157 170 3629
4048 157 157 3629
4049 157 157 3984
4050 157 157 3984
4051 157 159 3862
4052 157 157 3862
4053 157 157 3665
4054 157 157 3665
4055 157 157 3955
4056 157 157 3955
4057 157 157 3625
4058 157 157 3625
4059 157 157 3881
4060 157 159 3881
4061 157 160 3797
4062 157 157 3797
4063 157 161 3799
4064 157 159 3799
4065 157 159 3793
4066 157 159 3793
4067 157 157 3977
4068 157 157 3977
4069 157 162 3983
4070 157 157 3983
4071 157 157 3883
4072 157 157 3883
4073 157 157 3874
4074 157 157 3874
4075 157 161 3889
4076 157 157 3889
4077 157 157 3990
4078 157 157 3990
4079 157 158 3661
4080 157 159 3661
4081 157 157 3739
4082 157 157 3739
4083 157 159 3885
4084 157 157 3885
4085 157 157 0
4086 157 157 0
4087 157 158 0
4088 158 161 0
4089 158 159 0
4090 158 160 3911
4091 158 159 3911
4092 158 162 0
4093 158 158 0
4094 158 158 3763
4095 158 158 3763
4096 158 159 3769
4097 158 158 3769
4098 158 161 4023
4099 158 158 4023
4100 158 159 4018
4101 158 161 4018
4102 158 159 4027
4103 158 159 4027
4104 158 158 3696
4105 158 159 3696
4106 158 164 0
4107 158 158 0
4108 158 159 2808
4109 158 159 2808
4110 158 158 4043
4111 158 161 4043
4112 158 158 3941
4113 158 164 3941
4114 158 159 4056
4115 158 159 4056
4116 158 166 4045
4117 158 158 4045
4118 158 158 0
4119 158 158 0
4120 158 158 3709
4121 158 158 3709
4122 158 159 3943
4123 158 158 3943
4124 158 158 4058
4125 158 159 4058
4126 158 161 3948
4127 158 159 3948
4128 158 158 3628
4129 158 160 3628
4130 158 158 3490
4131 158 159 3490
4132 158 165 4053
4133 158 159 4053
4134 158 161 4050
4135 158 158 4050
4136 158 158 3863
4137 158 159 3863
4138 158 159 4046
4139 158 158 4046
4140 158 159 3964
4141 158 159 3964
4142 158 165 4085
4143 158 158 4085
4144 158 158 4054
4145 158 158 4054
4146 158 158 3734
4147 158 158 3734
4148 158 158 3996
4149 158 159 3996
4150 158 162 0
4151 158 158 0
4152 158 158 3987
4153 158 158 3987
4154 158 160 4067
4155 158 158 4067
4156 158 159 4084
4157 158 158 4084
4158 158 159 4074
4159 158 159 4074
4160 158 158 4068
4161 158 158 4068
4162 158 158 0
4163 158 158 0
4164 158 158 4059
4165 158 158 4059
4166 158 160 3970
4167 158 158 3970
4168 158 158 4071
4169 158 158 4071
4170 158 159 4082
4171 158 162 4082
4172 158 162 4077
4173 158 158 4077
4174 158 158 3989
4175 158 158 3989
4176 158 158 3981
4177 158 164 3981
4178 158 158 0
4179 158 158 0
4180 158 159 0
4181 158 158 0
4182 158 161 0
4183 158 158 0
4184 159 163 0
4185 159 166 0
4186 159 159 0
4187 159 159 4094
4188 159 159 4094
4189 159 159 3830
4190 159 159 3830
4191 159 159 3923
4192 159 159 3923
4193 159 159 3927
4194 159 159 3927
4195 159 159 4020
4196 159 163 4020
4197 159 161 4016
4198 159 160 4016
4199 159 159 4032
4200 159 159 4032
4201 159 159 3854
4202 159 159 3854
4203 159 159 4022
4204 159 159 4022
4205 159 160 3856
4206 159 160 3856
4207 159 159 4110
4208 159 159 4110
4209 159 161 4004
4210 159 159 4004
4211 159 159 4120
4212 159 159 4120
4213 159 164 4124
4214 159 163 4124
4215 159 159 3959
4216 159 159 3959
4217 159 161 0
4218 159 159 0
4219 159 159 3957
4220 159 159 3957
4221 159 159 4130
4222 159 159 4130
4223 159 164 4144
4224 159 159 4144
4225 159 160 4146
4226 159 159 4146
4227 159 161 3798
4228 159 163 3798
4229 159 159 4183
4230 159 159 4183
4231 159 162 3965
4232 159 159 3965
4233 159 159 3509
4234 159 160 3509
4235 159 159 4173
4236 159 159 4173
4237 159 159 3649
4238 159 160 3649
4239 159 163 4152
4240 159 163 4152
4241 159 160 4164
4242 159 160 4164
4243 159 163 4174
4244 159 159 4174
4245 159 159 3994
4246 159 160 3994
4247 159 159 4162
4248 159 159 4162
4249 159 162 4160
4250 159 159 4160
4251 159 159 4169
4252 159 159 4169
4253 159 159 3877
4254 159 161 3877
4255 159 163 3805
4256 159 159 3805
4257 159 166 0
4258 159 159 0
4259 159 159 0
4260 159 159 0
4261 160 162 0
4262 160 163 0
4263 160 160 0
4264 160 164 4201
4265 160 160 4190
4266 160 160 4190
4267 160 162 3909
4268 160 160 3909
4269 160 163 0
4270 160 160 0
4271 160 165 4189
4272 160 160 4189
4273 160 161 0
4274 160 161 0
4275 160 160 4204
4276 160 160 4204
4277 160 160 4193
4278 160 160 4193
4279 160 160 4109
4280 160 160 4109
4281 160 160 4103
4282 160 160 4103
4283 160 160 4105
4284 160 161 4105
4285 160 167 4192
4286 160 161 4192
4287 160 160 4199
4288 160 162 4199
4289 160 161 4188
4290 160 160 4188
4291 160 160 4108
4292 160 160 4108
4293 160 161 3913
4294 160 160 3913
4295 160 162 4180
4296 160 162 4180
4297 160 160 4127
4298 160 162 4127
4299 160 160 3939
4300 160 160 3939
4301 160 160 4137
4302 160 160 4137
4303 160 160 3701
4304 160 163 3701
4305 160 162 4201
4306 160 169 0
4307 160 162 0
4308 160 160 4211
4309 160 160 4211
4310 160 160 4232
4311 160 161 4232
4312 160 161 4220
4313 160 160 4220
4314 160 160 4216
4315 160 160 4216
4316 160 162 4141
4317 160 160 4141
4318 160 163 4221
4319 160 161 4221
4320 160 165 4138
4321 160 160 4138
4322 160 162 4115
4323 160 161 4115
4324 160 160 0
4325 160 160 0
4326 160 160 3968
4327 160 163 3968
4328 160 162 4256
4329 160 164 4256
4330 160 160 0
4331 160 160 0
4332 160 160 0
4333 160 161 0
4334 160 160 4131
4335 160 160 4131
4336 160 162 4065
4337 160 162 4065
4338 160 161 4140
4339 160 160 4140
4340 160 160 4235
4341 160 160 4235
4342 160 161 4253
4343 160 160 4253
4344 160 162 4247
4345 160 160 4247
4346 160 160 3975
4347 160 160 3975
4348 160 164 4159
4349 160 160 4159
4350 160 160 4060
4351 160 160 4060
4352 160 161 4252
4353 160 160 4252
4354 160 160 4083
4355 160 161 4083
4356 160 164 0
4357 160 160 0
4358 161 162 0
4359 161 165 0
4360 161 162 0
4361 161 163 0
4362 161 162 0
4363 161 162 0
4364 161 161 0
4365 161 165 4206
4366 161 161 4265
4367 161 161 4265
4368 161 164 0
4369 161 161 0
4370 161 161 4290
4371 161 163 4290
4372 161 161 4268
4373 161 161 4268
4374 161 162 4292
4375 161 161 4292
4376 161 162 4280
4377 161 161 4280
4378 161 162 3912
4379 161 161 3912
4380 161 161 4279
4381 161 161 4279
4382 161 161 0
4383 161 161 0
4384 161 161 4275
4385 161 163 4275
4386 161 161 4281
4387 161 165 4281
4388 161 161 4283
4389 161 163 4283
4390 161 161 3933
4391 161 161 3933
4392 161 162 4302
4393 161 161 4302
4394 161 166 4300
4395 161 161 4300
4396 161 161 4303
4397 161 172 4303
4398 161 161 4205
4399 161 161 4205
4400 161 162 0
4401 161 161 0
4402 161 161 4308
4403 161 162 4308
4404 161 162 4310
4405 161 162 4310
4406 161 167 4325
4407 161 161 4325
4408 161 161 4315
4409 161 161 4315
4410 161 162 4206
4411 161 163 0
4412 161 162 0
4413 161 161 4129
4414 161 161 4129
4415 161 165 3967
4416 161 161 3967
4417 161 161 0
4418 161 163 0
4419 161 162 4330
4420 161 161 4330
4421 161 161 4334
4422 161 161 4334
4423 161 164 4225
4424 161 161 4225
4425 161 162 4234
4426 161 162 4234
4427 161 161 4349
4428 161 161 4349
4429 161 161 4340
4430 161 161 4340
4431 161 161 0
4432 161 162 0
4433 161 167 4061
4434 161 161 4061
4435 161 161 4241
4436 161 165 4241
4437 161 165 4347
4438 161 161 4347
4439 161 161 4166
4440 161 161 4166
4441 161 162 4246
4442 161 162 4246
4443 161 161 4350
4444 161 164 4350
4445 161 164 4351
4446 161 161 4351
4447 161 161 4154
4448 161 161 4154
4449 161 163 0
4450 161 161 0
4451 161 161 0
4452 161 162 0
4453 161 162 0
4454 161 164 0
4455 161 161 0
4456 161 161 0
4457 161 161 0
4458 162 162 0
4459 162 167 0
4460 162 163 0
4461 162 166 0
4462 162 162 4367
4463 162 162 4367
4464 162 162 4373
4465 162 163 4373
4466 162 162 4386
4467 162 163 4386
4468 162 162 4286
4469 162 163 4286
4470 162 162 4273
4471 162 162 4273
4472 162 162 0
4473 162 169 0
4474 162 162 4382
4475 162 162 4382
4476 162 162 4197
4477 162 164 4197
4478 162 162 4388
4479 162 162 4388
4480 162 163 0
4481 162 163 0
4482 162 162 4289
4483 162 162 4289
4484 162 162 4384
4485 162 164 4384
4486 162 163 4293
4487 162 162 4293
4488 162 162 4098
4489 162 162 4098
4490 162 165 4375
4491 162 162 4375
4492 162 162 4311
4493 162 163 4311
4494 162 162 0
4495 162 164 0
4496 162 162 4035
4497 162 162 4035
4498 162 162 4209
4499 162 170 4209
4500 162 162 4111
4501 162 165 4111
4502 162 163 4101
4503 162 162 4101
4504 162 162 4398
4505 162 165 4398
4506 162 165 4402
4507 162 162 4402
4508 162 171 4312
4509 162 162 4312
4510 162 162 4126
4511 162 163 4126
4512 162 162 4409
4513 162 163 4409
4514 162 162 4323
4515 162 164 4323
4516 162 162 4063
4517 162 162 4063
4518 162 162 4407
4519 162 164 4407
4520 162 162 4333
4521 162 162 4333
4522 162 162 4413
4523 162 162 4413
4524 162 163 4182
4525 162 162 4182
4526 162 164 3951
4527 162 162 3951
4528 162 162 4420
4529 162 162 4420
4530 162 162 4422
4531 162 162 4422
4532 162 162 0
4533 162 163 0
4534 162 163 4429
4535 162 163 4429
4536 162 162 4448
4537 162 163 4448
4538 162 162 4338
4539 162 163 4338
4540 162 166 4435
4541 162 163 4435
4542 162 163 4439
4543 162 162 4439
4544 162 165 4254
4545 162 162 4254
4546 162 166 4457
4547 162 162 4457
4548 162 162 0
4549 162 166 0
4550 162 164 4446
4551 162 162 4446
4552 162 165 4355
4553 162 162 4355
4554 162 164 0
4555 162 162 0
4556 162 162 0
4557 162 162 0
4558 162 162 0
4559 162 162 0
4560 162 162 0
4561 163 163 0
4562 163 163 4462
4563 163 163 4462
4564 163 163 4092
4565 163 163 4092
4566 163 163 4376
4567 163 163 4376
4568 163 163 4267
4569 163 163 4267
4570 163 167 4463
4571 163 163 4463
4572 163 163 4378
4573 163 163 4378
4574 163 163 4503
4575 163 163 4503
4576 163 163 3902
4577 163 164 3902
4578 163 164 4478
4579 163 163 4478
4580 163 163 0
4581 163 163 0
4582 163 163 4470
4583 163 163 4470
4584 163 163 4474
4585 163 164 4474
4586 163 163 4488
4587 163 163 4488
4588 163 163 4483
4589 163 163 4483
4590 163 163 4031
4591 163 164 4031
4592 163 163 4305
4593 163 163 4305
4594 163 163 4498
4595 163 163 4498
4596 163 165 4404
4597 163 165 4404
4598 163 164 0
4599 163 163 0
4600 163 163 4496
4601 163 163 4496
4602 163 165 4504
4603 163 163 4504
4604 163 166 4523
4605 163 172 4523
4606 163 171 4410
4607 163 163 4410
4608 163 167 4403
4609 163 165 4403
4610 163 163 4510
4611 163 164 4510
4612 163 163 4288
4613 163 164 4288
4614 163 164 0
4615 163 165 0
4616 163 163 4517
4617 163 163 4517
4618 163 163 4150
4619 163 163 4150
4620 163 165 4316
4621 163 163 4316
4622 163 163 4497
4623 163 163 4497
4624 163 163 4557
4625 163 163 4557
4626 163 165 4307
4627 163 163 4307
4628 163 163 4400
4629 163 163 4400
4630 163 164 4231
4631 163 163 4231
4632 163 163 4520
4633 163 165 4520
4634 163 163 4296
4635 163 164 4296
4636 163 167 4412
4637 163 163 4412
4638 163 164 4419
4639 163 163 4419
4640 163 163 4532
4641 163 163 4532
4642 163 163 4514
4643 163 163 4514
4644 163 163 0
4645 163 163 0
4646 163 164 4452
4647 163 163 4452
4648 163 165 4453
4649 163 164 4453
4650 163 163 4344
4651 163 163 4344
4652 163 163 4425
4653 163 163 4425
4654 163 164 0
4655 163 163 0
4656 163 163 4432
4657 163 165 4432
4658 163 163 4069
4659 163 169 4069
4660 163 163 4538
4661 163 163 4538
4662 163 163 4543
4663 163 163 4543
4664 163 163 4249
4665 163 163 4249
4666 163 164 4337
4667 163 163 4337
4668 163 164 4545
4669 163 163 4545
4670 163 165 4442
4671 163 166 4442
4672 163 165 4172
4673 163 164 4172
4674 163 163 4551
4675 163 163 4551
4676 163 166 4547
4677 163 163 4547
4678 163 163 0
4679 163 166 0
4680 163 164 0
4681 163 163 0
4682 163 163 0
4683 163 165 0
4684 163 166 0
4685 163 163 0
4686 164 166 0
4687 164 165 0
4688 164 165 0
4689 164 168 0
4690 164 164 0
4691 164 164 0
4692 164 165 4569
4693 164 166 4569
4694 164 164 4571
4695 164 167 4571
4696 164 164 4564
4697 164 165 4564
4698 164 164 4469
4699 164 173 4469
4700 164 164 4371
4701 164 164 4371
4702 164 165 4481
4703 164 164 4481
4704 164 164 4269
4705 164 165 4269
4706 164 164 4563
4707 164 164 4563
4708 164 164 4562
4709 164 164 4562
4710 164 169 4583
4711 164 165 4583
4712 164 164 4566
4713 164 164 4566
4714 164 164 3826
4715 164 164 3826
4716 164 164 0
4717 164 166 0
4718 164 167 4574
4719 164 166 4574
4720 164 165 3768
4721 164 164 3768
4722 164 164 4572
4723 164 168 4572
4724 164 164 4581
4725 164 165 4581
4726 164 165 4480
4727 164 164 4480
4728 164 164 4595
4729 164 165 4595
4730 164 164 4389
4731 164 164 4389
4732 164 164 4385
4733 164 164 4385
4734 164 165 3916
4735 164 166 3916
4736 164 166 4486
4737 164 164 4486
4738 164 164 0
4739 164 164 0
4740 164 164 4493
4741 164 164 4493
4742 164 167 4449
4743 164 164 4449
4744 164 164 4594
4745 164 167 4594
4746 164 164 4586
4747 164 175 4586
4748 164 164 4601
4749 164 169 4601
4750 164 165 4593
4751 164 164 4593
4752 164 168 4642
4753 164 165 4642
4754 164 164 4616
4755 164 164 4616
4756 164 164 0
4757 164 169 0
4758 164 164 4524
4759 164 166 4524
4760 164 164 4624
4761 164 164 4624
4762 164 164 4628
4763 164 164 4628
4764 164 165 3305
4765 164 164 3305
4766 164 166 4418
4767 164 164 4418
4768 164 164 4511
4769 164 165 4511
4770 164 165 4651
4771 164 164 4651
4772 164 166 4239
4773 164 165 4239
4774 164 164 4652
4775 164 164 4652
4776 164 164 4655
4777 164 165 4655
4778 164 164 4214
4779 164 164 4214
4780 164 166 4644
4781 164 164 4644
4782 164 165 4533
4783 164 167 4533
4784 164 164 4534
4785 164 166 4534
4786 164 164 4631
4787 164 164 4631
4788 164 165 4660
4789 164 164 4660
4790 164 164 4327
4791 164 165 4327
4792 164 165 4542
4793 164 166 4542
4794 164 164 4618
4795 164 164 4618
4796 164 164 4665
4797 164 164 4665
4798 164 164 4669
4799 164 165 4669
4800 164 164 4674
4801 164 165 4674
4802 164 165 0
4803 164 165 0
4804 164 164 0
4805 164 164 0
4806 164 164 0
4807 164 164 0
4808 164 164 0
4809 164 164 0
4810 164 165 0
4811 165 169 0
4812 165 167 0
4813 165 165 0
4814 165 165 4706
4815 165 165 4706
4816 165 166 4694
4817 165 165 4694
4818 165 166 4368
4819 165 166 4368
4820 165 165 4696
4821 165 165 4696
4822 165 165 4703
4823 165 171 4703
4824 165 174 0
4825 165 165 0
4826 165 165 4715
4827 165 165 4715
4828 165 166 4704
4829 165 165 4704
4830 165 169 4700
4831 165 165 4700
4832 165 168 4712
4833 165 165 4712
4834 165 165 4477
4835 165 165 4477
4836 165 165 4709
4837 165 165 4709
4838 165 165 4585
4839 165 165 4585
4840 165 166 4739
4841 165 165 4739
4842 165 165 4724
4843 165 166 4724
4844 165 165 4577
4845 165 165 4577
4846 165 165 4728
4847 165 165 4728
4848 165 165 4731
4849 165 165 4731
4850 165 165 4733
4851 165 165 4733
4852 165 169 4106
4853 165 165 4106
4854 165 165 4722
4855 165 165 4722
4856 165 165 3834
4857 165 166 3834
4858 165 165 4738
4859 165 165 4738
4860 165 165 4495
4861 165 169 4495
4862 165 165 4748
4863 165 165 4748
4864 165 165 4591
4865 165 165 4591
4866 165 165 4598
4867 165 167 4598
4868 165 165 4113
4869 165 166 4113
4870 165 165 4680
4871 165 168 4680
4872 165 168 4614
4873 165 168 4614
4874 165 165 4754
4875 165 167 4754
4876 165 165 4762
4877 165 165 4762
4878 165 167 4613
4879 165 165 4613
4880 165 169 4756
4881 165 165 4756
4882 165 165 4611
4883 165 165 4611
4884 165 165 4760
4885 165 166 4760
4886 165 165 4515
4887 165 166 4515
4888 165 165 4755
4889 165 165 4755
4890 165 167 4519
4891 165 167 4519
4892 165 165 4635
4893 165 165 4635
4894 165 165 4526
4895 165 165 4526
4896 165 166 4805
4897 165 166 4805
4898 165 165 4795
4899 165 167 4795
4900 165 169 4649
4901 165 166 4649
4902 165 166 4806
4903 165 168 4806
4904 165 166 4223
4905 165 165 4223
4906 165 167 4329
4907 165 165 4329
4908 165 165 4668
4909 165 166 4668
4910 165 165 4768
4911 165 167 4768
4912 165 165 4423
4913 165 165 4423
4914 165 167 4774
4915 165 165 4774
4916 165 165 4444
4917 165 166 4444
4918 165 165 4784
4919 165 166 4784
4920 165 165 4356
4921 165 166 4356
4922 165 165 4778
4923 165 165 4778
4924 165 165 4781
4925 165 166 4781
4926 165 165 4646
4927 165 165 4646
4928 165 165 4786
4929 165 165 4786
4930 165 165 4794
4931 165 165 4794
4932 165 168 4809
4933 165 167 4809
4934 165 166 0
4935 165 165 0
4936 165 166 4796
4937 165 165 4796
4938 165 165 4630
4939 165 165 4630
4940 165 169 0
4941 165 166 0
4942 165 165 4666
4943 165 165 4666
4944 165 165 4550
4945 165 165 4550
4946 165 166 0
4947 165 165 0
4948 165 165 0
4949 165 167 0
4950 165 165 0
4951 165 166 0
4952 165 168 0
4953 165 165 0
4954 165 166 0
4955 165 166 0
4956 165 165 0
4957 166 166 0
4958 166 167 4697
4959 166 168 4697
4960 166 166 4692
4961 166 166 4692
4962 166 166 4814
4963 166 167 4814
4964 166 166 4820
4965 166 168 4820
4966 166 166 4826
4967 166 167 4826
4968 166 166 4837
4969 166 166 4837
4970 166 166 4725
4971 166 166 4725
4972 166 166 4835
4973 166 166 4835
4974 166 166 4844
4975 166 166 4844
4976 166 166 4851
4977 166 166 4851
4978 166 168 4838
4979 166 169 4838
4980 166 167 4848
4981 166 167 4848
4982 166 166 4726
4983 166 174 4726
4984 166 166 4734
4985 166 167 4734
4986 166 166 4846
4987 166 166 4846
4988 166 167 4720
4989 166 166 4720
4990 166 166 0
4991 166 166 0
4992 166 170 4863
4993 166 166 4863
4994 166 167 4490
4995 166 166 4490
4996 166 167 3918
4997 166 166 3918
4998 166 179 4387
4999 166 166 4387
5000 166 167 4854
5001 166 166 4854
5002 166 167 0
5003 166 166 0
5004 166 166 4864
5005 166 166 4864
5006 166 166 4609
5007 166 167 4609
5008 166 166 4597
5009 166 167 4597
5010 166 168 4271
5011 166 166 4271
5012 166 167 4506
5013 166 166 4506
5014 166 166 4501
5015 166 166 4501
5016 166 171 4602
5017 166 167 4602
5018 166 169 4596
5019 166 166 4596
5020 166 169 4142
5021 166 169 4142
5022 166 167 4750
5023 166 167 4750
5024 166 174 4620
5025 166 166 4620
5026 166 167 4882
5027 166 166 4882
5028 166 166 4769
5029 166 166 4769
5030 166 174 4868
5031 166 166 4868
5032 166 166 4753
5033 166 166 4753
5034 166 168 4876
5035 166 166 4876
5036 166 166 4908
5037 166 169 4908
5038 166 166 4886
5039 166 168 4886
5040 166 166 4626
5041 166 167 4626
5042 166 166 4874
5043 166 167 4874
5044 166 171 4895
5045 166 166 4895
5046 166 168 4927
5047 166 166 4927
5048 166 167 4683
5049 166 167 4683
5050 166 168 4773
5051 166 166 4773
5052 166 166 4770
5053 166 166 4770
5054 166 166 4415
5055 166 167 4415
5056 166 166 4437
5057 166 166 4437
5058 166 166 4922
5059 166 168 4922
5060 166 166 4926
5061 166 167 4926
5062 166 166 4648
5063 166 166 4648
5064 166 166 4916
5065 166 166 4916
5066 166 167 4920
5067 166 169 4920
5068 166 166 4930
5069 166 166 4930
5070 166 169 0
5071 166 166 0
5072 166 166 0
5073 166 167 0
5074 166 166 4905
5075 166 166 4905
5076 166 166 4792
5077 166 172 4792
5078 166 166 4788
5079 166 166 4788
5080 166 169 4544
5081 166 170 4544
5082 166 169 4938
5083 166 166 4938
5084 166 166 4929
5085 166 166 4929
5086 166 166 4944
5087 166 166 4944
5088 166 166 4672
5089 166 167 4672
5090 166 167 4657
5091 166 167 4657
5092 166 169 0
5093 166 167 0
5094 166 166 0
5095 166 169 0
5096 166 177 0
5097 166 166 0
5098 166 166 0
5099 166 166 0
5100 167 168 4962
5101 167 167 4962
5102 167 167 4960
5103 167 167 4960
5104 167 167 4818
5105 167 167 4818
5106 167 167 4964
5107 167 170 4964
5108 167 167 4966
5109 167 167 4966
5110 167 169 4828
5111 167 169 4828
5112 167 167 4693
5113 167 167 4693
5114 167 169 4968
5115 167 167 4968
5116 167 167 4857
5117 167 167 4857
5118 167 167 4970
5119 167 167 4970
5120 167 167 4946
5121 167 167 4946
5122 167 167 4975
5123 167 167 4975
5124 167 167 4735
5125 167 167 4735
5126 167 167 4972
5127 167 169 4972
5128 167 167 4719
5129 167 167 4719
5130 167 168 4977
5131 167 170 4977
5132 167 167 4986
5133 167 170 4986
5134 167 170 4989
5135 167 167 4989
5136 167 169 4816
5137 167 169 4816
5138 167 170 4993
5139 167 168 4993
5140 167 168 0
5141 167 167 0
5142 167 168 4717
5143 167 167 4717
5144 167 167 4991
5145 167 167 4991
5146 167 167 4843
5147 167 167 4843
5148 167 168 5005
5149 167 167 5005
5150 167 167 5001
5151 167 167 5001
5152 167 169 5008
5153 167 167 5008
5154 167 167 4951
5155 167 167 4951
5156 167 167 4679
5157 167 168 4679
5158 167 167 5014
5159 167 167 5014
5160 167 168 5031
5161 167 167 5031
5162 167 167 4896
5163 167 168 4896
5164 167 167 5028
5165 167 168 5028
5166 167 167 5032
5167 167 167 5032
5168 167 167 5013
5169 167 170 5013
5170 167 167 4904
5171 167 167 4904
5172 167 167 4869
5173 167 167 4869
5174 167 167 0
5175 167 167 0
5176 167 167 5036
5177 167 168 5036
5178 167 167 4766
5179 167 168 4766
5180 167 167 5052
5181 167 169 5052
5182 167 167 4901
5183 167 168 4901
5184 167 170 4954
5185 167 167 4954
5186 167 168 5057
5187 167 173 5057
5188 167 168 4955
5189 167 167 4955
5190 167 170 4925
5191 167 167 4925
5192 167 169 5068
5193 167 167 5068
5194 167 167 5053
5195 167 167 5053
5196 167 168 5064
5197 167 168 5064
5198 167 167 4885
5199 167 167 4885
5200 167 167 4887
5201 167 167 4887
5202 167 167 4604
5203 167 167 4604
5204 167 167 5054
5205 167 170 5054
5206 167 167 4671
5207 167 167 4671
5208 167 168 5088
5209 167 167 5088
5210 167 167 5076
5211 167 167 5076
5212 167 167 5098
5213 167 167 5098
5214 167 167 5083
5215 167 167 5083
5216 167 167 5075
5217 167 168 5075
5218 167 167 5099
5219 167 167 5099
5220 167 168 4909
5221 167 167 4909
5222 167 169 0
5223 167 167 0
5224 167 168 5072
5225 167 169 5072
5226 167 168 5086
5227 167 167 5086
5228 167 167 4540
5229 167 167 4540
5230 167 168 4941
5231 167 167 4941
5232 167 168 4934
5233 167 167 4934
5234 167 167 0
5235 167 167 0
5236 167 167 0
5237 167 168 0
5238 167 169 0
5239 167 168 0
5240 167 168 0
5241 167 167 0
5242 167 169 0
5243 167 167 0
5244 167 167 0
5245 167 167 0
5246 167 167 0
5247 167 167 0
5248 167 167 0
5249 167 169 0
5250 167 167 0
5251 168 168 5106
5252 168 169 5106
5253 168 168 5102
5254 168 169 5102
5255 168 169 0
5256 168 168 0
5257 168 168 5118
5258 168 168 5118
5259 168 168 5108
5260 168 168 5108
5261 168 168 5009
5262 168 168 5009
5263 168 169 5126
5264 168 168 5126
5265 168 168 5113
5266 168 168 5113
5267 168 172 5122
5268 168 170 5122
5269 168 169 4980
5270 168 168 4980
5271 168 168 5128
5272 168 170 5128
5273 168 168 4967
5274 168 169 4967
5275 168 169 4985
5276 168 169 4985
5277 168 171 5132
5278 168 168 5132
5279 168 168 5124
5280 168 168 5124
5281 168 168 5235
5282 168 168 5235
5283 168 173 5144
5284 168 169 5144
5285 168 168 4963
5286 168 168 4963
5287 168 172 5105
5288 168 171 5105
5289 168 169 4994
5290 168 169 4994
5291 168 169 4981
5292 168 168 4981
5293 168 168 5012
5294 168 168 5012
5295 168 168 5146
5296 168 168 5146
5297 168 168 0
5298 168 168 0
5299 168 170 4742
5300 168 168 4742
5301 168 169 5000
5302 168 169 5000
5303 168 168 4996
5304 168 175 4996
5305 168 168 4745
5306 168 168 4745
5307 168 168 5150
5308 168 170 5150
5309 168 168 4878
5310 168 168 4878
5311 168 169 5002
5312 168 171 5002
5313 168 168 5154
5314 168 168 5154
5315 168 172 5161
5316 168 168 5161
5317 168 169 5022
5318 168 173 5022
5319 168 168 4867
5320 168 168 4867
5321 168 168 5041
5322 168 170 5041
5323 168 168 4608
5324 168 170 4608
5325 168 171 4406
5326 168 168 4406
5327 168 172 5158
5328 168 168 5158
5329 168 168 5162
5330 168 168 5162
5331 168 168 5026
5332 168 168 5026
5333 168 169 5017
5334 168 168 5017
5335 168 168 4570
5336 168 168 4570
5337 168 168 5164
5338 168 168 5164
5339 168 168 5170
5340 168 168 5170
5341 168 168 5043
5342 168 168 5043
5343 168 168 5174
5344 168 168 5174
5345 168 169 5049
5346 168 169 5049
5347 168 170 5173
5348 168 168 5173
5349 168 170 4783
5350 168 168 4783
5351 168 168 5066
5352 168 171 5066
5353 168 171 4906
5354 168 168 4906
5355 168 168 5167
5356 168 168 5167
5357 168 169 4875
5358 168 168 4875
5359 168 168 5180
5360 168 171 5180
5361 168 168 4899
5362 168 168 4899
5363 168 172 5246
5364 168 168 5246
5365 168 170 5198
5366 168 168 5198
5367 168 168 5171
5368 168 168 5171
5369 168 168 5175
5370 168 168 5175
5371 168 168 5194
5372 168 168 5194
5373 168 168 4914
5374 168 168 4914
5375 168 168 5247
5376 168 168 5247
5377 168 168 5200
5378 168 168 5200
5379 168 168 5191
5380 168 168 5191
5381 168 168 4933
5382 168 169 4933
5383 168 169 5209
5384 168 170 5209
5385 168 168 5210
5386 168 168 5210
5387 168 168 4891
5388 168 168 4891
5389 168 168 5204
5390 168 168 5204
5391 168 168 5202
5392 168 168 5202
5393 168 172 5073
5394 168 168 5073
5395 168 168 5089
5396 168 170 5089
5397 168 168 5061
5398 168 171 5061
5399 168 168 5218
5400 168 178 5218
5401 168 168 5219
5402 168 168 5219
5403 168 168 5090
5404 168 168 5090
5405 168 170 5228
5406 168 168 5228
5407 168 168 0
5408 168 169 0
5409 168 168 0
5410 168 169 0
5411 168 168 0
5412 168 172 0
5413 168 168 0
5414 168 169 0
5415 168 169 0
5416 168 168 0
5417 168 169 0
5418 168 168 0
5419 169 169 4832
5420 169 170 4832
5421 169 169 5100
5422 169 169 5100
5423 169 170 5251
5424 169 169 5251
5425 169 171 5257
5426 169 170 5257
5427 169 169 5270
5428 169 169 5270
5429 169 173 0
5430 169 169 0
5431 169 172 5265
5432 169 172 5265
5433 169 169 5130
5434 169 169 5130
5435 169 172 5271
5436 169 169 5271
5437 169 169 4978
5438 169 169 4978
5439 169 169 5279
5440 169 169 5279
5441 169 170 5293
5442 169 169 5293
5443 169 170 5142
5444 169 169 5142
5445 169 173 5296
5446 169 169 5296
5447 169 175 5239
5448 169 173 5239
5449 169 169 5260
5450 169 169 5260
5451 169 169 5281
5452 169 169 5281
5453 169 169 5139
5454 169 169 5139
5455 169 169 5280
5456 169 169 5280
5457 169 169 5307
5458 169 169 5307
5459 169 169 5237
5460 169 171 5237
5461 169 170 5297
5462 169 170 5297
5463 169 170 4932
5464 169 169 4932
5465 169 169 5148
5466 169 169 5148
5467 169 171 5163
5468 169 169 5163
5469 169 169 5326
5470 169 170 5326
5471 169 170 5309
5472 169 170 5309
5473 169 169 5240
5474 169 170 5240
5475 169 169 5313
5476 169 169 5313
5477 169 172 5319
5478 169 170 5319
5479 169 169 4872
5480 169 169 4872
5481 169 170 5358
5482 169 169 5358
5483 169 169 5323
5484 169 169 5323
5485 169 172 4952
5486 169 171 4952
5487 169 170 4752
5488 169 169 4752
5489 169 170 5356
5490 169 169 5356
5491 169 169 4871
5492 169 171 4871
5493 169 169 5331
5494 169 169 5331
5495 169 169 4903
5496 169 169 4903
5497 169 169 5306
5498 169 169 5306
5499 169 169 5338
5500 169 171 5338
5501 169 169 5336
5502 169 169 5336
5503 169 169 5335
5504 169 169 5335
5505 169 169 5337
5506 169 169 5337
5507 169 170 5350
5508 169 169 5350
5509 169 169 5341
5510 169 169 5341
5511 169 170 5165
5512 169 169 5165
5513 169 169 5364
5514 169 170 5364
5515 169 171 5186
5516 169 169 5186
5517 169 169 4723
5518 169 171 4723
5519 169 169 5370
5520 169 169 5370
5521 169 169 5361
5522 169 169 5361
5523 169 169 5050
5524 169 169 5050
5525 169 169 5367
5526 169 169 5367
5527 169 170 5188
5528 169 169 5188
5529 169 173 5034
5530 169 169 5034
5531 169 169 5381
5532 169 169 5381
5533 169 169 5373
5534 169 169 5373
5535 169 169 5375
5536 169 169 5375
5537 169 174 5377
5538 169 169 5377
5539 169 169 5329
5540 169 170 5329
5541 169 169 5389
5542 169 169 5389
5543 169 169 5196
5544 169 169 5196
5545 169 170 5380
5546 169 169 5380
5547 169 169 5387
5548 169 169 5387
5549 169 170 5402
5550 169 169 5402
5551 169 169 5197
5552 169 169 5197
5553 169 169 5385
5554 169 169 5385
5555 169 170 5046
5556 169 169 5046
5557 169 169 5220
5558 169 169 5220
5559 169 170 5224
5560 169 169 5224
5561 169 169 5418
5562 169 169 5418
5563 169 172 5395
5564 169 169 5395
5565 169 170 5226
5566 169 169 5226
5567 169 169 5404
5568 169 169 5404
5569 169 169 0
5570 169 169 0
5571 169 169 0
5572 169 169 0
5573 169 169 0
5574 169 171 0
5575 169 172 0
5576 169 172 0
5577 169 169 0
5578 169 170 0
5579 169 169 0
5580 169 169 0
5581 169 169 0
5582 169 170 0
5583 169 169 0
5584 170 174 0
5585 170 173 0
5586 170 174 0
5587 170 171 5092
5588 170 170 5092
5589 170 170 4710
5590 170 170 4710
5591 170 170 5254
5592 170 170 5254
5593 170 171 5428
5594 170 170 5428
5595 170 170 4830
5596 170 171 4830
5597 170 170 5274
5598 170 172 5274
5599 170 170 5275
5600 170 172 5275
5601 170 170 5110
5602 170 170 5110
5603 170 170 5127
5604 170 170 5127
5605 170 170 5111
5606 170 170 5111
5607 170 172 4473
5608 170 179 4473
5609 170 170 5421
5610 170 174 5421
5611 170 172 5408
5612 170 172 5408
5613 170 170 5436
5614 170 170 5436
5615 170 170 5439
5616 170 170 5439
5617 170 171 5433
5618 170 173 5433
5619 170 171 5437
5620 170 171 5437
5621 170 170 5136
5622 170 170 5136
5623 170 170 5449
5624 170 175 5449
5625 170 170 4852
5626 170 170 4852
5627 170 170 5289
5628 170 170 5289
5629 170 171 5466
5630 170 171 5466
5631 170 172 5455
5632 170 170 5455
5633 170 170 5457
5634 170 170 5457
5635 170 172 5442
5636 170 171 5442
5637 170 171 5301
5638 170 170 5301
5639 170 170 5021
5640 170 170 5021
5641 170 172 5276
5642 170 170 5276
5643 170 171 5451
5644 170 170 5451
5645 170 170 5493
5646 170 170 5493
5647 170 170 5469
5648 170 170 5469
5649 170 172 4749
5650 170 170 4749
5651 170 174 5311
5652 170 170 5311
5653 170 170 5480
5654 170 170 5480
5655 170 170 5476
5656 170 170 5476
5657 170 170 5464
5658 170 170 5464
5659 170 170 5473
5660 170 173 5473
5661 170 170 5317
5662 170 170 5317
5663 170 173 5505
5664 170 170 5505
5665 170 170 5488
5666 170 173 5488
5667 170 171 5333
5668 170 170 5333
5669 170 170 4306
5670 170 171 4306
5671 170 170 5517
5672 170 172 5517
5673 170 170 5152
5674 170 170 5152
5675 170 171 5579
5676 170 170 5579
5677 170 170 5503
5678 170 174 5503
5679 170 170 5242
5680 170 172 5242
5681 170 170 5499
5682 170 172 5499
5683 170 170 5513
5684 170 170 5513
5685 170 170 5516
5686 170 170 5516
5687 170 174 5581
5688 170 170 5581
5689 170 170 5509
5690 170 171 5509
5691 170 170 4880
5692 170 170 4880
5693 170 171 5522
5694 170 170 5522
5695 170 173 5533
5696 170 172 5533
5697 170 170 5525
5698 170 171 5525
5699 170 170 5414
5700 170 170 5414
5701 170 173 5345
5702 170 170 5345
5703 170 171 5531
5704 170 170 5531
5705 170 170 5502
5706 170 170 5502
5707 170 170 5181
5708 170 170 5181
5709 170 170 5541
5710 170 170 5541
5711 170 170 5523
5712 170 170 5523
5713 170 170 5543
5714 170 171 5543
5715 170 172 5519
5716 170 170 5519
5717 170 172 5070
5718 170 170 5070
5719 170 170 5383
5720 170 170 5383
5721 170 170 5560
5722 170 171 5560
5723 170 170 5564
5724 170 173 5564
5725 170 170 5554
5726 170 170 5554
5727 170 171 5037
5728 170 170 5037
5729 170 170 5080
5730 170 170 5080
5731 170 172 5222
5732 170 170 5222
5733 170 170 5225
5734 170 174 5225
5735 170 170 5568
5736 170 170 5568
5737 170 170 5249
5738 170 172 5249
5739 170 170 0
5740 170 170 0
5741 170 171 0
5742 170 173 0
5743 170 172 0
5744 170 170 0
5745 170 170 0
5746 170 174 0
5747 170 171 0
5748 170 171 0
5749 170 170 0
5750 170 170 0
5751 170 171 0
5752 170 170 0
5753 170 170 0
5754 170 170 0
5755 170 170 0
5756 170 170 0
5757 170 170 0
5758 170 170 0
5759 170 170 0
5760 171 178 5683
5761 171 175 5705
5762 171 171 5591
5763 171 175 5591
5764 171 171 5603
5765 171 171 5603
5766 171 171 5268
5767 171 171 5268
5768 171 171 5588
5769 171 174 5588
5770 171 171 5423
5771 171 171 5423
5772 171 171 5589
5773 171 172 5589
5774 171 171 5595
5775 171 171 5595
5776 171 171 5420
5777 171 171 5420
5778 171 171 5740
5779 171 171 5740
5780 171 172 5426
5781 171 171 5426
5782 171 171 5638
5783 171 171 5638
5784 171 171 5601
5785 171 171 5601
5786 171 171 5609
5787 171 172 5609
5788 171 173 5272
5789 171 171 5272
5790 171 173 5613
5791 171 172 5613
5792 171 171 5594
5793 171 171 5594
5794 171 171 5615
5795 171 171 5615
5796 171 171 5642
5797 171 171 5642
5798 171 171 5621
5799 171 171 5621
5800 171 171 5131
5801 171 172 5131
5802 171 171 5443
5803 171 171 5443
5804 171 175 5462
5805 171 171 5462
5806 171 171 5744
5807 171 171 5744
5808 171 172 4992
5809 171 172 4992
5810 171 171 5639
5811 171 171 5639
5812 171 172 5625
5813 171 175 5625
5814 171 171 5633
5815 171 171 5633
5816 171 171 5628
5817 171 171 5628
5818 171 171 5461
5819 171 171 5461
5820 171 178 5662
5821 171 171 5662
5822 171 175 5648
5823 171 171 5648
5824 171 172 5133
5825 171 172 5133
5826 171 172 5659
5827 171 171 5659
5828 171 171 5655
5829 171 171 5655
5830 171 171 5308
5831 171 171 5308
5832 171 171 5324
5833 171 171 5324
5834 171 171 5645
5835 171 174 5645
5836 171 171 5665
5837 171 171 5665
5838 171 171 5471
5839 171 172 5471
5840 171 174 5487
5841 171 171 5487
5842 171 171 5322
5843 171 172 5322
5844 171 171 4499
5845 171 173 4499
5846 171 171 5674
5847 171 171 5674
5848 171 175 5478
5849 171 171 5478
5850 171 171 5654
5851 171 171 5654
5852 171 171 5190
5853 171 171 5190
5854 171 172 5169
5855 171 174 5169
5856 171 171 5470
5857 171 174 5470
5858 171 171 5683
5859 171 171 5689
5860 171 171 5689
5861 171 172 5349
5862 171 171 5349
5863 171 174 5656
5864 171 171 5656
5865 171 171 5707
5866 171 171 5707
5867 171 172 5706
5868 171 172 5706
5869 171 171 5184
5870 171 171 5184
5871 171 171 5347
5872 171 171 5347
5873 171 171 5699
5874 171 171 5699
5875 171 171 5481
5876 171 171 5481
5877 171 171 5750
5878 171 173 5750
5879 171 171 5709
5880 171 171 5709
5881 171 171 5752
5882 171 171 5752
5883 171 171 5365
5884 171 172 5365
5885 171 172 5555
5886 171 172 5555
5887 171 174 5705
5888 171 171 5711
5889 171 171 5711
5890 171 171 5138
5891 171 172 5138
5892 171 171 5713
5893 171 171 5713
5894 171 171 5726
5895 171 171 5726
5896 171 172 5545
5897 171 171 5545
5898 171 171 5540
5899 171 171 5540
5900 171 171 5511
5901 171 171 5511
5902 171 171 5755
5903 171 171 5755
5904 171 171 5702
5905 171 171 5702
5906 171 171 5507
5907 171 171 5507
5908 171 172 5396
5909 171 171 5396
5910 171 171 5729
5911 171 173 5729
5912 171 171 5757
5913 171 173 5757
5914 171 171 5205
5915 171 172 5205
5916 171 172 5737
5917 171 171 5737
5918 171 171 5721
5919 171 171 5721
5920 171 171 5565
5921 171 171 5565
5922 171 171 5384
5923 171 172 5384
5924 171 174 5735
5925 171 171 5735
5926 171 171 0
5927 171 171 0
5928 171 171 0
5929 171 172 0
5930 171 171 0
5931 171 171 0
5932 171 171 0
5933 171 173 0
5934 171 171 0
5935 171 172 0
5936 171 172 0
5937 171 171 0
5938 171 171 0
5939 171 173 0
5940 171 171 0
5941 172 172 5771
5942 172 172 5771
5943 172 172 5764
5944 172 172 5764
5945 172 172 5587
5946 172 172 5587
5947 172 172 5288
5948 172 172 5288
5949 172 176 5767
5950 172 176 5767
5951 172 176 5425
5952 172 172 5425
5953 172 172 5593
5954 172 173 5593
5955 172 172 4823
5956 172 173 4823
5957 172 173 5776
5958 172 172 5776
5959 172 172 5596
5960 172 172 5596
5961 172 173 5786
5962 172 175 5786
5963 172 172 5762
5964 172 172 5762
5965 172 173 5789
5966 172 172 5789
5967 172 172 5784
5968 172 175 5784
5969 172 172 5799
5970 172 172 5799
5971 172 174 5927
5972 172 172 5927
5973 172 173 5800
5974 172 172 5800
5975 172 175 5928
5976 172 173 5928
5977 172 172 5277
5978 172 173 5277
5979 172 173 5796
5980 172 174 5796
5981 172 173 5794
5982 172 172 5794
5983 172 173 5802
5984 172 172 5802
5985 172 172 5637
5986 172 172 5637
5987 172 174 5460
5988 172 172 5460
5989 172 173 5810
5990 172 172 5810
5991 172 172 5630
5992 172 174 5630
5993 172 172 5829
5994 172 172 5829
5995 172 172 5795
5996 172 172 5795
5997 172 172 5818
5998 172 176 5818
5999 172 172 5629
6000 172 172 5629
6001 172 172 5619
6002 172 173 5619
6003 172 172 5814
6004 172 173 5814
6005 172 172 5816
6006 172 173 5816
6007 172 174 5636
6008 172 172 5636
6009 172 173 5325
6010 172 172 5325
6011 172 172 5821
6012 172 172 5821
6013 172 173 4606
6014 172 172 4606
6015 172 172 5815
6016 172 172 5815
6017 172 172 5832
6018 172 172 5832
6019 172 174 5492
6020 172 173 5492
6021 172 175 4508
6022 172 172 4508
6023 172 172 5834
6024 172 172 5834
6025 172 172 5837
6026 172 172 5837
6027 172 174 5851
6028 172 172 5851
6029 172 172 5828
6030 172 173 5828
6031 172 173 5831
6032 172 172 5831
6033 172 172 5877
6034 172 173 5877
6035 172 172 5467
6036 172 172 5467
6037 172 172 5846
6038 172 172 5846
6039 172 172 5841
6040 172 173 5841
6041 172 176 5667
6042 172 172 5667
6043 172 174 5853
6044 172 172 5853
6045 172 173 5858
6046 172 173 5858
6047 172 172 5518
6048 172 172 5518
6049 172 178 5889
6050 172 172 5889
6051 172 172 5838
6052 172 172 5838
6053 172 172 5675
6054 172 173 5675
6055 172 172 5862
6056 172 172 5862
6057 172 175 5698
6058 172 173 5698
6059 172 172 5352
6060 172 173 5352
6061 172 172 5860
6062 172 172 5860
6063 172 172 5876
6064 172 172 5876
6065 172 172 5747
6066 172 172 5747
6067 172 174 5360
6068 172 172 5360
6069 172 174 5693
6070 172 172 5693
6071 172 174 5873
6072 172 173 5873
6073 172 174 5353
6074 172 172 5353
6075 172 172 5898
6076 172 172 5898
6077 172 173 5856
6078 172 173 5856
6079 172 173 5500
6080 172 172 5500
6081 172 177 5881
6082 172 172 5881
6083 172 172 5934
6084 172 173 5934
6085 172 172 5883
6086 172 172 5883
6087 172 173 5894
6088 172 172 5894
6089 172 172 5670
6090 172 173 5670
6091 172 172 5703
6092 172 172 5703
6093 172 172 5879
6094 172 172 5879
6095 172 172 5892
6096 172 172 5892
6097 172 172 5044
6098 172 172 5044
6099 172 172 5904
6100 172 172 5904
6101 172 173 5906
6102 172 172 5906
6103 172 172 5882
6104 172 173 5882
6105 172 172 5888
6106 172 175 5888
6107 172 176 5918
6108 172 172 5918
6109 172 172 5920
6110 172 172 5920
6111 172 172 0
6112 172 172 0
6113 172 172 0
6114 172 172 0
6115 172 176 0
6116 172 172 0
6117 173 175 0
6118 173 176 0
6119 173 181 0
6120 173 173 0
6121 173 173 5952
6122 173 174 5952
6123 173 173 5959
6124 173 173 5959
6125 173 173 5431
6126 173 177 5431
6127 173 173 5945
6128 173 173 5945
6129 173 176 5948
6130 173 173 5948
6131 173 176 5941
6132 173 174 5941
6133 173 173 5953
6134 173 176 5953
6135 173 173 5773
6136 173 173 5773
6137 173 173 5963
6138 173 173 5963
6139 173 173 5967
6140 173 175 5967
6141 173 174 5984
6142 173 176 5984
6143 173 173 5607
6144 173 173 5607
6145 173 176 5598
6146 173 180 5598
6147 173 174 5974
6148 173 173 5974
6149 173 174 5432
6150 173 176 5432
6151 173 174 6001
6152 173 174 6001
6153 173 173 6111
6154 173 173 6111
6155 173 173 5787
6156 173 173 5787
6157 173 175 5611
6158 173 177 5611
6159 173 173 5808
6160 173 173 5808
6161 173 173 5575
6162 173 173 5575
6163 173 173 5743
6164 173 174 5743
6165 173 173 5801
6166 173 174 5801
6167 173 173 5995
6168 173 173 5995
6169 173 176 5635
6170 173 173 5635
6171 173 174 5985
6172 173 174 5985
6173 173 173 5791
6174 173 173 5791
6175 173 174 5641
6176 173 173 5641
6177 173 175 5612
6178 173 173 5612
6179 173 174 6005
6180 173 173 6005
6181 173 176 5077
6182 173 174 5077
6183 173 173 5824
6184 173 174 5824
6185 173 173 5485
6186 173 173 5485
6187 173 173 5649
6188 173 176 5649
6189 173 174 5826
6190 173 173 5826
6191 173 173 5997
6192 173 177 5997
6193 173 173 6036
6194 173 173 6036
6195 173 173 6037
6196 173 174 6037
6197 173 173 5839
6198 173 173 5839
6199 173 177 5929
6200 173 177 5929
6201 173 173 4397
6202 173 173 4397
6203 173 173 6025
6204 173 173 6025
6205 173 173 6011
6206 173 173 6011
6207 173 175 6016
6208 173 175 6016
6209 173 173 6017
6210 173 174 6017
6211 173 176 5576
6212 173 173 5576
6213 173 173 6024
6214 173 173 6024
6215 173 173 6022
6216 173 173 6022
6217 173 173 5327
6218 173 173 5327
6219 173 176 5680
6220 173 173 5680
6221 173 173 6089
6222 173 173 6089
6223 173 173 6063
6224 173 173 6063
6225 173 175 5672
6226 173 173 5672
6227 173 175 5315
6228 173 173 5315
6229 173 174 6066
6230 173 173 6066
6231 173 174 6056
6232 173 174 6056
6233 173 176 6085
6234 173 174 6085
6235 173 175 6061
6236 173 173 6061
6237 173 173 5715
6238 173 173 5715
6239 173 173 6091
6240 173 176 6091
6241 173 176 5867
6242 173 174 5867
6243 173 173 5861
6244 173 173 5861
6245 173 174 5891
6246 173 173 5891
6247 173 174 6114
6248 173 176 6114
6249 173 175 6075
6250 173 173 6075
6251 173 176 6050
6252 173 176 6050
6253 173 173 6093
6254 173 173 6093
6255 173 175 5363
6256 173 173 5363
6257 173 173 5717
6258 173 173 5717
6259 173 173 6095
6260 173 173 6095
6261 173 174 6065
6262 173 173 6065
6263 173 173 6068
6264 173 175 6068
6265 173 173 5393
6266 173 173 5393
6267 173 179 6102
6268 173 174 6102
6269 173 173 5563
6270 173 175 5563
6271 173 175 6086
6272 173 174 6086
6273 173 173 5936
6274 173 173 5936
6275 173 175 6099
6276 173 174 6099
6277 173 173 6082
6278 173 173 6082
6279 173 173 5696
6280 173 174 5696
6281 173 173 5916
6282 173 173 5916
6283 173 173 6110
6284 173 173 6110
6285 173 173 5923
6286 173 173 5923
6287 173 175 0
6288 173 173 0
6289 173 173 0
6290 173 175 0
6291 173 173 0
6292 173 176 0
6293 173 173 0
6294 173 173 0
6295 173 173 0
6296 174 175 0
6297 174 177 0
6298 174 174 6121
6299 174 174 6121
6300 174 174 6127
6301 174 174 6127
6302 174 174 5965
6303 174 174 5965
6304 174 174 6133
6305 174 174 6133
6306 174 174 5956
6307 174 174 5956
6308 174 174 6135
6309 174 174 6135
6310 174 175 5957
6311 174 175 5957
6312 174 174 6137
6313 174 175 6137
6314 174 174 5973
6315 174 174 5973
6316 174 175 5979
6317 174 176 5979
6318 174 174 5961
6319 174 175 5961
6320 174 174 6143
6321 174 174 6143
6322 174 174 6153
6323 174 174 6153
6324 174 174 6155
6325 174 174 6155
6326 174 174 6154
6327 174 174 6154
6328 174 174 5790
6329 174 174 5790
6330 174 174 6144
6331 174 176 6144
6332 174 177 5445
6333 174 174 5445
6334 174 174 6159
6335 174 174 6159
6336 174 174 6148
6337 174 174 6148
6338 174 174 5978
6339 174 174 5978
6340 174 174 6167
6341 174 174 6167
6342 174 174 5983
6343 174 174 5983
6344 174 176 6174
6345 174 174 6174
6346 174 175 5989
6347 174 174 5989
6348 174 174 6289
6349 174 174 6289
6350 174 178 6162
6351 174 177 6162
6352 174 174 6180
6353 174 174 6180
6354 174 175 6002
6355 174 174 6002
6356 174 179 6168
6357 174 174 6168
6358 174 174 6004
6359 174 174 6004
6360 174 174 6206
6361 174 174 6206
6362 174 174 5529
6363 174 177 5529
6364 174 175 6195
6365 174 174 6195
6366 174 174 6201
6367 174 176 6201
6368 174 175 6187
6369 174 177 6187
6370 174 174 6058
6371 174 174 6058
6372 174 174 6013
6373 174 174 6013
6374 174 175 6212
6375 174 178 6212
6376 174 176 6030
6377 174 174 6030
6378 174 181 6009
6379 174 176 6009
6380 174 174 6215
6381 174 177 6215
6382 174 175 5663
6383 174 174 5663
6384 174 175 0
6385 174 177 0
6386 174 174 6186
6387 174 178 6186
6388 174 175 6178
6389 174 174 6178
6390 174 174 6204
6391 174 174 6204
6392 174 175 6054
6393 174 174 6054
6394 174 174 6060
6395 174 174 6060
6396 174 174 5318
6397 174 174 5318
6398 174 174 6040
6399 174 174 6040
6400 174 175 6223
6401 174 174 6223
6402 174 174 6213
6403 174 174 6213
6404 174 174 6045
6405 174 178 6045
6406 174 174 6077
6407 174 174 6077
6408 174 174 5933
6409 174 177 5933
6410 174 175 5187
6411 174 174 5187
6412 174 175 6295
6413 174 174 6295
6414 174 175 6237
6415 174 175 6237
6416 174 175 6253
6417 174 176 6253
6418 174 176 6104
6419 174 174 6104
6420 174 174 5695
6421 174 174 5695
6422 174 174 6257
6423 174 174 6257
6424 174 174 6282
6425 174 177 6282
6426 174 175 6243
6427 174 175 6243
6428 174 174 6220
6429 174 174 6220
6430 174 175 6079
6431 174 174 6079
6432 174 175 6259
6433 174 175 6259
6434 174 174 6087
6435 174 174 6087
6436 174 174 6222
6437 174 174 6222
6438 174 174 6285
6439 174 174 6285
6440 174 174 5878
6441 174 177 5878
6442 174 174 6265
6443 174 174 6265
6444 174 175 5724
6445 174 174 5724
6446 174 174 6283
6447 174 176 6283
6448 174 177 6277
6449 174 174 6277
6450 174 174 6084
6451 174 174 6084
6452 174 174 6281
6453 174 176 6281
6454 174 174 0
6455 174 176 0
6456 174 174 0
6457 174 175 0
6458 174 174 0
6459 174 174 0
6460 174 178 0
6461 174 174 0
6462 174 176 0
6463 174 181 0
6464 175 178 0
6465 175 175 0
6466 175 179 0
6467 175 179 0
6468 175 175 6327
6469 175 175 6327
6470 175 175 6304
6471 175 178 6304
6472 175 175 6298
6473 175 175 6298
6474 175 176 6315
6475 175 175 6315
6476 175 175 5610
6477 175 176 5610
6478 175 175 5769
6479 175 176 5769
6480 175 175 6306
6481 175 175 6306
6482 175 176 6308
6483 175 175 6308
6484 175 175 6302
6485 175 178 6302
6486 175 175 5971
6487 175 175 5971
6488 175 175 6141
6489 175 175 6141
6490 175 178 6324
6491 175 177 6324
6492 175 176 6454
6493 175 175 6454
6494 175 175 6147
6495 175 175 6147
6496 175 175 6149
6497 175 176 6149
6498 175 175 6328
6499 175 176 6328
6500 175 175 5992
6501 175 175 5992
6502 175 176 6151
6503 175 175 6151
6504 175 176 5980
6505 175 175 5980
6506 175 178 6322
6507 175 177 6322
6508 175 175 6179
6509 175 175 6179
6510 175 178 6164
6511 175 175 6164
6512 175 175 6340
6513 175 175 6340
6514 175 175 6330
6515 175 175 6330
6516 175 175 6456
6517 175 175 6456
6518 175 177 5987
6519 175 175 5987
6520 175 177 6334
6521 175 175 6334
6522 175 189 4983
6523 175 175 4983
6524 175 175 6352
6525 175 175 6352
6526 175 175 6166
6527 175 175 6166
6528 175 179 6175
6529 175 175 6175
6530 175 176 6348
6531 175 175 6348
6532 175 175 6019
6533 175 175 6019
6534 175 175 6171
6535 175 175 6171
6536 175 176 6345
6537 175 175 6345
6538 175 175 6360
6539 175 175 6360
6540 175 178 6182
6541 175 175 6182
6542 175 175 6172
6543 175 177 6172
6544 175 175 6347
6545 175 180 6347
6546 175 176 6359
6547 175 178 6359
6548 175 175 6007
6549 175 175 6007
6550 175 177 0
6551 175 175 0
6552 175 182 6189
6553 175 175 6189
6554 175 175 6371
6555 175 176 6371
6556 175 175 6372
6557 175 176 6372
6558 175 175 6357
6559 175 175 6357
6560 175 175 6380
6561 175 175 6380
6562 175 180 6459
6563 175 175 6459
6564 175 179 5030
6565 175 177 5030
6566 175 177 5840
6567 175 175 5840
6568 175 175 6027
6569 175 176 6027
6570 175 175 6043
6571 175 175 6043
6572 175 175 6196
6573 175 175 6196
6574 175 179 5024
6575 175 176 5024
6576 175 175 6393
6577 175 175 6393
6578 175 175 5863
6579 175 175 5863
6580 175 176 6404
6581 175 175 6404
6582 175 178 6398
6583 175 175 6398
6584 175 175 6386
6585 175 175 6386
6586 175 176 6210
6587 175 176 6210
6588 175 178 6403
6589 175 175 6403
6590 175 177 6069
6591 175 175 6069
6592 175 175 6232
6593 175 175 6232
6594 175 175 6073
6595 175 179 6073
6596 175 175 6377
6597 175 175 6377
6598 175 176 6067
6599 175 177 6067
6600 175 175 6242
6601 175 176 6242
6602 175 175 5887
6603 175 177 5887
6604 175 175 6408
6605 175 176 6408
6606 175 177 6421
6607 175 175 6421
6608 175 175 6231
6609 175 175 6231
6610 175 176 6071
6611 175 176 6071
6612 175 177 6394
6613 175 175 6394
6614 175 175 6434
6615 175 176 6434
6616 175 176 6437
6617 175 175 6437
6618 175 176 6428
6619 175 175 6428
6620 175 175 6407
6621 175 175 6407
6622 175 175 6422
6623 175 175 6422
6624 175 177 6245
6625 175 178 6245
6626 175 175 6442
6627 175 175 6442
6628 175 175 6438
6629 175 176 6438
6630 175 175 6446
6631 175 175 6446
6632 175 175 6247
6633 175 180 6247
6634 175 175 6229
6635 175 175 6229
6636 175 175 6406
6637 175 175 6406
6638 175 175 6424
6639 175 175 6424
6640 175 175 5734
6641 175 175 5734
6642 175 175 0
6643 175 179 0
6644 175 175 0
6645 175 175 0
6646 175 177 0
6647 175 175 0
6648 175 175 0
6649 175 175 0
6650 175 178 0
6651 175 175 0
6652 175 176 0
6653 175 176 0
6654 176 176 0
6655 176 177 0
6656 176 181 6468
6657 176 179 6468
6658 176 176 6470
6659 176 176 6470
6660 176 176 6313
6661 176 177 6313
6662 176 176 6476
6663 176 178 6476
6664 176 176 6478
6665 176 176 6478
6666 176 176 6472
6667 176 176 6472
6668 176 176 6480
6669 176 176 6480
6670 176 176 6310
6671 176 176 6310
6672 176 184 0
6673 176 183 0
6674 176 176 6486
6675 176 176 6486
6676 176 177 6494
6677 176 177 6494
6678 176 177 6316
6679 176 176 6316
6680 176 176 6140
6681 176 176 6140
6682 176 176 6469
6683 176 179 6469
6684 176 177 6483
6685 176 177 6483
6686 176 177 5975
6687 176 176 5975
6688 176 176 6157
6689 176 177 6157
6690 176 176 6516
6691 176 176 6516
6692 176 176 6508
6693 176 176 6508
6694 176 176 6354
6695 176 177 6354
6696 176 176 6503
6697 176 176 6503
6698 176 176 6495
6699 176 176 6495
6700 176 177 6514
6701 176 177 6514
6702 176 176 6319
6703 176 176 6319
6704 176 176 6346
6705 176 176 6346
6706 176 176 6644
6707 176 176 6644
6708 176 179 5804
6709 176 177 5804
6710 176 185 6526
6711 176 176 6526
6712 176 177 6512
6713 176 177 6512
6714 176 176 6457
6715 176 179 6457
6716 176 178 6524
6717 176 176 6524
6718 176 177 6534
6719 176 177 6534
6720 176 176 6364
6721 176 176 6364
6722 176 179 0
6723 176 176 0
6724 176 177 5822
6725 176 176 5822
6726 176 176 6548
6727 176 176 6548
6728 176 176 6368
6729 176 176 6368
6730 176 178 6558
6731 176 179 6558
6732 176 176 6207
6733 176 176 6207
6734 176 183 6532
6735 176 176 6532
6736 176 177 6021
6737 176 176 6021
6738 176 178 6556
6739 176 178 6556
6740 176 179 6374
6741 176 176 6374
6742 176 176 6400
6743 176 176 6400
6744 176 176 6568
6745 176 180 6568
6746 176 178 6208
6747 176 176 6208
6748 176 177 6225
6749 176 177 6225
6750 176 177 4747
6751 176 179 4747
6752 176 177 6572
6753 176 177 6572
6754 176 179 6533
6755 176 176 6533
6756 176 177 6388
6757 176 178 6388
6758 176 176 5848
6759 176 176 5848
6760 176 176 6576
6761 176 176 6576
6762 176 176 6578
6763 176 176 6578
6764 176 176 6584
6765 176 176 6584
6766 176 176 0
6767 176 176 0
6768 176 176 6583
6769 176 179 6583
6770 176 176 6235
6771 176 176 6235
6772 176 176 6589
6773 176 176 6589
6774 176 176 6057
6775 176 179 6057
6776 176 176 6570
6777 176 176 6570
6778 176 176 6596
6779 176 176 6596
6780 176 176 6412
6781 176 178 6412
6782 176 176 6382
6783 176 179 6382
6784 176 176 6392
6785 176 177 6392
6786 176 178 6614
6787 176 176 6614
6788 176 176 6255
6789 176 176 6255
6790 176 176 6622
6791 176 176 6622
6792 176 179 6626
6793 176 176 6626
6794 176 176 6608
6795 176 177 6608
6796 176 176 6227
6797 176 176 6227
6798 176 176 6635
6799 176 176 6635
6800 176 176 6275
6801 176 177 6275
6802 176 176 6620
6803 176 181 6620
6804 176 178 6602
6805 176 177 6602
6806 176 177 6106
6807 176 176 6106
6808 176 176 6426
6809 176 176 6426
6810 176 176 6432
6811 176 176 6432
6812 176 177 6271
6813 176 177 6271
6814 176 176 6634
6815 176 179 6634
6816 176 176 6414
6817 176 176 6414
6818 176 177 6630
6819 176 178 6630
6820 176 176 6619
6821 176 176 6619
6822 176 176 6639
6823 176 176 6639
6824 176 177 0
6825 176 176 0
6826 176 181 6444
6827 176 176 6444
6828 176 176 6617
6829 176 176 6617
6830 176 177 6641
6831 176 176 6641
6832 176 177 0
6833 176 176 0
6834 176 177 0
6835 176 176 0
6836 176 178 0
6837 176 176 0
6838 176 176 0
6839 176 176 0
6840 176 177 0
6841 176 176 0
6842 177 177 0
6843 177 177 0
6844 177 179 0
6845 177 181 0
6846 177 182 6629
6847 177 177 6660
6848 177 177 6660
6849 177 178 6658
6850 177 178 6658
6851 177 178 6477
6852 177 177 6477
6853 177 177 6662
6854 177 177 6662
6855 177 177 0
6856 177 177 0
6857 177 177 6664
6858 177 177 6664
6859 177 177 6669
6860 177 178 6669
6861 177 180 6666
6862 177 177 6666
6863 177 177 6482
6864 177 179 6482
6865 177 178 6497
6866 177 177 6497
6867 177 177 6691
6868 177 177 6691
6869 177 177 6134
6870 177 177 6134
6871 177 177 6145
6872 177 181 6145
6873 177 177 6675
6874 177 178 6675
6875 177 177 6682
6876 177 177 6682
6877 177 177 6681
6878 177 177 6681
6879 177 180 6492
6880 177 177 6492
6881 177 177 6502
6882 177 177 6502
6883 177 177 0
6884 177 178 0
6885 177 180 6693
6886 177 177 6693
6887 177 177 6504
6888 177 177 6504
6889 177 178 6169
6890 177 177 6169
6891 177 177 6150
6892 177 177 6150
6893 177 177 6499
6894 177 177 6499
6895 177 179 6702
6896 177 177 6702
6897 177 179 6723
6898 177 179 6723
6899 177 177 6704
6900 177 177 6704
6901 177 177 6706
6902 177 177 6706
6903 177 179 6188
6904 177 178 6188
6905 177 177 6694
6906 177 178 6694
6907 177 178 6530
6908 177 177 6530
6909 177 177 6536
6910 177 177 6536
6911 177 177 6344
6912 177 178 6344
6913 177 177 6711
6914 177 177 6711
6915 177 177 6727
6916 177 177 6727
6917 177 177 6720
6918 177 177 6720
6919 177 177 6211
6920 177 180 6211
6921 177 177 6367
6922 177 178 6367
6923 177 177 6732
6924 177 179 6732
6925 177 178 6546
6926 177 177 6546
6927 177 177 6379
6928 177 177 6379
6929 177 178 6744
6930 177 178 6744
6931 177 179 6758
6932 177 177 6758
6933 177 177 6762
6934 177 177 6762
6935 177 179 6742
6936 177 177 6742
6937 177 178 6747
6938 177 177 6747
6939 177 180 6837
6940 177 177 6837
6941 177 177 6766
6942 177 177 6766
6943 177 177 6580
6944 177 177 6580
6945 177 179 6760
6946 177 177 6760
6947 177 178 6041
6948 177 177 6041
6949 177 177 6765
6950 177 177 6765
6951 177 177 6219
6952 177 177 6219
6953 177 177 6772
6954 177 178 6772
6955 177 177 6763
6956 177 178 6763
6957 177 177 6587
6958 177 177 6587
6959 177 177 6586
6960 177 177 6586
6961 177 177 6770
6962 177 177 6770
6963 177 177 6181
6964 177 178 6181
6965 177 178 6778
6966 177 177 6778
6967 177 177 6605
6968 177 177 6605
6969 177 177 6782
6970 177 177 6782
6971 177 178 6652
6972 177 177 6652
6973 177 177 6774
6974 177 178 6774
6975 177 178 6814
6976 177 177 6814
6977 177 177 6575
6978 177 177 6575
6979 177 179 6233
6980 177 177 6233
6981 177 177 6794
6982 177 178 6794
6983 177 177 6611
6984 177 177 6611
6985 177 177 6802
6986 177 177 6802
6987 177 177 6653
6988 177 177 6653
6989 177 178 6790
6990 177 177 6790
6991 177 177 6808
6992 177 177 6808
6993 177 177 6248
6994 177 177 6248
6995 177 177 6816
6996 177 177 6816
6997 177 179 6771
6998 177 177 6771
6999 177 178 6616
7000 177 177 6616
7001 177 179 6417
7002 177 177 6417
7003 177 177 6822
7004 177 179 6822
7005 177 177 6107
7006 177 178 6107
7007 177 178 6462
7008 177 177 6462
7009 177 177 6831
7010 177 178 6831
7011 177 177 6615
7012 177 177 6615
7013 177 177 6629
7014 177 177 6618
7015 177 178 6618
7016 177 177 6418
7017 177 177 6418
7018 177 178 6793
7019 177 177 6793
7020 177 177 6811
7021 177 178 6811
7022 177 177 0
7023 177 182 0
7024 177 182 0
7025 177 177 0
7026 177 181 0
7027 177 177 0
7028 177 177 0
7029 177 177 0
7030 177 180 0
7031 177 177 0
7032 177 181 0
7033 177 177 0
7034 177 177 0
7035 178 178 0
7036 178 194 0
7037 178 178 6886
7038 178 178 6886
7039 178 178 6876
7040 178 178 6876
7041 178 178 6848
7042 178 178 6848
7043 178 182 6126
7044 178 178 6126
7045 178 178 6853
7046 178 178 6853
7047 178 178 0
7048 178 178 0
7049 178 178 6880
7050 178 178 6880
7051 178 178 6871
7052 178 178 6871
7053 178 178 6677
7054 178 178 6677
7055 178 178 6678
7056 178 179 6678
7057 178 178 6867
7058 178 181 6867
7059 178 180 6856
7060 178 178 6856
7061 178 178 6857
7062 178 179 6857
7063 178 178 6866
7064 178 179 6866
7065 178 178 6877
7066 178 178 6877
7067 178 178 6869
7068 178 184 6869
7069 178 178 0
7070 178 178 0
7071 178 180 6881
7072 178 178 6881
7073 178 178 6719
7074 178 178 6719
7075 178 179 6686
7076 178 178 6686
7077 178 180 6888
7078 178 178 6888
7079 178 178 6700
7080 178 178 6700
7081 178 181 6518
7082 178 178 6518
7083 178 181 6332
7084 178 178 6332
7085 178 178 6685
7086 178 178 6685
7087 178 178 6900
7088 178 178 6900
7089 178 179 0
7090 178 178 0
7091 178 186 6913
7092 178 178 6913
7093 178 182 6926
7094 178 178 6926
7095 178 178 6909
7096 178 178 6909
7097 178 178 6901
7098 178 178 6901
7099 178 178 6713
7100 178 178 6713
7101 178 178 6543
7102 178 182 6543
7103 178 180 6718
7104 178 182 6718
7105 178 178 6899
7106 178 178 6899
7107 178 178 6916
7108 178 178 6916
7109 178 179 6915
7110 178 178 6915
7111 178 178 6736
7112 178 181 6736
7113 178 178 6911
7114 178 179 6911
7115 178 179 6724
7116 178 178 6724
7117 178 179 6941
7118 178 178 6941
7119 178 178 6550
7120 178 178 6550
7121 178 181 6200
7122 178 178 6200
7123 178 179 6566
7124 178 178 6566
7125 178 178 6919
7126 178 178 6919
7127 178 178 6966
7128 178 178 6966
7129 178 178 6936
7130 178 178 6936
7131 178 178 6351
7132 178 178 6351
7133 178 178 6385
7134 178 182 6385
7135 178 179 6958
7136 178 181 6958
7137 178 180 6750
7138 178 178 6750
7139 178 178 6381
7140 178 178 6381
7141 178 178 6756
7142 178 179 6756
7143 178 179 6946
7144 178 178 6946
7145 178 178 6192
7146 178 178 6192
7147 178 178 6748
7148 178 178 6748
7149 178 186 6950
7150 178 178 6950
7151 178 179 6752
7152 178 180 6752
7153 178 178 6942
7154 178 179 6942
7155 178 178 6943
7156 178 178 6943
7157 178 178 6955
7158 178 178 6955
7159 178 178 6963
7160 178 181 6963
7161 178 179 6932
7162 178 179 6932
7163 178 180 6948
7164 178 180 6948
7165 178 178 6995
7166 178 178 6995
7167 178 178 6448
7168 178 178 6448
7169 178 178 6599
7170 178 180 6599
7171 178 178 6969
7172 178 178 6969
7173 178 180 6606
7174 178 178 6606
7175 178 180 6973
7176 178 178 6973
7177 178 178 6961
7178 178 178 6961
7179 178 179 6938
7180 178 178 6938
7181 178 178 6976
7182 178 178 6976
7183 178 178 7031
7184 178 178 7031
7185 178 178 7017
7186 178 179 7017
7187 178 179 6081
7188 178 180 6081
7189 178 178 6806
7190 178 179 6806
7191 178 180 6624
7192 178 178 6624
7193 178 179 6991
7194 178 178 6991
7195 178 178 6612
7196 178 179 6612
7197 178 178 6993
7198 178 178 6993
7199 178 178 6441
7200 178 178 6441
7201 178 178 7033
7202 178 178 7033
7203 178 180 6987
7204 178 178 6987
7205 178 179 6812
7206 178 179 6812
7207 178 178 7014
7208 178 180 7014
7209 178 178 6977
7210 178 179 6977
7211 178 179 6968
7212 178 178 6968
7213 178 178 6967
7214 178 179 6967
7215 178 180 6824
7216 178 178 6824
7217 178 179 7000
7218 178 178 7000
7219 178 178 6818
7220 178 178 6818
7221 178 178 6830
7222 178 178 6830
7223 178 178 6990
7224 178 179 6990
7225 178 179 7016
7226 178 178 7016
7227 178 183 6840
7228 178 178 6840
7229 178 178 0
7230 178 179 0
7231 178 178 0
7232 178 178 0
7233 178 179 0
7234 178 178 0
7235 178 178 0
7236 179 179 7041
7237 179 179 7041
7238 179 179 7047
7239 179 179 7047
7240 179 179 7037
7241 179 179 7037
7242 179 179 7045
7243 179 180 7045
7244 179 181 7086
7245 179 182 7086
7246 179 179 7049
7247 179 179 7049
7248 179 180 7051
7249 179 179 7051
7250 179 180 6865
7251 179 179 6865
7252 179 179 7039
7253 179 179 7039
7254 179 179 7057
7255 179 179 7057
7256 179 179 7061
7257 179 179 7061
7258 179 186 7055
7259 179 179 7055
7260 179 179 7040
7261 179 180 7040
7262 179 182 6490
7263 179 179 6490
7264 179 179 6850
7265 179 179 6850
7266 179 179 7069
7267 179 179 7069
7268 179 179 7073
7269 179 179 7073
7270 179 180 7065
7271 179 179 7065
7272 179 179 7044
7273 179 179 7044
7274 179 179 0
7275 179 179 0
7276 179 180 6884
7277 179 180 6884
7278 179 179 7079
7279 179 179 7079
7280 179 184 7090
7281 179 179 7090
7282 179 179 7092
7283 179 179 7092
7284 179 179 7100
7285 179 180 7100
7286 179 180 6912
7287 179 181 6912
7288 179 179 7087
7289 179 180 7087
7290 179 179 6716
7291 179 179 6716
7292 179 179 6510
7293 179 179 6510
7294 179 182 6874
7295 179 179 6874
7296 179 180 6907
7297 179 179 6907
7298 179 180 6540
7299 179 179 6540
7300 179 179 7078
7301 179 179 7078
7302 179 179 7101
7303 179 181 7101
7304 179 181 7084
7305 179 179 7084
7306 179 185 6730
7307 179 179 6730
7308 179 179 7097
7309 179 181 7097
7310 179 180 7105
7311 179 179 7105
7312 179 180 0
7313 179 183 0
7314 179 179 7124
7315 179 179 7124
7316 179 179 7146
7317 179 179 7146
7318 179 179 7125
7319 179 179 7125
7320 179 179 6836
7321 179 179 6836
7322 179 182 7122
7323 179 179 7122
7324 179 181 6929
7325 179 181 6929
7326 179 179 6906
7327 179 179 6906
7328 179 180 6965
7329 179 181 6965
7330 179 179 6460
7331 179 179 6460
7332 179 179 7108
7333 179 179 7108
7334 179 180 7113
7335 179 179 7113
7336 179 179 7157
7337 179 179 7157
7338 179 179 7139
7339 179 179 7139
7340 179 179 7141
7341 179 179 7141
7342 179 179 6947
7343 179 179 6947
7344 179 179 7159
7345 179 180 7159
7346 179 180 7120
7347 179 183 7120
7348 179 179 7147
7349 179 179 7147
7350 179 179 6937
7351 179 179 6937
7352 179 179 7165
7353 179 179 7165
7354 179 179 6954
7355 179 185 6954
7356 179 180 6405
7357 179 179 6405
7358 179 179 7166
7359 179 184 7166
7360 179 180 6588
7361 179 182 6588
7362 179 179 7156
7363 179 179 7156
7364 179 179 6971
7365 179 179 6971
7366 179 180 7182
7367 179 179 7182
7368 179 179 7167
7369 179 179 7167
7370 179 179 7183
7371 179 179 7183
7372 179 179 6650
7373 179 180 6650
7374 179 180 6781
7375 179 181 6781
7376 179 179 6975
7377 179 180 6975
7378 179 179 7201
7379 179 179 7201
7380 179 179 6989
7381 179 179 6989
7382 179 179 7189
7383 179 179 7189
7384 179 179 6999
7385 179 179 6999
7386 179 180 7200
7387 179 179 7200
7388 179 179 7021
7389 179 179 7021
7390 179 179 7195
7391 179 179 7195
7392 179 179 7198
7393 179 179 7198
7394 179 179 7207
7395 179 179 7207
7396 179 183 7006
7397 179 179 7006
7398 179 180 7007
7399 179 182 7007
7400 179 179 6974
7401 179 180 6974
7402 179 179 7219
7403 179 182 7219
7404 179 183 5400
7405 179 179 5400
7406 179 187 7223
7407 179 184 7223
7408 179 181 7018
7409 179 179 7018
7410 179 182 7010
7411 179 185 7010
7412 179 179 6819
7413 179 183 6819
7414 179 179 6049
7415 179 179 6049
7416 179 182 0
7417 179 179 0
7418 179 179 0
7419 179 179 0
7420 179 179 0
7421 180 182 0
7422 180 180 7236
7423 180 180 7236
7424 180 180 7265
7425 180 180 7265
7426 180 180 7240
7427 180 181 7240
7428 180 180 7273
7429 180 180 7273
7430 180 180 7238
7431 180 180 7238
7432 180 181 7239
7433 180 180 7239
7434 180 183 7249
7435 180 181 7249
7436 180 180 7252
7437 180 183 7252
7438 180 180 7257
7439 180 183 7257
7440 180 184 5608
7441 180 181 5608
7442 180 180 7230
7443 180 181 7230
7444 180 180 7246
7445 180 180 7246
7446 180 180 7254
7447 180 180 7254
7448 180 186 7075
7449 180 181 7075
7450 180 182 7255
7451 180 180 7255
7452 180 181 7266
7453 180 180 7266
7454 180 180 7056
7455 180 181 7056
7456 180 182 6643
7457 180 180 6643
7458 180 180 7272
7459 180 180 7272
7460 180 180 6783
7461 180 182 6783
7462 180 182 7274
7463 180 181 7274
7464 180 180 7269
7465 180 180 7269
7466 180 181 7333
7467 180 180 7333
7468 180 181 7278
7469 180 184 7278
7470 180 180 7305
7471 180 181 7305
7472 180 184 0
7473 180 180 0
7474 180 180 7299
7475 180 180 7299
7476 180 180 6895
7477 180 180 6895
7478 180 180 4998
7479 180 180 4998
7480 180 180 7288
7481 180 180 7288
7482 180 181 7292
7483 180 180 7292
7484 180 181 6708
7485 180 180 6708
7486 180 180 7301
7487 180 181 7301
7488 180 180 6898
7489 180 180 6898
7490 180 181 7307
7491 180 184 7307
7492 180 184 7302
7493 180 180 7302
7494 180 183 0
7495 180 180 0
7496 180 180 7321
7497 180 181 7321
7498 180 180 7233
7499 180 180 7233
7500 180 180 7117
7501 180 180 7117
7502 180 182 6722
7503 180 183 6722
7504 180 180 7290
7505 180 180 7290
7506 180 181 7326
7507 180 180 7326
7508 180 180 7337
7509 180 180 7337
7510 180 180 7114
7511 180 180 7114
7512 180 181 6924
7513 180 180 6924
7514 180 180 6564
7515 180 180 6564
7516 180 180 7308
7517 180 180 7308
7518 180 180 7319
7519 180 180 7319
7520 180 180 6528
7521 180 183 6528
7522 180 181 6731
7523 180 180 6731
7524 180 180 7338
7525 180 180 7338
7526 180 181 6931
7527 180 180 6931
7528 180 181 7340
7529 180 180 7340
7530 180 182 7143
7531 180 181 7143
7532 180 182 7123
7533 180 180 7123
7534 180 180 6775
7535 180 181 6775
7536 180 180 7336
7537 180 181 7336
7538 180 181 7317
7539 180 180 7317
7540 180 181 7330
7541 180 182 7330
7542 180 180 7151
7543 180 180 7151
7544 180 183 6574
7545 180 181 6574
7546 180 180 7341
7547 180 180 7341
7548 180 182 6945
7549 180 180 6945
7550 180 180 7348
7551 180 180 7348
7552 180 180 7161
7553 180 183 7161
7554 180 180 6356
7555 180 180 6356
7556 180 180 7419
7557 180 180 7419
7558 180 180 7135
7559 180 180 7135
7560 180 183 7179
7561 180 180 7179
7562 180 180 7352
7563 180 180 7352
7564 180 181 7362
7565 180 180 7362
7566 180 180 7370
7567 180 181 7370
7568 180 180 7364
7569 180 180 7364
7570 180 180 7342
7571 180 180 7342
7572 180 180 6815
7573 180 180 6815
7574 180 180 7368
7575 180 180 7368
7576 180 181 7380
7577 180 180 7380
7578 180 181 7389
7579 180 184 7389
7580 180 180 7351
7581 180 180 7351
7582 180 180 7378
7583 180 180 7378
7584 180 180 7142
7585 180 180 7142
7586 180 180 7193
7587 180 180 7193
7588 180 180 7388
7589 180 181 7388
7590 180 181 7210
7591 180 180 7210
7592 180 180 7211
7593 180 184 7211
7594 180 180 7382
7595 180 182 7382
7596 180 181 7372
7597 180 180 7372
7598 180 180 6997
7599 180 180 6997
7600 180 180 7392
7601 180 180 7392
7602 180 180 7394
7603 180 181 7394
7604 180 180 7001
7605 180 180 7001
7606 180 180 7390
7607 180 180 7390
7608 180 180 7400
7609 180 181 7400
7610 180 182 7384
7611 180 183 7384
7612 180 180 7387
7613 180 180 7387
7614 180 181 7186
7615 180 180 7186
7616 180 180 7225
7617 180 181 7225
7618 180 181 7205
7619 180 180 7205
7620 180 181 7004
7621 180 180 7004
7622 180 180 7402
7623 180 180 7402
7624 180 184 0
7625 180 180 0
7626 180 182 0
7627 180 180 0
7628 180 180 0
7629 180 181 0
7630 180 181 0
7631 180 181 0
7632 180 180 0
7633 180 180 0
7634 180 180 0
7635 180 183 0
7636 181 181 7424
7637 181 181 7424
7638 181 181 7426
7639 181 181 7426
7640 181 182 7422
7641 181 181 7422
7642 181 181 7428
7643 181 184 7428
7644 181 183 7442
7645 181 181 7442
7646 181 182 7433
7647 181 183 7433
7648 181 181 7430
7649 181 181 7430
7650 181 182 7444
7651 181 182 7444
7652 181 181 7248
7653 181 184 7248
7654 181 182 7277
7655 181 181 7277
7656 181 181 7270
7657 181 183 7270
7658 181 181 7454
7659 181 181 7454
7660 181 182 7250
7661 181 181 7250
7662 181 181 7261
7663 181 181 7261
7664 181 181 7483
7665 181 181 7483
7666 181 182 7625
7667 181 181 7625
7668 181 181 7071
7669 181 181 7071
7670 181 181 7627
7671 181 181 7627
7672 181 181 7446
7673 181 181 7446
7674 181 182 7458
7675 181 181 7458
7676 181 182 6885
7677 181 181 6885
7678 181 182 7464
7679 181 181 7464
7680 181 181 7467
7681 181 181 7467
7682 181 181 7489
7683 181 182 7489
7684 181 181 7460
7685 181 182 7460
7686 181 181 6545
7687 181 181 6545
7688 181 182 6146
7689 181 181 6146
7690 181 181 7285
7691 181 184 7285
7692 181 181 7478
7693 181 181 7478
7694 181 181 7480
7695 181 182 7480
7696 181 182 7477
7697 181 181 7477
7698 181 182 7296
7699 181 181 7296
7700 181 181 7628
7701 181 182 7628
7702 181 181 7500
7703 181 181 7500
7704 181 181 7298
7705 181 181 7298
7706 181 182 7520
7707 181 181 7520
7708 181 182 7559
7709 181 181 7559
7710 181 181 7137
7711 181 184 7137
7712 181 183 7496
7713 181 184 7496
7714 181 182 7510
7715 181 181 7510
7716 181 182 7328
7717 181 182 7328
7718 181 181 7539
7719 181 181 7539
7720 181 181 6920
7721 181 181 6920
7722 181 182 7334
7723 181 182 7334
7724 181 181 7514
7725 181 181 7514
7726 181 181 6939
7727 181 181 6939
7728 181 181 7546
7729 181 181 7546
7730 181 181 7312
7731 181 181 7312
7732 181 182 7518
7733 181 181 7518
7734 181 181 7556
7735 181 181 7556
7736 181 181 7513
7737 181 181 7513
7738 181 181 7550
7739 181 182 7550
7740 181 182 7525
7741 181 182 7525
7742 181 183 7529
7743 181 181 7529
7744 181 186 7547
7745 181 181 7547
7746 181 181 7523
7747 181 185 7523
7748 181 183 7562
7749 181 181 7562
7750 181 181 7152
7751 181 183 7152
7752 181 182 7030
7753 181 181 7030
7754 181 185 7173
7755 181 181 7173
7756 181 181 6562
7757 181 183 6562
7758 181 182 7517
7759 181 181 7517
7760 181 181 6745
7761 181 184 6745
7762 181 181 7554
7763 181 181 7554
7764 181 181 7561
7765 181 181 7561
7766 181 181 7366
7767 181 181 7366
7768 181 181 7373
7769 181 181 7373
7770 181 181 6879
7771 181 181 6879
7772 181 182 7568
7773 181 181 7568
7774 181 181 7634
7775 181 181 7634
7776 181 181 7580
7777 181 181 7580
7778 181 181 7572
7779 181 181 7572
7780 181 181 7574
7781 181 181 7574
7782 181 181 7170
7783 181 182 7170
7784 181 181 7566
7785 181 181 7566
7786 181 181 7175
7787 181 183 7175
7788 181 181 7570
7789 181 181 7570
7790 181 181 7401
7791 181 181 7401
7792 181 181 7598
7793 181 181 7598
7794 181 182 7208
7795 181 186 7208
7796 181 181 7582
7797 181 181 7582
7798 181 181 7203
7799 181 181 7203
7800 181 181 7605
7801 181 182 7605
7802 181 182 7594
7803 181 181 7594
7804 181 181 7584
7805 181 181 7584
7806 181 181 7588
7807 181 181 7588
7808 181 181 7602
7809 181 181 7602
7810 181 181 7621
7811 181 181 7621
7812 181 181 7606
7813 181 184 7606
7814 181 181 7600
7815 181 181 7600
7816 181 181 7377
7817 181 182 7377
7818 181 182 7586
7819 181 181 7586
7820 181 182 7164
7821 181 181 7164
7822 181 181 7215
7823 181 181 7215
7824 181 182 7608
7825 181 184 7608
7826 181 181 7386
7827 181 182 7386
7828 181 183 7622
7829 181 181 7622
7830 181 182 0
7831 181 182 0
7832 181 184 0
7833 181 181 0
7834 181 181 0
7835 181 181 0
7836 181 184 0
7837 181 184 0
7838 181 185 0
7839 182 191 0
7840 182 182 7636
7841 182 182 7636
7842 182 182 7244
7843 182 182 7244
7844 182 182 7663
7845 182 182 7663
7846 182 182 7642
7847 182 182 7642
7848 182 182 6656
7849 182 182 6656
7850 182 182 7083
7851 182 185 7083
7852 182 182 7648
7853 182 182 7648
7854 182 182 7432
7855 182 183 7432
7856 182 182 7463
7857 182 182 7463
7858 182 182 7638
7859 182 184 7638
7860 182 183 7652
7861 182 183 7652
7862 182 189 7441
7863 182 182 7441
7864 182 182 7443
7865 182 182 7443
7866 182 182 7665
7867 182 182 7665
7868 182 182 7658
7869 182 182 7658
7870 182 182 7679
7871 182 182 7679
7872 182 182 7112
7873 182 182 7112
7874 182 186 7662
7875 182 183 7662
7876 182 182 7664
7877 182 185 7664
7878 182 184 7670
7879 182 182 7670
7880 182 184 7681
7881 182 182 7681
7882 182 183 7452
7883 182 182 7452
7884 182 182 7669
7885 182 182 7669
7886 182 182 7671
7887 182 182 7671
7888 182 182 7682
7889 182 184 7682
7890 182 182 7684
7891 182 182 7684
7892 182 182 7686
7893 182 182 7686
7894 182 182 7081
7895 182 182 7081
7896 182 182 7690
7897 182 182 7690
7898 182 182 7287
7899 182 183 7287
7900 182 184 7694
7901 182 182 7694
7902 182 183 7471
7903 182 182 7471
7904 182 183 7482
7905 182 184 7482
7906 182 182 7484
7907 182 182 7484
7908 182 182 7720
7909 182 182 7720
7910 182 182 7705
7911 182 183 7705
7912 182 182 7304
7913 182 182 7304
7914 182 183 7700
7915 182 182 7700
7916 182 183 7707
7917 182 185 7707
7918 182 182 7490
7919 182 183 7490
7920 182 183 7629
7921 182 182 7629
7922 182 182 7704
7923 182 182 7704
7924 182 186 7497
7925 182 182 7497
7926 182 182 7702
7927 182 182 7702
7928 182 182 7058
7929 182 183 7058
7930 182 183 7309
7931 182 182 7309
7932 182 182 7324
7933 182 182 7324
7934 182 182 7512
7935 182 184 7512
7936 182 182 7121
7937 182 187 7121
7938 182 182 7718
7939 182 183 7718
7940 182 183 7329
7941 182 182 7329
7942 182 183 7710
7943 182 182 7710
7944 182 182 7537
7945 182 185 7537
7946 182 182 7726
7947 182 183 7726
7948 182 182 7727
7949 182 182 7727
7950 182 182 7728
7951 182 182 7728
7952 182 182 7526
7953 182 183 7526
7954 182 183 7528
7955 182 182 7528
7956 182 185 7724
7957 182 182 7724
7958 182 182 7719
7959 182 182 7719
7960 182 182 7735
7961 182 183 7735
7962 182 184 7522
7963 182 182 7522
7964 182 182 7737
7965 182 182 7737
7966 182 182 7540
7967 182 184 7540
7968 182 182 6378
7969 182 183 6378
7970 182 185 7835
7971 182 182 7835
7972 182 184 7774
7973 182 182 7774
7974 182 182 7738
7975 182 182 7738
7976 182 182 7782
7977 182 182 7782
7978 182 183 7535
7979 182 182 7535
7980 182 182 7763
7981 182 182 7763
7982 182 182 7764
7983 182 182 7764
7984 182 182 7743
7985 182 182 7743
7986 182 184 7564
7987 182 182 7564
7988 182 192 7731
7989 182 184 7731
7990 182 182 7771
7991 182 182 7771
7992 182 182 7136
7993 182 182 7136
7994 182 182 7576
7995 182 188 7576
7996 182 182 7784
7997 182 182 7784
7998 182 183 7755
7999 182 182 7755
8000 182 182 7789
8001 182 183 7789
8002 182 182 7792
8003 182 182 7792
8004 182 182 7790
8005 182 182 7790
8006 182 182 7753
8007 182 184 7753
8008 182 182 7780
8009 182 182 7780
8010 182 182 7799
8011 182 182 7799
8012 182 183 6803
8013 182 184 6803
8014 182 185 7804
8015 182 185 7804
8016 182 183 7806
8017 182 182 7806
8018 182 182 7589
8019 182 190 7589
8020 182 182 7823
8021 182 182 7823
8022 182 182 7812
8023 182 182 7812
8024 182 183 7375
8025 182 183 7375
8026 182 184 7603
8027 182 182 7603
8028 182 182 7816
8029 182 182 7816
8030 182 183 7590
8031 182 184 7590
8032 182 182 7809
8033 182 182 7809
8034 182 182 7596
8035 182 182 7596
8036 182 188 7618
8037 182 185 7618
8038 182 182 7760
8039 182 182 7760
8040 182 182 7609
8041 182 182 7609
8042 182 184 7617
8043 182 182 7617
8044 182 187 7408
8045 182 184 7408
8046 182 182 6826
8047 182 182 6826
8048 182 183 7620
8049 182 182 7620
8050 182 183 0
8051 182 182 0
8052 182 183 0
8053 182 182 0
8054 182 183 0
8055 182 182 0
8056 182 182 0
8057 182 182 0
8058 182 182 0
8059 182 182 0
8060 182 182 0
8061 182 183 0
8062 182 182 0
8063 182 182 0
8064 183 187 0
8065 183 183 7858
8066 183 183 7858
8067 183 184 7844
8068 183 184 7844
8069 183 183 7640
8070 183 183 7640
8071 183 183 7846
8072 183 183 7846
8073 183 183 7043
8074 183 183 7043
8075 183 183 7023
8076 183 183 7023
8077 183 184 7852
8078 183 183 7852
8079 183 184 7840
8080 183 183 7840
8081 183 183 7650
8082 183 183 7650
8083 183 183 7850
8084 183 183 7850
8085 183 183 7854
8086 183 183 7854
8087 183 184 7666
8088 183 183 7666
8089 183 183 7868
8090 183 187 7868
8091 183 185 7849
8092 183 185 7849
8093 183 183 7462
8094 183 183 7462
8095 183 183 7651
8096 183 183 7651
8097 183 183 7456
8098 183 183 7456
8099 183 183 7872
8100 183 183 7872
8101 183 183 7461
8102 183 183 7461
8103 183 183 7884
8104 183 183 7884
8105 183 183 7869
8106 183 183 7869
8107 183 183 7897
8108 183 183 7897
8109 183 184 7678
8110 183 183 7678
8111 183 183 7890
8112 183 183 7890
8113 183 183 7894
8114 183 183 7894
8115 183 185 7892
8116 183 184 7892
8117 183 183 7830
8118 183 185 7830
8119 183 183 7688
8120 183 183 7688
8121 183 183 7906
8122 183 183 7906
8123 183 185 7403
8124 183 183 7403
8125 183 185 7886
8126 183 184 7886
8127 183 186 7925
8128 183 183 7925
8129 183 183 7901
8130 183 183 7901
8131 183 183 7698
8132 183 183 7698
8133 183 183 7660
8134 183 183 7660
8135 183 185 7102
8136 183 187 7102
8137 183 184 0
8138 183 184 0
8139 183 183 7923
8140 183 187 7923
8141 183 183 7918
8142 183 184 7918
8143 183 183 7898
8144 183 184 7898
8145 183 184 7683
8146 183 183 7683
8147 183 185 7926
8148 183 183 7926
8149 183 183 7955
8150 183 183 7955
8151 183 185 7932
8152 183 184 7932
8153 183 183 7294
8154 183 183 7294
8155 183 183 7502
8156 183 184 7502
8157 183 187 7903
8158 183 183 7903
8159 183 184 7716
8160 183 183 7716
8161 183 185 8057
8162 183 183 8057
8163 183 183 7541
8164 183 183 7541
8165 183 183 7948
8166 183 183 7948
8167 183 184 7944
8168 183 185 7944
8169 183 183 7963
8170 183 183 7963
8171 183 183 7946
8172 183 183 7946
8173 183 183 7723
8174 183 183 7723
8175 183 186 7951
8176 183 183 7951
8177 183 183 7548
8178 183 183 7548
8179 183 189 7530
8180 183 183 7530
8181 183 183 7979
8182 183 184 7979
8183 183 183 0
8184 183 183 0
8185 183 183 7416
8186 183 183 7416
8187 183 183 7928
8188 183 183 7928
8189 183 183 8059
8190 183 183 8059
8191 183 183 7708
8192 183 183 7708
8193 183 183 7758
8194 183 187 7758
8195 183 183 7990
8196 183 184 7990
8197 183 184 8005
8198 183 187 8005
8199 183 183 7739
8200 183 184 7739
8201 183 183 7965
8202 183 183 7965
8203 183 183 7361
8204 183 186 7361
8205 183 183 7976
8206 183 185 7976
8207 183 183 8060
8208 183 183 8060
8209 183 183 7772
8210 183 183 7772
8211 183 183 7980
8212 183 183 7980
8213 183 183 7982
8214 183 183 7982
8215 183 184 7993
8216 183 184 7993
8217 183 183 7741
8218 183 184 7741
8219 183 183 7722
8220 183 183 7722
8221 183 183 7752
8222 183 184 7752
8223 183 185 7952
8224 183 183 7952
8225 183 183 7994
8226 183 185 7994
8227 183 183 7996
8228 183 183 7996
8229 183 183 8002
8230 183 183 8002
8231 183 183 7817
8232 183 183 7817
8233 183 183 7794
8234 183 185 7794
8235 183 183 8008
8236 183 183 8008
8237 183 183 8010
8238 183 184 8010
8239 183 183 7802
8240 183 183 7802
8241 183 183 8062
8242 183 185 8062
8243 183 183 7820
8244 183 184 7820
8245 183 186 7818
8246 183 184 7818
8247 183 183 8028
8248 183 183 8028
8249 183 185 7783
8250 183 183 7783
8251 183 183 8033
8252 183 183 8033
8253 183 183 8047
8254 183 184 8047
8255 183 183 8038
8256 183 183 8038
8257 183 183 8040
8258 183 185 8040
8259 183 183 7410
8260 183 183 7410
8261 183 183 8022
8262 183 183 8022
8263 183 183 7824
8264 183 183 7824
8265 183 184 0
8266 183 184 0
8267 183 188 0
8268 183 183 0
8269 183 183 0
8270 183 183 0
8271 183 183 0
8272 183 183 0
8273 183 183 0
8274 184 187 0
8275 184 185 8069
8276 184 184 8069
8277 184 184 8073
8278 184 184 8073
8279 184 185 8085
8280 184 186 8085
8281 184 184 7644
8282 184 187 7644
8283 184 184 8088
8284 184 184 8088
8285 184 184 8072
8286 184 184 8072
8287 184 184 7439
8288 184 184 7439
8289 184 186 8076
8290 184 184 8076
8291 184 184 8078
8292 184 185 8078
8293 184 187 8094
8294 184 184 8094
8295 184 185 8081
8296 184 184 8081
8297 184 184 7860
8298 184 185 7860
8299 184 184 8050
8300 184 184 8050
8301 184 184 8089
8302 184 185 8089
8303 184 186 7882
8304 184 184 7882
8305 184 184 7861
8306 184 188 7861
8307 184 184 8110
8308 184 184 8110
8309 184 184 8099
8310 184 184 8099
8311 184 184 8082
8312 184 185 8082
8313 184 184 8098
8314 184 186 8098
8315 184 185 8101
8316 184 184 8101
8317 184 184 6673
8318 184 185 6673
8319 184 184 8103
8320 184 184 8103
8321 184 184 8105
8322 184 184 8105
8323 184 184 8107
8324 184 186 8107
8325 184 184 8134
8326 184 184 8134
8327 184 184 8128
8328 184 184 8128
8329 184 184 8113
8330 184 184 8113
8331 184 184 7647
8332 184 189 7647
8333 184 184 8117
8334 184 187 8117
8335 184 184 8119
8336 184 184 8119
8337 184 184 8154
8338 184 184 8154
8339 184 184 8133
8340 184 184 8133
8341 184 184 7437
8342 184 184 7437
8343 184 184 7503
8344 184 186 7503
8345 184 185 8129
8346 184 184 8129
8347 184 184 8052
8348 184 185 8052
8349 184 185 8121
8350 184 184 8121
8351 184 184 8122
8352 184 184 8122
8353 184 184 7521
8354 184 184 7521
8355 184 185 8131
8356 184 186 8131
8357 184 186 8141
8358 184 184 8141
8359 184 185 8164
8360 184 184 8164
8361 184 184 7920
8362 184 184 7920
8363 184 184 7929
8364 184 184 7929
8365 184 185 8149
8366 184 184 8149
8367 184 184 8114
8368 184 184 8114
8369 184 188 8130
8370 184 184 8130
8371 184 184 8124
8372 184 187 8124
8373 184 186 7712
8374 184 184 7712
8375 184 188 7494
8376 184 185 7494
8377 184 184 8185
8378 184 184 8185
8379 184 184 8163
8380 184 185 8163
8381 184 184 8214
8382 184 184 8214
8383 184 184 8165
8384 184 185 8165
8385 184 185 7953
8386 184 185 7953
8387 184 184 7742
8388 184 186 7742
8389 184 184 7954
8390 184 184 7954
8391 184 184 8177
8392 184 185 8177
8393 184 185 8269
8394 184 184 8269
8395 184 184 8183
8396 184 184 8183
8397 184 184 7961
8398 184 184 7961
8399 184 184 8173
8400 184 184 8173
8401 184 185 8187
8402 184 184 8187
8403 184 185 8176
8404 184 184 8176
8405 184 184 7227
8406 184 184 7227
8407 184 184 8169
8408 184 184 8169
8409 184 184 7969
8410 184 184 7969
8411 184 185 8205
8412 184 184 8205
8413 184 184 8166
8414 184 184 8166
8415 184 184 7553
8416 184 184 7553
8417 184 184 7757
8418 184 184 7757
8419 184 184 8193
8420 184 187 8193
8421 184 184 7787
8422 184 184 7787
8423 184 184 8181
8424 184 184 8181
8425 184 184 8211
8426 184 185 8211
8427 184 184 8189
8428 184 184 8189
8429 184 185 8232
8430 184 184 8232
8431 184 184 8174
8432 184 185 8174
8433 184 185 7947
8434 184 185 7947
8435 184 184 8221
8436 184 186 8221
8437 184 184 8227
8438 184 184 8227
8439 184 186 8225
8440 184 184 8225
8441 184 184 8209
8442 184 184 8209
8443 184 184 8195
8444 184 184 8195
8445 184 186 8199
8446 184 187 8199
8447 184 185 8201
8448 184 184 8201
8449 184 184 8191
8450 184 184 8191
8451 184 184 8239
8452 184 184 8239
8453 184 185 7998
8454 184 187 7998
8455 184 185 7635
8456 184 184 7635
8457 184 184 8061
8458 184 184 8061
8459 184 184 8219
8460 184 185 8219
8461 184 184 8012
8462 184 186 8012
8463 184 185 8243
8464 184 184 8243
8465 184 184 8030
8466 184 184 8030
8467 184 186 8251
8468 184 184 8251
8469 184 185 8263
8470 184 185 8263
8471 184 184 7560
8472 184 184 7560
8473 184 185 8247
8474 184 184 8247
8475 184 187 8255
8476 184 184 8255
8477 184 186 8257
8478 184 184 8257
8479 184 184 7413
8480 184 184 7413
8481 184 184 8261
8482 184 184 8261
8483 184 184 8001
8484 184 184 8001
8485 184 184 8025
8486 184 184 8025
8487 184 185 8235
8488 184 184 8235
8489 184 185 8262
8490 184 184 8262
8491 184 184 0
8492 184 185 0
8493 184 184 0
8494 185 194 0
8495 185 186 8077
8496 185 185 8077
8497 185 189 7624
8498 185 185 7624
8499 185 185 8283
8500 185 185 8283
8501 185 185 7653
8502 185 186 7653
8503 185 185 8067
8504 185 189 8067
8505 185 185 8286
8506 185 185 8286
8507 185 185 8277
8508 185 188 8277
8509 185 185 8287
8510 185 185 8287
8511 185 186 7643
8512 185 185 7643
8513 185 185 8281
8514 185 186 8281
8515 185 185 8079
8516 185 185 8079
8517 185 185 6672
8518 185 185 6672
8519 185 185 8297
8520 185 185 8297
8521 185 185 8276
8522 185 186 8276
8523 185 185 7859
8524 185 186 7859
8525 185 185 8265
8526 185 185 8265
8527 185 185 8309
8528 185 186 8309
8529 185 185 8311
8530 185 188 8311
8531 185 185 8284
8532 185 185 8284
8533 185 186 8313
8534 185 185 8313
8535 185 185 7880
8536 185 185 7880
8537 185 185 8138
8538 185 185 8138
8539 185 185 8319
8540 185 185 8319
8541 185 190 7878
8542 185 185 7878
8543 185 185 8327
8544 185 186 8327
8545 185 186 8329
8546 185 188 8329
8547 185 187 8116
8548 185 185 8116
8549 185 185 8335
8550 185 185 8335
8551 185 186 8142
8552 185 185 8142
8553 185 185 8109
8554 185 185 8109
8555 185 185 8341
8556 185 185 8341
8557 185 185 8343
8558 185 185 8343
8559 185 185 8336
8560 185 188 8336
8561 185 185 7579
8562 185 185 7579
8563 185 185 8354
8564 185 185 8354
8565 185 187 8326
8566 185 186 8326
8567 185 185 7889
8568 185 185 7889
8569 185 185 8367
8570 185 185 8367
8571 185 187 8351
8572 185 185 8351
8573 185 185 8363
8574 185 188 8363
8575 185 187 8353
8576 185 185 8353
8577 185 185 7492
8578 185 185 7492
8579 185 190 8402
8580 185 185 8402
8581 185 186 8152
8582 185 185 8152
8583 185 185 8159
8584 185 186 8159
8585 185 185 8383
8586 185 185 8383
8587 185 191 7989
8588 185 185 7989
8589 185 185 8391
8590 185 185 8391
8591 185 185 7905
8592 185 185 7905
8593 185 185 8167
8594 185 188 8167
8595 185 185 7962
8596 185 186 7962
8597 185 186 8379
8598 185 185 8379
8599 185 185 7711
8600 185 185 7711
8601 185 190 7713
8602 185 185 7713
8603 185 185 8399
8604 185 185 8399
8605 185 187 8387
8606 185 185 8387
8607 185 185 8418
8608 185 187 8418
8609 185 185 8421
8610 185 185 8421
8611 185 185 8395
8612 185 187 8395
8613 185 187 8377
8614 185 186 8377
8615 185 186 8397
8616 185 185 8397
8617 185 185 7491
8618 185 185 7491
8619 185 191 7935
8620 185 185 7935
8621 185 185 8450
8622 185 191 8450
8623 185 185 8412
8624 185 185 8412
8625 185 189 8390
8626 185 185 8390
8627 185 185 7761
8628 185 185 7761
8629 185 185 8428
8630 185 186 8428
8631 185 186 8409
8632 185 185 8409
8633 185 185 7986
8634 185 187 7986
8635 185 185 7836
8636 185 185 7836
8637 185 188 8419
8638 185 185 8419
8639 185 186 7472
8640 185 185 7472
8641 185 188 8427
8642 185 185 8427
8643 185 185 8458
8644 185 185 8458
8645 185 185 8415
8646 185 185 8415
8647 185 185 8441
8648 185 185 8441
8649 185 185 7972
8650 185 185 7972
8651 185 185 8449
8652 185 185 8449
8653 185 185 8440
8654 185 185 8440
8655 185 185 8438
8656 185 185 8438
8657 185 189 8435
8658 185 186 8435
8659 185 185 8404
8660 185 185 8404
8661 185 186 8451
8662 185 185 8451
8663 185 185 8437
8664 185 185 8437
8665 185 187 8444
8666 185 187 8444
8667 185 185 8443
8668 185 187 8443
8669 185 185 8488
8670 185 185 8488
8671 185 185 8218
8672 185 185 8218
8673 185 189 8484
8674 185 185 8484
8675 185 185 8483
8676 185 186 8483
8677 185 185 8486
8678 185 185 8486
8679 185 188 8200
8680 185 185 8200
8681 185 185 8471
8682 185 185 8471
8683 185 185 8026
8684 185 185 8026
8685 185 185 8222
8686 185 188 8222
8687 185 185 8254
8688 185 185 8254
8689 185 186 8490
8690 185 188 8490
8691 185 185 8479
8692 185 185 8479
8693 185 185 8465
8694 185 186 8465
8695 185 185 8045
8696 185 189 8045
8697 185 189 8013
8698 185 185 8013
8699 185 185 0
8700 185 185 0
8701 185 186 0
8702 185 185 0
8703 185 185 0
8704 185 190 0
8705 185 186 0
8706 186 186 0
8707 186 187 0
8708 186 186 8496
8709 186 186 8496
8710 186 186 8501
8711 186 186 8501
8712 186 186 8275
8713 186 186 8275
8714 186 186 8505
8715 186 186 8505
8716 186 188 8507
8717 186 187 8507
8718 186 187 8509
8719 186 186 8509
8720 186 186 8548
8721 186 186 8548
8722 186 188 8279
8723 186 186 8279
8724 186 186 8515
8725 186 186 8515
8726 186 189 8517
8727 186 186 8517
8728 186 186 8295
8729 186 186 8295
8730 186 186 8500
8731 186 186 8500
8732 186 186 8298
8733 186 186 8298
8734 186 186 8519
8735 186 186 8519
8736 186 186 8531
8737 186 187 8531
8738 186 187 8520
8739 186 186 8520
8740 186 189 8091
8741 186 189 8091
8742 186 186 8529
8743 186 186 8529
8744 186 186 8527
8745 186 187 8527
8746 186 187 8118
8747 186 186 8118
8748 186 186 8540
8749 186 186 8540
8750 186 187 8315
8751 186 186 8315
8752 186 186 8349
8753 186 186 8349
8754 186 186 8526
8755 186 186 8526
8756 186 186 8564
8757 186 186 8564
8758 186 186 8553
8759 186 186 8553
8760 186 186 8555
8761 186 186 8555
8762 186 190 8125
8763 186 187 8125
8764 186 189 8092
8765 186 186 8092
8766 186 186 8557
8767 186 188 8557
8768 186 188 8345
8769 186 186 8345
8770 186 187 8538
8771 186 187 8538
8772 186 186 8559
8773 186 186 8559
8774 186 186 8550
8775 186 188 8550
8776 186 187 8562
8777 186 187 8562
8778 186 187 8355
8779 186 193 8355
8780 186 186 8536
8781 186 186 8536
8782 186 186 8567
8783 186 186 8567
8784 186 186 8135
8785 186 186 8135
8786 186 187 8569
8787 186 186 8569
8788 186 186 8318
8789 186 189 8318
8790 186 189 8151
8791 186 186 8151
8792 186 186 8147
8793 186 187 8147
8794 186 186 8115
8795 186 186 8115
8796 186 186 8583
8797 186 186 8583
8798 186 186 8359
8799 186 186 8359
8800 186 186 8577
8801 186 186 8577
8802 186 186 8593
8803 186 186 8593
8804 186 186 8621
8805 186 186 8621
8806 186 187 8578
8807 186 187 8578
8808 186 186 8401
8809 186 189 8401
8810 186 186 8161
8811 186 187 8161
8812 186 190 8591
8813 186 186 8591
8814 186 186 8700
8815 186 186 8700
8816 186 187 8585
8817 186 186 8585
8818 186 186 8603
8819 186 189 8603
8820 186 186 8589
8821 186 187 8589
8822 186 186 7956
8823 186 191 7956
8824 186 187 8348
8825 186 186 8348
8826 186 186 8582
8827 186 187 8582
8828 186 186 8609
8829 186 186 8609
8830 186 186 8168
8831 186 187 8168
8832 186 186 8617
8833 186 188 8617
8834 186 186 8554
8835 186 186 8554
8836 186 187 8602
8837 186 186 8602
8838 186 187 8385
8839 186 186 8385
8840 186 186 8606
8841 186 186 8606
8842 186 188 8611
8843 186 189 8611
8844 186 186 8393
8845 186 188 8393
8846 186 186 8380
8847 186 186 8380
8848 186 187 8623
8849 186 189 8623
8850 186 186 7970
8851 186 186 7970
8852 186 186 8627
8853 186 186 8627
8854 186 187 7747
8855 186 186 7747
8856 186 186 8703
8857 186 187 8703
8858 186 188 8434
8859 186 186 8434
8860 186 186 8636
8861 186 186 8636
8862 186 186 8650
8863 186 187 8650
8864 186 186 8642
8865 186 186 8642
8866 186 186 8645
8867 186 186 8645
8868 186 186 8647
8869 186 186 8647
8870 186 188 7306
8871 186 186 7306
8872 186 186 8447
8873 186 187 8447
8874 186 186 8234
8875 186 187 8234
8876 186 186 8654
8877 186 186 8654
8878 186 187 8662
8879 186 187 8662
8880 186 189 8223
8881 186 186 8223
8882 186 189 8667
8883 186 186 8667
8884 186 186 8640
8885 186 186 8640
8886 186 187 8595
8887 186 186 8595
8888 186 186 8652
8889 186 190 8652
8890 186 190 8460
8891 186 188 8460
8892 186 187 8669
8893 186 186 8669
8894 186 186 8698
8895 186 186 8698
8896 186 186 8655
8897 186 186 8655
8898 186 186 8015
8899 186 186 8015
8900 186 186 8242
8901 186 186 8242
8902 186 186 8453
8903 186 186 8453
8904 186 187 8678
8905 186 186 8678
8906 186 186 8643
8907 186 186 8643
8908 186 186 8249
8909 186 186 8249
8910 186 186 8671
8911 186 186 8671
8912 186 186 8206
8913 186 186 8206
8914 186 188 8672
8915 186 187 8672
8916 186 186 8664
8917 186 187 8664
8918 186 186 8469
8919 186 187 8469
8920 186 186 8674
8921 186 186 8674
8922 186 191 8258
8923 186 186 8258
8924 186 186 8426
8925 186 186 8426
8926 186 186 8681
8927 186 186 8681
8928 186 186 8683
8929 186 187 8683
8930 186 187 8685
8931 186 186 8685
8932 186 189 8463
8933 186 186 8463
8934 186 187 8037
8935 186 186 8037
8936 186 188 8473
8937 186 186 8473
8938 186 187 8487
8939 186 186 8487
8940 186 188 8226
8941 186 186 8226
8942 186 187 0
8943 186 187 0
8944 186 186 0
8945 186 186 0
8946 187 187 8712
8947 187 187 8712
8948 187 188 8514
8949 187 190 8514
8950 187 187 8502
8951 187 189 8502
8952 187 187 8715
8953 187 187 8715
8954 187 189 8511
8955 187 188 8511
8956 187 187 8289
8957 187 187 8289
8958 187 187 8495
8959 187 187 8495
8960 187 187 8724
8961 187 188 8724
8962 187 187 8728
8963 187 187 8728
8964 187 187 8710
8965 187 188 8710
8966 187 187 8730
8967 187 187 8730
8968 187 187 8756
8969 187 193 8756
8970 187 187 8719
8971 187 187 8719
8972 187 187 8709
8973 187 189 8709
8974 187 187 8736
8975 187 187 8736
8976 187 187 8732
8977 187 188 8732
8978 187 187 8755
8979 187 188 8755
8980 187 187 8733
8981 187 187 8733
8982 187 188 8759
8983 187 187 8759
8984 187 188 8781
8985 187 187 8781
8986 187 187 8744
8987 187 187 8744
8988 187 187 8528
8989 187 187 8528
8990 187 189 8727
8991 187 187 8727
8992 187 187 8753
8993 187 187 8753
8994 187 187 8749
8995 187 187 8749
8996 187 187 8748
8997 187 187 8748
8998 187 187 8280
8999 187 187 8280
9000 187 187 8545
9001 187 188 8545
9002 187 188 8758
9003 187 187 8758
9004 187 187 8784
9005 187 187 8784
9006 187 187 8127
9007 187 187 8127
9008 187 187 8772
9009 187 187 8772
9010 187 190 8757
9011 187 188 8757
9012 187 187 8324
9013 187 187 8324
9014 187 187 8566
9015 187 193 8566
9016 187 189 8760
9017 187 187 8760
9018 187 187 8808
9019 187 187 8808
9020 187 187 8357
9021 187 188 8357
9022 187 187 8761
9023 187 187 8761
9024 187 188 8794
9025 187 187 8794
9026 187 188 8344
9027 187 188 8344
9028 187 187 7744
9029 187 187 7744
9030 187 187 8829
9031 187 188 8829
9032 187 187 8798
9033 187 187 8798
9034 187 187 8783
9035 187 187 8783
9036 187 187 8373
9037 187 187 8373
9038 187 189 8825
9039 187 187 8825
9040 187 188 8797
9041 187 187 8797
9042 187 191 8614
9043 187 187 8614
9044 187 190 8826
9045 187 188 8826
9046 187 187 8856
9047 187 187 8856
9048 187 187 8815
9049 187 187 8815
9050 187 187 8701
9051 187 189 8701
9052 187 188 8820
9053 187 187 8820
9054 187 187 8822
9055 187 187 8822
9056 187 187 8828
9057 187 188 8828
9058 187 187 8844
9059 187 188 8844
9060 187 188 8639
9061 187 187 8639
9062 187 188 8832
9063 187 188 8832
9064 187 189 8597
9065 187 187 8597
9066 187 188 8841
9067 187 187 8841
9068 187 187 8388
9069 187 187 8388
9070 187 187 8852
9071 187 187 8852
9072 187 187 8830
9073 187 187 8830
9074 187 187 8835
9075 187 187 8835
9076 187 187 8846
9077 187 187 8846
9078 187 187 8850
9079 187 187 8850
9080 187 189 8818
9081 187 188 8818
9082 187 187 0
9083 187 187 0
9084 187 187 8462
9085 187 187 8462
9086 187 187 8802
9087 187 187 8802
9088 187 187 8631
9089 187 189 8631
9090 187 188 8175
9091 187 188 8175
9092 187 187 8837
9093 187 187 8837
9094 187 187 8866
9095 187 187 8866
9096 187 187 8877
9097 187 188 8877
9098 187 189 8868
9099 187 191 8868
9100 187 187 8658
9101 187 187 8658
9102 187 187 8894
9103 187 188 8894
9104 187 188 8861
9105 187 187 8861
9106 187 187 8884
9107 187 188 8884
9108 187 187 8871
9109 187 187 8871
9110 187 187 8945
9111 187 188 8945
9112 187 187 8872
9113 187 187 8872
9114 187 187 8445
9115 187 187 8445
9116 187 187 8630
9117 187 187 8630
9118 187 187 8937
9119 187 187 8937
9120 187 188 8906
9121 187 187 8906
9122 187 187 8908
9123 187 187 8908
9124 187 187 8895
9125 187 187 8895
9126 187 187 8912
9127 187 188 8912
9128 187 188 8898
9129 187 188 8898
9130 187 189 8900
9131 187 187 8900
9132 187 187 8903
9133 187 189 8903
9134 187 189 8676
9135 187 187 8676
9136 187 187 8862
9137 187 187 8862
9138 187 187 8893
9139 187 187 8893
9140 187 187 8925
9141 187 188 8925
9142 187 187 8926
9143 187 187 8926
9144 187 187 8694
9145 187 187 8694
9146 187 187 8467
9147 187 187 8467
9148 187 187 8910
9149 187 187 8910
9150 187 187 8901
9151 187 187 8901
9152 187 190 8883
9153 187 190 8883
9154 187 191 8477
9155 187 187 8477
9156 187 190 8874
9157 187 187 8874
9158 187 187 8876
9159 187 187 8876
9160 187 191 8902
9161 187 187 8902
9162 187 188 8705
9163 187 187 8705
9164 187 187 0
9165 187 187 0
9166 188 188 0
9167 188 188 8718
9168 188 188 8718
9169 188 188 8957
9170 188 189 8957
9171 188 188 8958
9172 188 188 8958
9173 188 188 8967
9174 188 188 8967
9175 188 188 8946
9176 188 188 8946
9177 188 188 8953
9178 188 188 8953
9179 188 188 8956
9180 188 190 8956
9181 188 193 8293
9182 188 188 8293
9183 188 188 8950
9184 188 188 8950
9185 188 188 8976
9186 188 189 8976
9187 188 188 8968
9188 188 188 8968
9189 188 189 8738
9190 188 189 8738
9191 188 189 8970
9192 188 188 8970
9193 188 188 8987
9194 188 188 8987
9195 188 189 8978
9196 188 188 8978
9197 188 190 8975
9198 188 188 8975
9199 188 188 8962
9200 188 188 8962
9201 188 189 8992
9202 188 188 8992
9203 188 188 8995
9204 188 188 8995
9205 188 188 8988
9206 188 188 8988
9207 188 188 8282
9208 188 189 8282
9209 188 188 8746
9210 188 188 8746
9211 188 188 8737
9212 188 188 8737
9213 188 188 8996
9214 188 190 8996
9215 188 192 9007
9216 188 188 9007
9217 188 188 8981
9218 188 189 8981
9219 188 188 8136
9220 188 194 8136
9221 188 190 8770
9222 188 190 8770
9223 188 188 9008
9224 188 188 9008
9225 188 189 8824
9226 188 189 8824
9227 188 188 9012
9228 188 188 9012
9229 188 189 9065
9230 188 189 9065
9231 188 188 9004
9232 188 191 9004
9233 188 188 8786
9234 188 189 8786
9235 188 189 8777
9236 188 188 8777
9237 188 189 8613
9238 188 188 8613
9239 188 188 9020
9240 188 188 9020
9241 188 188 9022
9242 188 188 9022
9243 188 188 8807
9244 188 188 8807
9245 188 188 8745
9246 188 191 8745
9247 188 188 9019
9248 188 188 9019
9249 188 190 9030
9250 188 188 9030
9251 188 188 9061
9252 188 189 9061
9253 188 188 9034
9254 188 188 9034
9255 188 189 8793
9256 188 188 8793
9257 188 188 9025
9258 188 188 9025
9259 188 188 7937
9260 188 188 7937
9261 188 189 8575
9262 188 191 8575
9263 188 188 8194
9264 188 188 8194
9265 188 190 8943
9266 188 188 8943
9267 188 188 8831
9268 188 188 8831
9269 188 190 8886
9270 188 189 8886
9271 188 188 0
9272 188 188 0
9273 188 188 9049
9274 188 188 9049
9275 188 191 9035
9276 188 190 9035
9277 188 188 8605
9278 188 188 8605
9279 188 188 8942
9280 188 188 8942
9281 188 188 9037
9282 188 188 9037
9283 188 190 9084
9284 188 189 9084
9285 188 190 9054
9286 188 191 9054
9287 188 188 9071
9288 188 188 9071
9289 188 191 8372
9290 188 188 8372
9291 188 188 9074
9292 188 188 9074
9293 188 189 8565
9294 188 188 8565
9295 188 188 8857
9296 188 188 8857
9297 188 189 8875
9298 188 188 8875
9299 188 188 9078
9300 188 188 9078
9301 188 191 8608
9302 188 188 8608
9303 188 188 8454
9304 188 188 8454
9305 188 188 9086
9306 188 188 9086
9307 188 188 9093
9308 188 192 9093
9309 188 188 9088
9310 188 188 9088
9311 188 188 9094
9312 188 188 9094
9313 188 188 8634
9314 188 188 8634
9315 188 188 8198
9316 188 188 8198
9317 188 188 9109
9318 188 188 9109
9319 188 188 8878
9320 188 189 8878
9321 188 189 9068
9322 188 188 9068
9323 188 189 9114
9324 188 188 9114
9325 188 188 9096
9326 188 188 9096
9327 188 188 9126
9328 188 188 9126
9329 188 190 9102
9330 188 188 9102
9331 188 188 9083
9332 188 188 9083
9333 188 189 9165
9334 188 189 9165
9335 188 189 8665
9336 188 188 8665
9337 188 188 8668
9338 188 189 8668
9339 188 188 9110
9340 188 189 9110
9341 188 188 8446
9342 188 191 8446
9343 188 188 9112
9344 188 189 9112
9345 188 189 9139
9346 188 190 9139
9347 188 189 9138
9348 188 188 9138
9349 188 188 9132
9350 188 188 9132
9351 188 188 8904
9352 188 188 8904
9353 188 188 8612
9354 188 188 8612
9355 188 189 9142
9356 188 188 9142
9357 188 189 8929
9358 188 189 8929
9359 188 188 9122
9360 188 188 9122
9361 188 188 8930
9362 188 189 8930
9363 188 189 8915
9364 188 188 8915
9365 188 188 9135
9366 188 191 9135
9367 188 188 9155
9368 188 188 9155
9369 188 188 9123
9370 188 188 9123
9371 188 188 8044
9372 188 188 8044
9373 188 188 8917
9374 188 188 8917
9375 188 193 0
9376 188 188 0
9377 188 189 8666
9378 188 188 8666
9379 188 188 8938
9380 188 188 8938
9381 188 192 9158
9382 188 189 9158
9383 188 188 8475
9384 188 188 8475
9385 188 188 0
9386 188 188 0
9387 188 188 0
9388 188 188 0
9389 189 191 0
9390 189 191 8948
9391 189 189 8948
9392 189 189 8965
9393 189 191 8965
9394 189 189 9175
9395 189 189 9175
9396 189 189 9177
9397 189 189 9177
9398 189 189 9167
9399 189 189 9167
9400 189 189 8955
9401 189 190 8955
9402 189 189 8722
9403 189 189 8722
9404 189 190 9171
9405 189 189 9171
9406 189 189 9174
9407 189 190 9174
9408 189 189 9185
9409 189 189 9185
9410 189 189 9187
9411 189 189 9187
9412 189 189 9193
9413 189 189 9193
9414 189 190 8716
9415 189 190 8716
9416 189 191 9199
9417 189 189 9199
9418 189 191 9205
9419 189 190 9205
9420 189 189 9207
9421 189 189 9207
9422 189 191 9209
9423 189 189 9209
9424 189 189 9211
9425 189 189 9211
9426 189 189 9204
9427 189 189 9204
9428 189 191 9188
9429 189 190 9188
9430 189 189 9002
9431 189 189 9002
9432 189 189 9001
9433 189 189 9001
9434 189 189 8768
9435 189 194 8768
9436 189 194 8267
9437 189 189 8267
9438 189 189 8984
9439 189 189 8984
9440 189 189 9027
9441 189 189 9027
9442 189 189 9223
9443 189 189 9223
9444 189 190 8530
9445 189 189 8530
9446 189 191 8775
9447 189 190 8775
9448 189 189 9227
9449 189 189 9227
9450 189 189 9245
9451 189 192 9245
9452 189 190 8767
9453 189 189 8767
9454 189 189 9247
9455 189 189 9247
9456 189 189 9236
9457 189 189 9236
9458 189 190 9060
9459 189 189 9060
9460 189 189 9011
9461 189 189 9011
9462 189 189 9239
9463 189 189 9239
9464 189 189 9242
9465 189 189 9242
9466 189 189 9231
9467 189 189 9231
9468 189 189 9024
9469 189 189 9024
9470 189 189 8369
9471 189 189 8369
9472 189 189 9045
9473 189 189 9045
9474 189 189 9063
9475 189 189 9063
9476 189 189 9021
9477 189 189 9021
9478 189 189 9243
9479 189 192 9243
9480 189 189 9253
9481 189 189 9253
9482 189 189 8574
9483 189 193 8574
9484 189 191 9259
9485 189 189 9259
9486 189 189 9040
9487 189 191 9040
9488 189 189 9267
9489 189 189 9267
9490 189 192 9281
9491 189 189 9281
9492 189 191 9062
9493 189 189 9062
9494 189 189 9273
9495 189 190 9273
9496 189 190 8858
9497 189 192 8858
9498 189 190 9066
9499 189 189 9066
9500 189 189 9260
9501 189 189 9260
9502 189 189 9052
9503 189 189 9052
9504 189 191 9288
9505 189 189 9288
9506 189 189 9291
9507 189 194 9291
9508 189 190 9254
9509 189 189 9254
9510 189 190 9278
9511 189 189 9278
9512 189 190 0
9513 189 190 0
9514 189 193 9057
9515 189 189 9057
9516 189 192 9059
9517 189 190 9059
9518 189 190 9272
9519 189 194 9272
9520 189 189 9279
9521 189 189 9279
9522 189 189 9298
9523 189 192 9298
9524 189 189 9090
9525 189 192 9090
9526 189 189 9294
9527 189 189 9294
9528 189 189 9309
9529 189 189 9309
9530 189 189 9300
9531 189 189 9300
9532 189 189 9326
9533 189 190 9326
9534 189 189 9311
9535 189 189 9311
9536 189 192 9313
9537 189 189 9313
9538 189 190 9303
9539 189 189 9303
9540 189 192 8845
9541 189 189 8845
9542 189 189 9315
9543 189 189 9315
9544 189 189 8870
9545 189 189 8870
9546 189 190 9091
9547 189 189 9091
9548 189 191 9319
9549 189 189 9319
9550 189 189 9097
9551 189 191 9097
9552 189 190 9305
9553 189 190 9305
9554 189 189 9316
9555 189 191 9316
9556 189 191 8833
9557 189 189 8833
9558 189 189 9296
9559 189 189 9296
9560 189 190 9332
9561 189 189 9332
9562 189 192 9327
9563 189 189 9327
9564 189 190 9129
9565 189 189 9129
9566 189 189 9104
9567 189 190 9104
9568 189 189 9341
9569 189 189 9341
9570 189 189 9364
9571 189 189 9364
9572 189 189 9351
9573 189 189 9351
9574 189 189 9354
9575 189 189 9354
9576 189 189 9370
9577 189 189 9370
9578 189 190 9359
9579 189 189 9359
9580 189 190 9361
9581 189 189 9361
9582 189 191 9372
9583 189 189 9372
9584 189 193 9365
9585 189 189 9365
9586 189 189 9141
9587 189 189 9141
9588 189 189 8891
9589 189 189 8891
9590 189 189 9373
9591 189 189 9373
9592 189 190 9383
9593 189 190 9383
9594 189 190 9162
9595 189 189 9162
9596 189 191 8936
9597 189 189 8936
9598 189 192 9379
9599 189 191 9379
9600 189 189 9103
9601 189 191 9103
9602 189 193 8940
9603 189 189 8940
9604 189 189 8036
9605 189 189 8036
9606 189 189 0
9607 189 190 0
9608 189 189 0
9609 189 189 0
9610 189 190 0
9611 190 190 0
9612 190 190 9400
9613 190 191 9400
9614 190 190 9405
9615 190 190 9405
9616 190 190 9397
9617 190 190 9397
9618 190 190 9394
9619 190 190 9394
9620 190 190 9398
9621 190 190 9398
9622 190 193 7862
9623 190 190 7862
9624 190 191 9402
9625 190 191 9402
9626 190 190 9391
9627 190 190 9391
9628 190 190 8726
9629 190 194 8726
9630 190 192 8497
9631 190 190 8497
9632 190 190 9471
9633 190 190 9471
9634 190 193 9392
9635 190 190 9392
9636 190 190 9425
9637 190 190 9425
9638 190 190 9410
9639 190 190 9410
9640 190 191 9191
9641 190 190 9191
9642 190 191 8954
9643 190 190 8954
9644 190 190 9195
9645 190 190 9195
9646 190 193 9408
9647 190 190 9408
9648 190 190 9420
9649 190 191 9420
9650 190 190 9427
9651 190 190 9427
9652 190 192 9413
9653 190 190 9413
9654 190 190 8809
9655 190 193 8809
9656 190 190 9234
9657 190 190 9234
9658 190 191 9201
9659 190 191 9201
9660 190 192 9190
9661 190 190 9190
9662 190 190 9463
9663 190 190 9463
9664 190 190 9430
9665 190 190 9430
9666 190 190 9170
9667 190 190 9170
9668 190 190 9440
9669 190 190 9440
9670 190 191 9434
9671 190 193 9434
9672 190 190 9218
9673 190 190 9218
9674 190 191 9449
9675 190 193 9449
9676 190 190 9438
9677 190 194 9438
9678 190 192 8764
9679 190 190 8764
9680 190 191 9432
9681 190 191 9432
9682 190 191 9208
9683 190 190 9208
9684 190 190 6522
9685 190 193 6522
9686 190 191 8790
9687 190 190 8790
9688 190 191 9229
9689 190 190 9229
9690 190 192 9016
9691 190 190 9016
9692 190 190 9466
9693 190 190 9466
9694 190 191 9454
9695 190 190 9454
9696 190 190 9470
9697 190 194 9470
9698 190 194 8789
9699 190 194 8789
9700 190 190 9459
9701 190 190 9459
9702 190 190 9235
9703 190 192 9235
9704 190 192 9252
9705 190 194 9252
9706 190 191 9460
9707 190 190 9460
9708 190 190 9462
9709 190 193 9462
9710 190 190 9482
9711 190 190 9482
9712 190 190 9468
9713 190 193 9468
9714 190 190 9488
9715 190 190 9488
9716 190 191 9478
9717 190 190 9478
9718 190 191 9480
9719 190 190 9480
9720 190 190 9464
9721 190 190 9464
9722 190 190 9469
9723 190 193 9469
9724 190 190 9443
9725 190 190 9443
9726 190 191 9486
9727 190 190 9486
9728 190 190 9270
9729 190 190 9270
9730 190 190 9494
9731 190 191 9494
9732 190 190 9500
9733 190 192 9500
9734 190 190 9502
9735 190 192 9502
9736 190 192 9225
9737 190 190 9225
9738 190 190 9473
9739 190 190 9473
9740 190 193 9237
9741 190 191 9237
9742 190 190 9506
9743 190 190 9506
9744 190 191 9499
9745 190 190 9499
9746 190 190 9503
9747 190 190 9503
9748 190 191 8179
9749 190 192 8179
9750 190 191 9505
9751 190 190 9505
9752 190 190 9520
9753 190 190 9520
9754 190 190 8849
9755 190 190 8849
9756 190 191 9530
9757 190 193 9530
9758 190 190 9491
9759 190 190 9491
9760 190 190 9038
9761 190 194 9038
9762 190 190 8843
9763 190 193 8843
9764 190 190 9064
9765 190 191 9064
9766 190 190 9526
9767 190 190 9526
9768 190 190 9524
9769 190 190 9524
9770 190 190 9080
9771 190 190 9080
9772 190 191 9542
9773 190 190 9542
9774 190 190 9528
9775 190 190 9528
9776 190 190 9297
9777 190 190 9297
9778 190 190 9550
9779 190 190 9550
9780 190 192 9321
9781 190 191 9321
9782 190 190 9098
9783 190 194 9098
9784 190 190 9261
9785 190 190 9261
9786 190 193 9544
9787 190 192 9544
9788 190 191 9547
9789 190 190 9547
9790 190 191 9565
9791 190 190 9565
9792 190 190 9133
9793 190 190 9133
9794 190 190 9335
9795 190 190 9335
9796 190 190 9338
9797 190 192 9338
9798 190 190 9573
9799 190 190 9573
9800 190 190 9575
9801 190 192 9575
9802 190 190 9568
9803 190 190 9568
9804 190 193 9558
9805 190 190 9558
9806 190 190 9581
9807 190 190 9581
9808 190 190 9347
9809 190 190 9347
9810 190 190 9570
9811 190 190 9570
9812 190 190 9574
9813 190 190 9574
9814 190 191 9323
9815 190 190 9323
9816 190 190 9345
9817 190 190 9345
9818 190 190 9357
9819 190 190 9357
9820 190 190 9363
9821 190 190 9363
9822 190 190 9590
9823 190 191 9590
9824 190 190 9284
9825 190 190 9284
9826 190 190 9595
9827 190 191 9595
9828 190 191 9586
9829 190 190 9586
9830 190 194 9382
9831 190 190 9382
9832 190 191 9333
9833 190 190 9333
9834 190 190 9537
9835 190 190 9537
9836 190 190 9563
9837 190 193 9563
9838 190 190 8657
9839 190 190 8657
9840 190 190 0
9841 190 190 0
9842 190 190 0
9843 190 190 0
9844 191 192 9627
9845 191 191 9627
9846 191 194 9635
9847 191 191 9635
9848 191 191 9618
9849 191 191 9618
9850 191 191 9643
9851 191 191 9643
9852 191 191 9414
9853 191 191 9414
9854 191 191 9620
9855 191 191 9620
9856 191 192 9621
9857 191 192 9621
9858 191 191 9180
9859 191 192 9180
9860 191 191 9404
9861 191 191 9404
9862 191 191 9632
9863 191 191 9632
9864 191 191 9407
9865 191 194 9407
9866 191 191 9672
9867 191 191 9672
9868 191 191 9636
9869 191 191 9636
9870 191 191 9661
9871 191 191 9661
9872 191 191 9653
9873 191 191 9653
9874 191 194 9197
9875 191 192 9197
9876 191 191 9840
9877 191 192 9840
9878 191 191 9644
9879 191 194 9644
9880 191 191 9651
9881 191 191 9651
9882 191 191 9401
9883 191 191 9401
9884 191 191 9656
9885 191 191 9656
9886 191 191 9639
9887 191 191 9639
9888 191 191 9214
9889 191 194 9214
9890 191 191 9662
9891 191 191 9662
9892 191 193 9664
9893 191 191 9664
9894 191 191 9666
9895 191 191 9666
9896 191 192 9668
9897 191 191 9668
9898 191 191 9444
9899 191 192 9444
9900 191 191 8541
9901 191 191 8541
9902 191 191 8762
9903 191 194 8762
9904 191 192 9692
9905 191 194 9692
9906 191 191 9725
9907 191 191 9725
9908 191 192 9607
9909 191 193 9607
9910 191 191 9419
9911 191 191 9419
9912 191 191 9221
9913 191 191 9221
9914 191 191 9700
9915 191 191 9700
9916 191 191 9708
9917 191 193 9708
9918 191 193 9676
9919 191 192 9676
9920 191 192 9711
9921 191 192 9711
9922 191 192 9712
9923 191 191 9712
9924 191 192 9720
9925 191 191 9720
9926 191 191 9722
9927 191 191 9722
9928 191 191 9669
9929 191 193 9669
9930 191 193 8704
9931 191 191 8704
9932 191 191 9695
9933 191 191 9695
9934 191 192 9687
9935 191 193 9687
9936 191 193 9517
9937 191 191 9517
9938 191 192 9552
9939 191 191 9552
9940 191 191 9785
9941 191 191 9785
9942 191 191 9730
9943 191 191 9730
9944 191 191 9276
9945 191 194 9276
9946 191 191 9732
9947 191 191 9732
9948 191 193 9513
9949 191 192 9513
9950 191 191 9734
9951 191 192 9734
9952 191 192 9265
9953 191 191 9265
9954 191 191 9742
9955 191 191 9742
9956 191 191 9753
9957 191 191 9753
9958 191 191 9776
9959 191 192 9776
9960 191 194 9510
9961 191 191 9510
9962 191 191 9285
9963 191 191 9285
9964 191 191 9762
9965 191 192 9762
9966 191 194 9754
9967 191 192 9754
9968 191 191 8601
9969 191 191 8601
9970 191 191 9546
9971 191 191 9546
9972 191 192 9842
9973 191 191 9842
9974 191 191 9283
9975 191 191 9283
9976 191 191 9044
9977 191 191 9044
9978 191 191 9728
9979 191 191 9728
9980 191 191 9774
9981 191 192 9774
9982 191 192 9533
9983 191 192 9533
9984 191 191 9760
9985 191 191 9760
9986 191 191 9764
9987 191 191 9764
9988 191 194 8889
9989 191 194 8889
9990 191 194 9759
9991 191 191 9759
9992 191 191 9496
9993 191 191 9496
9994 191 191 9770
9995 191 194 9770
9996 191 194 9791
9997 191 192 9791
9998 191 191 9792
9999 191 191 9792
10000 191 191 9782
10001 191 192 9782
10002 191 191 9784
10003 191 191 9784
10004 191 191 9805
10005 191 191 9805
10006 191 191 9778
10007 191 191 9778
10008 191 191 9567
10009 191 191 9567
10010 191 191 9817
10011 191 191 9817
10012 191 191 9803
10013 191 191 9803
10014 191 191 9156
10015 191 191 9156
10016 191 191 9789
10017 191 191 9789
10018 191 191 9834
10019 191 191 9834
10020 191 191 9794
10021 191 193 9794
10022 191 192 9810
10023 191 191 9810
10024 191 191 9799
10025 191 191 9799
10026 191 192 9800
10027 191 193 9800
10028 191 191 9808
10029 191 191 9808
10030 191 191 9578
10031 191 191 9578
10032 191 192 9807
10033 191 191 9807
10034 191 191 9580
10035 191 191 9580
10036 191 192 9820
10037 191 191 9820
10038 191 191 9824
10039 191 191 9824
10040 191 194 9594
10041 191 192 9594
10042 191 191 9610
10043 191 194 9610
10044 191 191 0
10045 191 191 0
10046 191 191 9838
10047 191 191 9838
10048 191 191 9839
10049 191 191 9839
10050 191 194 9795
10051 191 191 9795
10052 191 192 8019
10053 191 191 8019
10054 191 192 0
10055 191 192 0
10056 191 191 0
10057 191 193 0
10058 191 194 0
10059 191 191 0
10060 191 191 0
10061 191 191 0
10062 191 191 0
10063 191 191 0
10064 191 191 0
10065 191 191 0
10066 191 192 0
10067 192 192 0
10068 192 192 9854
10069 192 193 9854
10070 192 192 9393
10071 192 193 9393
10072 192 192 9868
10073 192 192 9868
10074 192 192 9848
10075 192 192 9848
10076 192 192 9851
10077 192 192 9851
10078 192 193 9872
10079 192 193 9872
10080 192 192 9852
10081 192 192 9852
10082 192 193 9642
10083 192 192 9642
10084 192 193 9624
10085 192 193 9624
10086 192 192 9860
10087 192 192 9860
10088 192 193 9871
10089 192 192 9871
10090 192 193 9886
10091 192 192 9886
10092 192 192 9640
10093 192 192 9640
10094 192 194 9416
10095 192 192 9416
10096 192 192 9649
10097 192 193 9649
10098 192 192 9881
10099 192 192 9881
10100 192 192 9418
10101 192 194 9418
10102 192 192 9913
10103 192 192 9913
10104 192 194 9888
10105 192 192 9888
10106 192 192 9422
10107 192 192 9422
10108 192 192 9670
10109 192 193 9670
10110 192 192 9895
10111 192 192 9895
10112 192 192 9884
10113 192 193 9884
10114 192 192 9898
10115 192 192 9898
10116 192 194 9686
10117 192 192 9686
10118 192 192 9867
10119 192 193 9867
10120 192 192 9428
10121 192 192 9428
10122 192 192 9674
10123 192 192 9674
10124 192 192 9890
10125 192 192 9890
10126 192 192 9900
10127 192 192 9900
10128 192 192 9246
10129 192 194 9246
10130 192 192 9680
10131 192 192 9680
10132 192 192 9906
10133 192 194 9906
10134 192 192 10056
10135 192 192 10056
10136 192 192 9910
10137 192 192 9910
10138 192 194 9915
10139 192 192 9915
10140 192 192 9446
10141 192 192 9446
10142 192 192 9659
10143 192 193 9659
10144 192 192 9681
10145 192 192 9681
10146 192 192 9726
10147 192 194 9726
10148 192 192 9706
10149 192 192 9706
10150 192 192 9925
10151 192 192 9925
10152 192 192 9716
10153 192 193 9716
10154 192 192 9694
10155 192 193 9694
10156 192 192 9484
10157 192 194 9484
10158 192 192 0
10159 192 192 0
10160 192 192 9978
10161 192 192 9978
10162 192 192 9504
10163 192 192 9504
10164 192 194 9741
10165 192 193 9741
10166 192 193 9942
10167 192 192 9942
10168 192 193 9944
10169 192 192 9944
10170 192 194 9947
10171 192 192 9947
10172 192 193 9492
10173 192 192 9492
10174 192 192 9911
10175 192 192 9911
10176 192 192 9744
10177 192 194 9744
10178 192 192 9974
10179 192 192 9974
10180 192 193 9286
10181 192 194 9286
10182 192 194 9964
10183 192 194 9964
10184 192 193 9939
10185 192 193 9939
10186 192 192 9954
10187 192 193 9954
10188 192 192 8619
10189 192 192 8619
10190 192 192 9765
10191 192 192 9765
10192 192 192 9991
10193 192 192 9991
10194 192 192 9968
10195 192 193 9968
10196 192 192 9970
10197 192 192 9970
10198 192 192 9301
10199 192 192 9301
10200 192 192 9977
10201 192 192 9977
10202 192 193 9986
10203 192 192 9986
10204 192 194 9748
10205 192 192 9748
10206 192 193 9984
10207 192 192 9984
10208 192 192 8622
10209 192 192 8622
10210 192 193 9992
10211 192 192 9992
10212 192 193 9994
10213 192 192 9994
10214 192 193 9548
10215 192 192 9548
10216 192 193 9998
10217 192 192 9998
10218 192 192 10000
10219 192 193 10000
10220 192 194 9262
10221 192 192 9262
10222 192 192 10004
10223 192 194 10004
10224 192 192 10005
10225 192 192 10005
10226 192 193 9788
10227 192 192 9788
10228 192 192 10006
10229 192 192 10006
10230 192 194 9790
10231 192 192 9790
10232 192 193 10009
10233 192 192 10009
10234 192 192 9555
10235 192 192 9555
10236 192 192 9772
10237 192 192 9772
10238 192 192 9814
10239 192 193 9814
10240 192 193 10012
10241 192 192 10012
10242 192 192 9781
10243 192 192 9781
10244 192 192 10063
10245 192 192 10063
10246 192 192 9342
10247 192 192 9342
10248 192 192 10029
10249 192 192 10029
10250 192 192 10030
10251 192 192 10030
10252 192 192 10034
10253 192 192 10034
10254 192 192 10018
10255 192 192 10018
10256 192 194 9366
10257 192 192 9366
10258 192 192 10025
10259 192 192 10025
10260 192 194 10042
10261 192 192 10042
10262 192 192 10028
10263 192 192 10028
10264 192 193 10044
10265 192 192 10044
10266 192 192 9823
10267 192 192 9823
10268 192 192 9160
10269 192 192 9160
10270 192 192 10051
10271 192 192 10051
10272 192 194 9596
10273 192 192 9596
10274 192 192 10014
10275 192 192 10014
10276 192 194 9973
10277 192 194 9973
10278 192 193 10049
10279 192 192 10049
10280 192 193 0
10281 192 192 0
10282 192 192 0
10283 192 192 0
10284 192 194 0
10285 192 193 0
10286 193 193 10068
10287 193 193 10068
10288 193 193 9859
10289 193 194 9859
10290 193 193 9857
10291 193 193 9857
10292 193 194 10076
10293 193 193 10076
10294 193 194 10074
10295 193 193 10074
10296 193 193 10081
10297 193 193 10081
10298 193 193 10086
10299 193 193 10086
10300 193 193 9844
10301 193 193 9844
10302 193 194 9630
10303 193 193 9630
10304 193 193 10070
10305 193 194 10070
10306 193 193 10072
10307 193 193 10072
10308 193 194 10092
10309 193 194 10092
10310 193 193 10098
10311 193 193 10098
10312 193 193 9660
10313 193 193 9660
10314 193 194 10122
10315 193 194 10122
10316 193 194 10106
10317 193 193 10106
10318 193 193 9904
10319 193 193 9904
10320 193 193 10111
10321 193 193 10111
10322 193 193 10108
10323 193 193 10108
10324 193 194 10124
10325 193 193 10124
10326 193 193 10127
10327 193 193 10127
10328 193 193 9920
10329 193 193 9920
10330 193 194 10128
10331 193 194 10128
10332 193 193 10130
10333 193 194 10130
10334 193 193 9896
10335 193 194 9896
10336 193 194 9899
10337 193 194 9899
10338 193 194 10134
10339 193 193 10134
10340 193 194 10136
10341 193 193 10136
10342 193 193 9690
10343 193 193 9690
10344 193 193 9678
10345 193 193 9678
10346 193 194 9922
10347 193 193 9922
10348 193 193 10103
10349 193 193 10103
10350 193 194 10141
10351 193 193 10141
10352 193 194 9704
10353 193 193 9704
10354 193 194 9451
10355 193 193 9451
10356 193 194 9934
10357 193 194 9934
10358 193 193 10146
10359 193 193 10146
10360 193 193 10149
10361 193 193 10149
10362 193 193 9479
10363 193 193 9479
10364 193 194 9924
10365 193 194 9924
10366 193 193 10158
10367 193 193 10158
10368 193 194 10140
10369 193 193 10140
10370 193 193 9921
10371 193 193 9921
10372 193 194 9490
10373 193 193 9490
10374 193 193 10173
10375 193 194 10173
10376 193 193 10193
10377 193 193 10193
10378 193 194 9951
10379 193 193 9951
10380 193 193 9736
10381 193 194 9736
10382 193 194 10161
10383 193 193 10161
10384 193 193 10186
10385 193 194 10186
10386 193 194 10191
10387 193 193 10191
10388 193 193 10197
10389 193 193 10197
10390 193 194 10169
10391 193 193 10169
10392 193 194 10176
10393 193 193 10176
10394 193 194 10179
10395 193 194 10179
10396 193 193 9938
10397 193 193 9938
10398 193 193 10209
10399 193 193 10209
10400 193 193 9959
10401 193 193 9959
10402 193 193 10196
10403 193 194 10196
10404 193 193 10198
10405 193 193 10198
10406 193 194 9536
10407 193 193 9536
10408 193 194 10200
10409 193 193 10200
10410 193 194 9952
10411 193 193 9952
10412 193 193 9981
10413 193 194 9981
10414 193 193 9733
10415 193 193 9733
10416 193 194 0
10417 193 193 0
10418 193 194 10208
10419 193 194 10208
10420 193 193 9562
10421 193 193 9562
10422 193 193 9983
10423 193 193 9983
10424 193 193 10228
10425 193 193 10228
10426 193 193 9780
10427 193 193 9780
10428 193 193 10231
10429 193 193 10231
10430 193 193 9949
10431 193 193 9949
10432 193 193 9735
10433 193 193 9735
10434 193 193 10217
10435 193 193 10217
10436 193 193 10218
10437 193 193 10218
10438 193 194 10234
10439 193 193 10234
10440 193 194 9797
10441 193 193 9797
10442 193 194 9787
10443 193 193 9787
10444 193 193 10221
10445 193 194 10221
10446 193 193 9497
10447 193 193 9497
10448 193 193 10252
10449 193 193 10252
10450 193 193 9997
10451 193 194 9997
10452 193 193 9598
10453 193 193 9598
10454 193 194 10268
10455 193 193 10268
10456 193 193 10222
10457 193 193 10222
10458 193 193 10225
10459 193 193 10225
10460 193 193 10236
10461 193 193 10236
10462 193 194 10244
10463 193 193 10244
10464 193 193 10246
10465 193 193 10246
10466 193 193 9523
10467 193 194 9523
10468 193 193 10274
10469 193 193 10274
10470 193 194 9525
10471 193 194 9525
10472 193 194 10275
10473 193 193 10275
10474 193 194 10265
10475 193 193 10265
10476 193 194 10254
10477 193 193 10254
10478 193 194 10036
10479 193 193 10036
10480 193 194 10235
10481 193 193 10235
10482 193 194 10259
10483 193 193 10259
10484 193 193 10026
10485 193 193 10026
10486 193 193 10262
10487 193 193 10262
10488 193 193 10250
10489 193 193 10250
10490 193 193 9381
10491 193 193 9381
10492 193 194 0
10493 193 193 0
10494 193 193 10066
10495 193 193 10066
10496 193 193 10052
10497 193 193 10052
10498 193 194 10270
10499 193 193 10270
10500 193 193 0
10501 193 193 0
10502 193 194 0
10503 193 193 0
10504 194 194 0
10505 194 194 10084
10506 194 194 10084
10507 194 194 10298
10508 194 194 10298
10509 194 194 10291
10510 194 194 10291
10511 194 194 10300
10512 194 194 10300
10513 194 194 9181
10514 194 194 9181
10515 194 194 10293
10516 194 194 10293
10517 194 194 10296
10518 194 194 10296
10519 194 194 10286
10520 194 194 10286
10521 194 194 10069
10522 194 194 10069
10523 194 194 9634
10524 194 194 9634
10525 194 194 10303
10526 194 194 10303
10527 194 194 9646
10528 194 194 9646
10529 194 194 10078
10530 194 194 10078
10531 194 194 10071
10532 194 194 10071
10533 194 194 10090
10534 194 194 10090
10535 194 194 10312
10536 194 194 10312
10537 194 194 9713
10538 194 194 9713
10539 194 194 10280
10540 194 194 10280
10541 194 194 10321
10542 194 194 10321
10543 194 194 10307
10544 194 194 10307
10545 194 194 10326
10546 194 194 10326
10547 194 194 10079
10548 194 194 10079
10549 194 194 10328
10550 194 194 10328
10551 194 194 10332
10552 194 194 10332
10553 194 194 10349
10554 194 194 10349
10555 194 194 9892
10556 194 194 9892
10557 194 194 9671
10558 194 194 9671
10559 194 194 9685
10560 194 194 9685
10561 194 194 10119
10562 194 194 10119
10563 194 194 10500
10564 194 194 10500
10565 194 194 10339
10566 194 194 10339
10567 194 194 10342
10568 194 194 10342
10569 194 194 10344
10570 194 194 10344
10571 194 194 10113
10572 194 194 10113
10573 194 194 10369
10574 194 194 10369
10575 194 194 10351
10576 194 194 10351
10577 194 194 9740
10578 194 194 9740
10579 194 194 10358
10580 194 194 10358
10581 194 194 10353
10582 194 194 10353
10583 194 194 9917
10584 194 194 9917
10585 194 194 10165
10586 194 194 10165
10587 194 194 10360
10588 194 194 10360
10589 194 194 10343
10590 194 194 10343
10591 194 194 10393
10592 194 194 10393
10593 194 194 9929
10594 194 194 9929
10595 194 194 10057
10596 194 194 10057
10597 194 194 10185
10598 194 194 10185
10599 194 194 10187
10600 194 194 10187
10601 194 194 10363
10602 194 194 10363
10603 194 194 9936
10604 194 194 9936
10605 194 194 10172
10606 194 194 10172
10607 194 194 10168
10608 194 194 10168
10609 194 194 9948
10610 194 194 9948
10611 194 194 10376
10612 194 194 10376
10613 194 194 10412
10614 194 194 10412
10615 194 194 9483
10616 194 194 9483
10617 194 194 10367
10618 194 194 10367
10619 194 194 10398
10620 194 194 10398
10621 194 194 10400
10622 194 194 10400
10623 194 194 10402
10624 194 194 10402
10625 194 194 9804
10626 194 194 9804
10627 194 194 10423
10628 194 194 10423
10629 194 194 10414
10630 194 194 10414
10631 194 194 9930
10632 194 194 9930
10633 194 194 10426
10634 194 194 10426
10635 194 194 10434
10636 194 194 10434
10637 194 194 10180
10638 194 194 10180
10639 194 194 9514
10640 194 194 9514
10641 194 194 9786
10642 194 194 9786
10643 194 194 10202
10644 194 194 10202
10645 194 194 10214
10646 194 194 10214
10647 194 194 10432
10648 194 194 10432
10649 194 194 10232
10650 194 194 10232
10651 194 194 10206
10652 194 194 10206
10653 194 194 10450
10654 194 194 10450
10655 194 194 10421
10656 194 194 10421
10657 194 194 10452
10658 194 194 10452
10659 194 194 10491
10660 194 194 10491
10661 194 194 10424
10662 194 194 10424
10663 194 194 10430
10664 194 194 10430
10665 194 194 10021
10666 194 194 10021
10667 194 194 10437
10668 194 194 10437
10669 194 194 10456
10670 194 194 10456
10671 194 194 10468
10672 194 194 10468
10673 194 194 10448
10674 194 194 10448
10675 194 194 10481
10676 194 194 10481
10677 194 194 10484
10678 194 194 10484
10679 194 194 10465
10680 194 194 10465
10681 194 194 10240
10682 194 194 10240
10683 194 194 10458
10684 194 194 10458
10685 194 194 10488
10686 194 194 10488
10687 194 194 10461
10688 194 194 10461
10689 194 194 10486
10690 194 194 10486
10691 194 194 10459
10692 194 194 10459
10693 194 194 10226
10694 194 194 10226
10695 194 194 9375
10696 194 194 9375
10697 194 194 10460
10698 194 194 10460
10699 194 194 10449
10700 194 194 10449
10701 194 194 10496
10702 194 194 10496
10703 194 194 10485
10704 194 194 10485
10705 194 194 0
10706 194 194 0
10707 194 194 0
10708 194 194 0
10709 194 194 0
10710 194 194 0
10711 194 194 0
10712 194 194 0
10713 194 194 0
10714 194 194 0
10715 194 194 0
