1 0 0 0
2 0 1 0
3 1 1 0
4 2 2 0
5 2 2 0
6 2 2 0
7 3 3 0
8 3 3 0
9 3 3 0
10 3 3 0
11 3 3 0
12 3 3 0
13 3 3 0
14 3 3 0
15 3 3 0
16 3 3 0
17 3 3 0
18 3 3 0
19 3 3 0
20 3 3 0
21 3 3 0
22 3 3 0
23 3 3 0
24 3 3 0
25 3 3 0
26 3 3 0
27 3 3 0
28 3 3 0
29 3 3 0
30 3 3 0
31 3 3 0
32 3 3 0
33 3 3 0
34 3 3 0
35 3 3 0
36 3 3 0
37 3 3 0
38 3 3 0
39 3 3 0
40 3 3 0
41 3 3 0
42 3 3 0
43 3 3 0
44 3 3 0
45 3 3 0
46 3 3 0
47 3 3 0
48 3 3 0
49 3 3 0
50 3 3 0
51 3 3 0
52 3 3 0
53 3 3 0
54 3 3 0
55 3 3 0
56 3 3 0
57 3 3 0
58 3 3 0
59 3 3 0
60 3 3 0
61 3 3 0
62 3 3 0
63 3 3 0
64 3 3 0
65 3 3 0
66 3 3 0
67 3 3 0
68 3 3 0
69 3 3 0
70 3 3 0
71 3 3 0
72 3 3 0
73 3 3 0
74 3 3 0
75 3 3 0
76 3 3 0
77 3 3 0
78 3 3 0
79 3 3 0
80 3 3 0
81 3 3 0
82 3 3 0
83 3 3 0
84 3 3 0
85 3 3 0
86 3 3 0
87 3 3 0
88 3 3 0
89 3 3 0
90 3 3 0
91 3 3 0
92 3 3 0
93 3 3 0
94 3 3 0
95 3 3 0
96 3 3 0
97 3 3 0
98 3 3 0
99 3 3 0
100 3 3 0
101 3 3 0
102 3 3 0
103 3 3 0
104 3 3 0
105 3 3 0
106 3 3 0
107 3 3 0
108 3 3 0
109 3 3 0
110 3 3 0
111 3 3 0
112 3 3 0
113 3 3 0
114 3 3 0
115 3 3 0
116 3 3 0
117 3 3 0
118 3 3 0
119 3 3 0
120 3 3 0
121 4 4 0
122 4 4 0
123 4 4 0
124 4 4 0
125 4 4 0
126 4 8 0
127 4 4 0
128 5 7 0
129 5 5 0
130 5 5 0
131 6 7 0
132 6 6 0
133 7 7 0
134 7 11 0
135 8 15 0
136 8 12 0
137 9 9 0
138 10 11 0
139 12 18 0
140 12 12 0
141 12 14 0
142 13 16 0
143 13 13 0
144 13 16 0
145 14 18 0
146 15 15 0
147 15 15 0
148 15 15 0
149 15 15 0
150 15 15 0
151 16 23 0
152 16 16 0
153 16 16 0
154 16 16 0
155 16 16 0
156 16 16 0
157 17 17 0
158 17 17 0
159 17 17 0
160 17 17 0
161 17 17 0
162 17 17 0
163 17 17 0
164 18 18 0
165 18 18 0
166 18 18 0
167 18 21 0
168 18 18 0
169 18 21 0
170 19 23 0
171 19 23 0
172 19 21 0
173 19 19 0
174 19 19 0
175 19 19 0
176 19 19 0
177 19 19 0
178 19 19 0
179 19 19 0
180 19 19 0
181 20 20 0
182 20 20 0
183 20 20 0
184 20 21 0
185 21 21 0
186 21 21 0
187 21 21 0
188 22 26 0
189 22 29 0
190 22 26 0
191 22 26 0
192 22 26 0
193 24 29 0
194 24 28 0
195 24 26 0
196 27 27 0
197 27 27 0
198 27 27 0
199 27 27 0
200 27 28 0
201 27 27 0
202 27 27 0
203 27 27 0
204 27 27 0
205 27 27 0
206 27 27 0
207 28 28 0
208 28 32 0
209 28 28 0
210 28 33 0
211 28 28 0
212 28 28 0
213 28 28 0
214 28 34 0
215 28 28 0
216 28 28 0
217 29 29 0
218 29 29 0
219 29 32 0
220 29 29 0
221 29 29 0
222 29 29 0
223 29 29 0
224 29 29 0
225 29 32 0
226 29 29 0
227 30 30 0
228 30 30 0
229 30 30 0
230 30 30 0
231 30 32 0
232 30 30 0
233 30 31 0
234 30 30 0
235 30 30 0
236 30 30 0
237 31 31 0
238 31 31 0
239 31 31 0
240 31 38 0
241 31 35 0
242 31 32 0
243 31 31 0
244 31 32 0
245 31 31 0
246 31 36 0
247 31 31 0
248 31 34 0
249 32 39 0
250 32 34 0
251 32 32 0
252 32 32 0
253 32 38 0
254 33 35 0
255 33 33 0
256 33 33 0
257 33 34 0
258 33 33 0
259 33 35 0
260 33 34 0
261 33 33 0
262 33 33 0
263 33 38 0
264 34 42 0
265 34 38 0
266 34 38 0
267 34 34 0
268 34 39 0
269 34 37 0
270 34 34 0
271 34 38 0
272 35 40 0
273 35 35 0
274 35 42 0
275 35 36 0
276 35 38 0
277 35 42 0
278 35 42 0
279 36 36 0
280 36 36 0
281 36 40 0
282 36 36 0
283 36 36 0
284 36 38 0
285 37 43 0
286 37 37 0
287 37 37 0
288 37 37 0
289 37 40 0
290 38 38 0
291 38 43 0
292 38 38 0
293 38 44 0
294 38 43 0
295 38 38 0
296 39 40 0
297 39 39 0
298 39 43 0
299 39 40 0
300 40 42 0
301 40 40 0
302 40 42 0
303 40 40 0
304 40 42 0
305 40 40 0
306 41 43 0
307 41 41 0
308 41 47 0
309 41 47 0
310 41 41 0
311 41 42 0
312 41 42 0
313 41 42 0
314 41 41 0
315 41 41 0
316 41 46 0
317 41 41 0
318 41 41 0
319 41 41 0
320 41 41 0
321 41 41 0
322 41 41 0
323 41 41 0
324 41 41 0
325 41 41 0
326 42 48 0
327 42 42 0
328 42 43 0
329 42 42 0
330 42 42 0
331 42 47 0
332 42 47 0
333 42 44 0
334 42 44 0
335 42 42 0
336 42 42 0
337 42 42 0
338 43 45 0
339 43 43 0
340 43 43 0
341 43 44 0
342 43 44 0
343 43 50 0
344 43 43 0
345 43 43 0
346 43 43 0
347 43 44 0
348 43 43 0
349 43 43 0
350 43 43 0
351 43 43 0
352 43 43 0
353 43 45 0
354 43 47 0
355 43 43 0
356 43 43 0
357 43 43 0
358 44 48 0
359 44 45 0
360 44 44 0
361 44 44 0
362 44 48 0
363 44 49 0
364 44 44 0
365 44 48 0
366 44 47 0
367 44 44 0
368 44 45 0
369 44 53 0
370 44 44 0
371 45 45 0
372 45 45 0
373 45 49 0
374 45 46 0
375 45 47 0
376 45 46 0
377 45 45 0
378 45 46 0
379 45 45 0
380 45 45 0
381 45 45 0
382 46 46 0
383 46 51 0
384 46 50 0
385 46 50 0
386 46 46 0
387 46 51 0
388 46 47 0
389 46 46 0
390 46 48 0
391 46 50 0
392 47 51 0
393 47 50 0
394 47 47 0
395 47 47 0
396 47 51 0
397 47 50 0
398 47 47 0
399 47 49 0
400 47 48 0
401 47 52 0
402 48 53 0
403 48 57 0
404 48 53 0
405 48 52 0
406 48 48 0
407 48 52 0
408 48 48 0
409 48 48 0
410 49 53 0
411 49 54 0
412 49 54 0
413 49 53 0
414 49 56 0
415 49 53 0
416 49 49 0
417 49 53 0
418 50 52 0
419 50 50 0
420 50 50 0
421 50 54 0
422 50 50 0
423 50 50 0
424 50 55 0
425 50 50 0
426 51 54 0
427 51 54 0
428 51 51 0
429 51 55 0
430 51 52 0
431 51 55 0
432 51 51 0
433 51 51 0
434 51 57 0
435 51 53 0
436 51 54 0
437 52 57 0
438 52 52 0
439 52 56 0
440 52 52 0
441 52 52 0
442 52 56 0
443 53 60 0
444 53 59 0
445 53 57 0
446 53 54 0
447 53 56 0
448 53 53 0
449 53 62 0
450 53 53 0
451 54 54 0
452 54 58 0
453 54 61 0
454 54 54 0
455 54 54 0
456 54 54 0
457 54 54 0
458 54 54 0
459 54 54 0
460 54 54 0
461 54 54 0
462 54 63 0
463 54 58 0
464 55 59 0
465 55 62 0
466 55 59 0
467 55 59 0
468 55 60 0
469 55 67 0
470 55 55 0
471 55 59 0
472 55 56 0
473 55 65 0
474 55 59 0
475 55 61 0
476 56 60 0
477 56 65 0
478 56 63 0
479 56 56 0
480 57 61 0
481 57 61 0
482 57 62 0
483 57 61 0
484 58 62 0
485 58 62 0
486 58 61 0
487 58 59 0
488 58 58 0
489 59 59 0
490 59 62 0
491 59 59 0
492 60 64 0
493 60 64 0
494 60 63 0
495 60 65 0
496 60 65 0
497 60 60 0
498 60 60 0
499 60 60 0
500 60 63 0
501 60 60 0
502 60 62 0
503 61 65 0
504 61 61 0
505 61 61 0
506 61 61 0
507 61 66 0
508 61 61 0
509 61 61 0
510 62 67 0
511 62 62 0
512 62 62 0
513 62 66 0
514 62 62 0
515 62 62 0
516 62 62 0
517 62 62 0
518 62 66 0
519 62 62 0
520 62 66 0
521 62 66 0
522 62 62 0
523 62 62 0
524 62 66 0
525 62 67 0
526 62 63 0
527 62 66 0
528 63 67 0
529 63 64 0
530 63 67 0
531 63 63 0
532 63 65 0
533 63 68 0
534 63 63 0
535 63 69 0
536 63 68 0
537 63 67 0
538 63 63 0
539 63 72 0
540 63 82 0
541 63 67 0
542 63 67 0
543 63 67 0
544 64 65 0
545 64 64 0
546 64 64 0
547 64 65 0
548 64 65 0
549 64 64 0
550 64 68 0
551 64 67 0
552 64 65 0
553 64 65 0
554 64 65 0
555 64 67 0
556 64 66 0
557 65 65 0
558 65 68 0
559 65 65 0
560 65 65 0
561 65 65 0
562 65 65 0
563 65 65 0
564 65 65 0
565 65 65 0
566 65 66 0
567 65 65 0
568 65 65 0
569 65 65 0
570 65 69 0
571 66 67 0
572 66 67 0
573 66 70 0
574 66 67 0
575 66 67 0
576 66 70 0
577 66 67 0
578 66 67 0
579 66 66 0
580 66 68 0
581 66 66 0
582 66 70 0
583 66 66 0
584 66 70 0
585 66 66 0
586 66 66 0
587 66 66 0
588 66 66 0
589 66 66 0
590 66 66 0
591 66 69 0
592 66 66 0
593 66 66 0
594 67 67 0
595 67 71 0
596 67 76 0
597 67 75 0
598 67 76 0
599 67 67 0
600 67 67 0
601 67 67 0
602 67 71 0
603 67 67 0
604 67 72 0
605 67 71 0
606 67 71 0
607 67 70 0
608 67 67 0
609 67 67 0
610 67 71 0
611 67 67 0
612 67 71 0
613 67 67 0
614 67 67 0
615 67 67 0
616 67 71 0
617 67 67 0
618 67 67 0
619 68 68 0
620 68 68 0
621 68 73 0
622 68 72 0
623 68 72 0
624 68 68 0
625 68 72 0
626 68 72 0
627 68 68 0
628 68 68 0
629 68 68 0
630 68 68 0
631 68 72 0
632 68 72 0
633 68 72 0
634 68 68 0
635 68 68 0
636 68 68 0
637 68 72 0
638 68 68 0
639 68 77 0
640 68 72 0
641 68 68 0
642 68 68 0
643 68 72 0
644 68 78 0
645 68 73 0
646 68 69 0
647 68 82 0
648 69 70 0
649 69 78 0
650 69 69 0
651 69 69 0
652 69 71 0
653 69 73 0
654 69 69 0
655 69 69 0
656 69 73 0
657 69 70 0
658 69 69 0
659 69 73 0
660 69 76 0
661 69 69 0
662 69 69 0
663 69 73 0
664 70 74 0
665 70 74 0
666 70 75 0
667 70 70 0
668 70 70 0
669 70 70 0
670 70 70 0
671 70 71 0
672 70 75 0
673 70 71 0
674 70 90 0
675 70 70 0
676 70 70 0
677 70 74 0
678 70 70 0
679 70 70 0
680 71 82 0
681 71 90 0
682 71 75 0
683 71 82 0
684 71 72 0
685 71 71 0
686 71 71 0
687 71 71 0
688 71 71 0
689 71 71 0
690 71 75 0
691 71 74 0
692 71 75 0
693 71 71 0
694 71 71 0
695 71 75 0
696 72 75 0
697 72 77 0
698 72 76 0
699 72 76 0
700 72 78 0
701 72 81 0
702 72 76 0
703 72 86 0
704 72 72 0
705 72 76 0
706 72 76 0
707 72 72 0
708 72 72 0
709 72 76 0
710 72 72 0
711 72 72 0
712 72 72 0
713 73 77 0
714 73 87 0
715 73 77 0
716 73 73 0
717 73 77 0
718 73 80 0
719 73 74 0
720 73 77 0
721 73 77 0
722 73 82 0
723 73 77 0
724 73 73 0
725 73 73 0
726 73 73 0
727 73 74 0
728 73 73 0
729 73 73 0
730 73 73 0
731 74 75 0
732 74 78 0
733 74 78 0
734 74 78 0
735 74 74 0
736 74 74 0
737 74 74 0
738 74 74 0
739 74 91 0
740 74 78 0
741 74 79 0
742 75 79 0
743 75 79 0
744 75 79 0
745 75 75 0
746 75 79 0
747 75 75 0
748 75 75 0
749 75 75 0
750 75 81 0
751 75 75 0
752 75 75 0
753 75 75 0
754 76 80 0
755 76 90 0
756 76 76 0
757 76 77 0
758 76 76 0
759 76 79 0
760 76 78 0
761 76 76 0
762 76 78 0
763 76 76 0
764 76 76 0
765 76 80 0
766 76 76 0
767 76 76 0
768 76 76 0
769 76 76 0
770 76 80 0
771 77 81 0
772 77 80 0
773 77 82 0
774 77 84 0
775 77 81 0
776 77 81 0
777 77 81 0
778 77 86 0
779 77 77 0
780 77 78 0
781 77 77 0
782 77 77 0
783 77 81 0
784 77 81 0
785 77 79 0
786 77 77 0
787 77 77 0
788 77 80 0
789 77 77 0
790 77 77 0
791 77 77 0
792 77 77 0
793 78 87 0
794 78 82 0
795 78 78 0
796 78 82 0
797 78 80 0
798 78 78 0
799 78 82 0
800 78 78 0
801 78 78 0
802 78 82 0
803 78 82 0
804 78 78 0
805 78 78 0
806 78 78 0
807 78 78 0
808 78 78 0
809 78 87 0
810 78 78 0
811 78 82 0
812 78 78 0
813 78 92 0
814 79 83 0
815 79 83 0
816 79 88 0
817 79 80 0
818 79 83 0
819 79 83 0
820 79 79 0
821 79 79 0
822 79 83 0
823 79 79 0
824 79 79 0
825 79 79 0
826 79 79 0
827 79 79 0
828 79 82 0
829 79 79 0
830 79 79 0
831 80 84 0
832 80 89 0
833 80 84 0
834 80 84 0
835 80 80 0
836 80 84 0
837 80 89 0
838 80 80 0
839 80 83 0
840 80 84 0
841 80 84 0
842 80 80 0
843 80 80 0
844 80 80 0
845 81 81 0
846 81 85 0
847 81 82 0
848 81 81 0
849 81 81 0
850 81 81 0
851 81 81 0
852 81 81 0
853 81 85 0
854 81 85 0
855 81 81 0
856 81 81 0
857 81 81 0
858 81 86 0
859 81 81 0
860 81 84 0
861 82 86 0
862 82 84 0
863 82 86 0
864 82 86 0
865 82 84 0
866 82 91 0
867 82 87 0
868 82 82 0
869 82 83 0
870 82 82 0
871 82 90 0
872 82 83 0
873 82 84 0
874 82 82 0
875 82 96 0
876 82 85 0
877 82 82 0
878 83 91 0
879 83 85 0
880 83 87 0
881 83 92 0
882 83 84 0
883 83 87 0
884 83 87 0
885 83 87 0
886 83 83 0
887 83 87 0
888 83 87 0
889 83 83 0
890 83 87 0
891 83 83 0
892 83 83 0
893 83 83 0
894 83 83 0
895 83 88 0
896 84 85 0
897 84 88 0
898 84 88 0
899 84 88 0
900 84 88 0
901 84 88 839
902 84 84 839
903 84 84 0
904 84 91 0
905 84 84 0
906 84 84 0
907 84 84 0
908 85 85 0
909 85 87 0
910 85 89 0
911 85 89 0
912 85 89 0
913 85 89 0
914 85 89 0
915 85 85 0
916 85 85 0
917 85 85 0
918 85 85 0
919 85 85 0
920 85 85 0
921 85 85 0
922 85 87 0
923 85 89 0
924 85 85 0
925 85 89 0
926 85 86 0
927 85 88 0
928 86 95 0
929 86 90 0
930 86 90 0
931 86 90 0
932 86 86 0
933 86 90 0
934 86 86 0
935 86 86 0
936 86 86 0
937 86 86 0
938 86 87 0
939 86 86 0
940 86 86 0
941 86 86 0
942 86 86 0
943 86 91 0
944 87 90 0
945 87 87 0
946 87 91 0
947 87 91 0
948 87 91 0
949 87 91 858
950 87 91 858
951 87 87 0
952 87 87 0
953 87 87 0
954 87 87 0
955 87 87 0
956 87 87 0
957 87 87 0
958 87 87 0
959 88 89 0
960 88 92 0
961 88 90 0
962 88 92 0
963 88 89 0
964 88 90 0
965 88 89 0
966 88 91 0
967 88 92 0
968 88 89 0
969 88 88 0
970 88 88 0
971 88 88 0
972 88 88 0
973 88 88 0
974 88 90 0
975 88 88 0
976 88 88 0
977 88 88 0
978 88 88 0
979 88 88 0
980 88 88 0
981 88 103 0
982 88 89 0
983 88 92 0
984 88 88 0
985 88 92 0
986 88 92 0
987 88 92 0
988 88 88 0
989 88 97 0
990 89 93 0
991 89 95 0
992 89 89 0
993 89 92 0
994 89 98 0
995 89 93 0
996 89 93 0
997 89 89 984
998 89 98 984
999 89 91 0
1000 89 90 0
1001 89 97 0
1002 89 89 0
1003 89 90 0
1004 89 89 0
1005 89 89 0
1006 89 89 0
1007 89 90 0
1008 89 89 0
1009 89 89 0
1010 89 91 0
1011 89 93 0
1012 89 93 0
1013 89 89 0
1014 89 93 0
1015 89 89 0
1016 90 90 0
1017 90 94 0
1018 90 94 0
1019 90 91 0
1020 90 91 0
1021 90 94 0
1022 90 90 0
1023 90 91 0
1024 90 90 0
1025 90 90 0
1026 90 95 0
1027 90 91 0
1028 90 90 0
1029 90 90 0
1030 90 90 0
1031 90 94 0
1032 90 90 0
1033 90 100 0
1034 90 94 0
1035 90 90 0
1036 90 90 0
1037 90 94 0
1038 90 92 0
1039 90 90 0
1040 90 92 0
1041 90 94 0
1042 90 94 0
1043 90 90 0
1044 90 94 0
1045 90 90 0
1046 90 90 0
1047 90 95 0
1048 90 90 0
1049 90 90 0
1050 90 94 0
1051 90 90 0
1052 90 99 0
1053 90 91 0
1054 90 94 0
1055 90 90 0
1056 91 95 0
1057 91 95 0
1058 91 95 0
1059 91 91 0
1060 91 92 0
1061 91 93 0
1062 91 92 0
1063 91 91 0
1064 91 91 0
1065 91 95 0
1066 91 91 0
1067 91 95 0
1068 91 95 0
1069 91 91 0
1070 91 91 0
1071 91 95 0
1072 91 91 0
1073 91 96 0
1074 91 92 0
1075 91 91 0
1076 91 100 0
1077 91 91 0
1078 91 91 0
1079 91 100 0
1080 91 91 0
1081 91 105 0
1082 91 91 0
1083 91 91 0
1084 91 91 0
1085 91 91 0
1086 91 91 0
1087 91 96 0
1088 91 91 0
1089 91 108 0
1090 91 91 0
1091 91 95 0
1092 91 95 0
1093 91 91 0
1094 91 91 0
1095 91 95 0
1096 91 91 0
1097 91 91 0
1098 91 100 0
1099 91 91 0
1100 91 91 0
1101 91 91 0
1102 91 91 0
1103 91 91 0
1104 91 96 0
1105 91 91 0
1106 91 95 0
1107 91 95 0
1108 91 112 0
1109 91 91 0
1110 91 91 0
1111 91 95 0
1112 91 95 0
1113 92 96 0
1114 92 95 0
1115 92 92 0
1116 92 101 0
1117 92 106 0
1118 92 92 0
1119 92 102 0
1120 92 92 0
1121 92 92 0
1122 92 92 0
1123 92 92 0
1124 92 98 0
1125 92 92 0
1126 92 92 0
1127 92 92 0
1128 92 92 0
1129 92 92 0
1130 92 96 0
1131 92 92 0
1132 92 92 0
1133 92 92 0
1134 92 92 0
1135 92 93 0
1136 92 96 0
1137 92 92 0
1138 92 116 0
1139 92 92 0
1140 92 95 0
1141 92 97 0
1142 92 92 0
1143 92 92 0
1144 92 96 0
1145 92 92 0
1146 92 96 0
1147 92 92 0
1148 92 93 0
1149 92 96 0
1150 92 111 0
1151 92 92 0
1152 92 97 0
1153 92 96 0
1154 92 106 0
1155 92 92 0
1156 93 95 0
1157 93 95 0
1158 93 112 0
1159 93 97 0
1160 93 94 0
1161 93 103 0
1162 93 95 0
1163 93 98 0
1164 93 93 0
1165 93 97 0
1166 93 93 0
1167 93 93 0
1168 93 93 0
1169 93 93 0
1170 93 94 0
1171 93 102 0
1172 93 93 0
1173 93 97 0
1174 93 97 0
1175 93 96 0
1176 93 97 0
1177 93 112 0
1178 93 97 0
1179 93 93 0
1180 93 97 0
1181 93 93 0
1182 93 93 0
1183 93 93 0
1184 93 98 0
1185 93 93 0
1186 93 93 0
1187 93 93 0
1188 93 94 0
1189 93 93 0
1190 93 93 0
1191 93 93 0
1192 93 93 0
1193 93 93 0
1194 93 93 0
1195 94 103 0
1196 94 109 0
1197 94 98 0
1198 94 98 0
1199 94 98 0
1200 94 98 0
1201 94 94 0
1202 94 94 0
1203 94 94 0
1204 94 94 0
1205 94 94 0
1206 94 94 0
1207 94 94 0
1208 94 96 0
1209 94 94 0
1210 94 98 0
1211 94 94 0
1212 94 94 0
1213 94 94 0
1214 94 94 0
1215 94 94 0
1216 94 94 0
1217 94 108 0
1218 94 94 0
1219 94 94 0
1220 95 99 0
1221 95 99 0
1222 95 99 0
1223 95 104 0
1224 95 104 0
1225 95 99 0
1226 95 100 0
1227 95 99 0
1228 95 104 0
1229 95 104 0
1230 95 99 0
1231 95 96 0
1232 95 95 0
1233 95 98 0
1234 95 95 0
1235 95 95 0
1236 95 95 0
1237 95 95 0
1238 95 95 0
1239 95 99 0
1240 95 95 0
1241 95 100 0
1242 95 95 0
1243 96 99 0
1244 96 105 0
1245 96 104 0
1246 96 100 0
1247 96 105 0
1248 96 100 0
1249 96 100 0
1250 96 96 0
1251 96 123 0
1252 96 98 0
1253 96 100 0
1254 96 100 0
1255 96 97 0
1256 96 100 0
1257 96 97 0
1258 96 100 0
1259 96 96 0
1260 96 96 0
1261 96 96 0
1262 96 96 0
1263 96 96 0
1264 96 96 0
1265 96 97 0
1266 96 96 0
1267 96 100 0
1268 96 115 0
1269 96 100 0
1270 96 111 0
1271 96 100 0
1272 96 96 0
1273 96 96 0
1274 96 96 0
1275 96 97 0
1276 96 96 0
1277 96 100 0
1278 96 96 0
1279 96 96 0
1280 96 100 0
1281 96 96 0
1282 96 96 0
1283 96 96 0
1284 96 100 0
1285 97 99 0
1286 97 97 0
1287 97 101 0
1288 97 101 0
1289 97 101 0
1290 97 101 0
1291 97 101 0
1292 97 101 0
1293 97 101 0
1294 97 101 0
1295 97 97 0
1296 97 97 0
1297 97 97 0
1298 97 97 0
1299 97 97 0
1300 97 97 0
1301 97 97 0
1302 97 97 0
1303 97 97 0
1304 97 103 0
1305 97 101 0
1306 97 97 0
1307 97 97 0
1308 97 101 0
1309 97 97 0
1310 97 97 0
1311 97 99 0
1312 97 97 0
1313 97 101 0
1314 97 97 0
1315 97 97 0
1316 97 97 0
1317 97 97 0
1318 97 97 0
1319 97 97 0
1320 98 102 0
1321 98 107 0
1322 98 102 0
1323 98 102 0
1324 98 102 0
1325 98 102 0
1326 98 107 0
1327 98 107 1001
1328 98 98 1001
1329 98 98 0
1330 98 99 0
1331 98 98 0
1332 98 98 0
1333 98 98 0
1334 98 98 0
1335 98 98 0
1336 98 99 0
1337 98 98 0
1338 98 107 0
1339 98 98 0
1340 98 98 0
1341 98 98 0
1342 98 98 0
1343 98 98 0
1344 98 98 0
1345 98 98 0
1346 98 103 0
1347 98 98 0
1348 98 98 0
1349 98 98 0
1350 98 98 0
1351 98 98 0
1352 99 103 0
1353 99 113 0
1354 99 103 0
1355 99 100 0
1356 99 103 0
1357 99 103 0
1358 99 113 0
1359 99 103 0
1360 99 102 1333
1361 99 100 1333
1362 99 118 0
1363 99 99 0
1364 99 103 0
1365 99 99 0
1366 99 99 0
1367 99 99 0
1368 99 99 0
1369 99 100 0
1370 99 111 0
1371 99 99 0
1372 99 99 0
1373 99 99 0
1374 99 99 0
1375 99 99 0
1376 99 99 0
1377 100 100 0
1378 100 111 0
1379 100 104 0
1380 100 104 0
1381 100 104 0
1382 100 104 0
1383 100 104 0
1384 100 103 1239
1385 100 100 1239
1386 100 102 0
1387 100 100 0
1388 100 100 0
1389 100 104 0
1390 100 100 0
1391 100 104 0
1392 100 100 0
1393 100 104 0
1394 100 103 0
1395 100 100 0
1396 100 104 0
1397 100 100 0
1398 100 100 0
1399 100 101 0
1400 100 100 0
1401 101 105 0
1402 101 105 0
1403 101 105 0
1404 101 110 0
1405 101 105 0
1406 101 105 0
1407 101 103 0
1408 101 103 0
1409 101 106 0
1410 101 106 0
1411 101 105 0
1412 101 111 0
1413 101 105 0
1414 101 105 0
1415 101 120 0
1416 101 115 0
1417 101 105 0
1418 101 105 0
1419 101 110 0
1420 101 105 0
1421 101 101 0
1422 101 101 0
1423 101 101 0
1424 101 102 0
1425 101 101 0
1426 101 101 0
1427 101 102 0
1428 101 101 0
1429 101 101 0
1430 101 101 0
1431 101 105 0
1432 101 104 0
1433 101 101 0
1434 101 101 0
1435 101 101 0
1436 101 101 0
1437 101 101 0
1438 101 101 0
1439 101 105 0
1440 101 101 0
1441 101 105 0
1442 101 101 0
1443 102 106 0
1444 102 106 0
1445 102 106 0
1446 102 106 0
1447 102 111 0
1448 102 106 0
1449 102 106 0
1450 102 105 0
1451 102 106 0
1452 102 106 0
1453 102 106 0
1454 102 106 0
1455 102 102 0
1456 102 102 0
1457 102 106 0
1458 102 102 0
1459 102 102 0
1460 102 104 0
1461 102 102 0
1462 102 102 0
1463 102 110 0
1464 102 102 0
1465 102 102 0
1466 102 102 0
1467 102 102 0
1468 103 117 0
1469 103 107 0
1470 103 104 0
1471 103 112 0
1472 103 105 0
1473 103 111 0
1474 103 107 0
1475 103 103 0
1476 103 103 0
1477 103 103 0
1478 103 103 0
1479 103 103 0
1480 103 103 0
1481 103 107 0
1482 103 104 0
1483 103 103 0
1484 103 103 0
1485 103 103 0
1486 103 103 0
1487 103 107 0
1488 103 103 0
1489 103 103 0
1490 104 108 0
1491 104 108 0
1492 104 113 0
1493 104 108 0
1494 104 108 0
1495 104 113 0
1496 104 105 0
1497 104 108 0
1498 104 104 0
1499 104 108 0
1500 104 104 0
1501 104 118 0
1502 104 108 0
1503 104 104 0
1504 104 108 0
1505 104 104 0
1506 104 104 0
1507 104 104 0
1508 104 104 0
1509 104 104 0
1510 104 104 0
1511 104 104 0
1512 104 104 0
1513 104 104 0
1514 104 108 0
1515 104 104 0
1516 104 107 0
1517 105 112 0
1518 105 109 0
1519 105 109 0
1520 105 109 0
1521 105 109 0
1522 105 106 0
1523 105 109 0
1524 105 106 0
1525 105 109 0
1526 105 115 0
1527 105 109 0
1528 105 109 0
1529 105 114 0
1530 105 110 0
1531 105 105 0
1532 105 109 0
1533 105 105 0
1534 105 105 0
1535 105 105 0
1536 105 105 0
1537 105 105 0
1538 105 105 0
1539 105 119 0
1540 105 105 0
1541 105 105 0
1542 105 119 0
1543 105 105 0
1544 105 105 0
1545 105 105 0
1546 105 105 0
1547 106 110 0
1548 106 110 0
1549 106 110 0
1550 106 110 0
1551 106 115 0
1552 106 110 0
1553 106 110 0
1554 106 110 0
1555 106 110 0
1556 106 110 0
1557 106 110 0
1558 106 108 0
1559 106 115 0
1560 106 109 0
1561 106 110 0
1562 106 110 0
1563 106 110 0
1564 106 106 0
1565 106 106 0
1566 106 106 0
1567 106 106 0
1568 106 106 0
1569 106 108 0
1570 106 110 0
1571 106 106 0
1572 106 106 0
1573 106 106 0
1574 106 106 0
1575 106 106 0
1576 106 106 0
1577 106 106 0
1578 106 115 0
1579 106 115 0
1580 106 106 0
1581 107 111 0
1582 107 109 0
1583 107 111 0
1584 107 116 0
1585 107 116 0
1586 107 111 0
1587 107 107 0
1588 107 111 0
1589 107 111 0
1590 107 111 0
1591 107 111 0
1592 107 111 0
1593 107 111 0
1594 107 107 0
1595 107 107 0
1596 107 107 0
1597 107 108 0
1598 107 107 0
1599 107 107 0
1600 107 107 0
1601 107 107 0
1602 107 107 0
1603 107 107 0
1604 107 107 0
1605 107 107 0
1606 107 107 0
1607 108 112 0
1608 108 112 0
1609 108 112 0
1610 108 117 0
1611 108 108 0
1612 108 117 0
1613 108 112 0
1614 108 112 0
1615 108 112 0
1616 108 112 0
1617 108 108 0
1618 108 108 0
1619 108 118 0
1620 108 108 0
1621 108 108 0
1622 108 122 0
1623 108 111 0
1624 108 108 0
1625 108 108 0
1626 108 108 0
1627 108 109 0
1628 109 113 0
1629 109 112 0
1630 109 119 0
1631 109 113 0
1632 109 112 0
1633 109 113 0
1634 109 113 0
1635 109 113 0
1636 109 112 0
1637 109 109 0
1638 109 109 0
1639 109 109 0
1640 109 109 0
1641 109 109 0
1642 109 118 0
1643 109 109 0
1644 109 113 0
1645 109 109 0
1646 109 113 0
1647 109 109 0
1648 109 110 0
1649 109 109 0
1650 109 115 0
1651 109 113 0
1652 110 115 0
1653 110 114 0
1654 110 114 0
1655 110 112 0
1656 110 114 0
1657 110 114 0
1658 110 111 0
1659 110 111 0
1660 110 114 0
1661 110 114 0
1662 110 110 0
1663 110 110 0
1664 110 114 0
1665 110 110 0
1666 110 110 0
1667 110 110 0
1668 110 114 0
1669 110 110 0
1670 110 110 0
1671 110 110 0
1672 110 110 0
1673 110 119 0
1674 111 113 0
1675 111 120 0
1676 111 115 0
1677 111 112 0
1678 111 111 0
1679 111 115 0
1680 111 115 0
1681 111 123 0
1682 111 115 0
1683 111 115 0
1684 111 115 0
1685 111 120 0
1686 111 115 0
1687 111 115 0
1688 111 111 0
1689 111 115 0
1690 111 111 0
1691 111 111 0
1692 111 115 0
1693 111 111 0
1694 111 115 0
1695 111 111 0
1696 111 111 0
1697 111 111 0
1698 111 111 0
1699 111 111 0
1700 111 114 0
1701 111 111 0
1702 111 115 0
1703 111 111 0
1704 111 111 0
1705 111 120 0
1706 111 111 0
1707 111 111 0
1708 111 111 0
1709 111 112 0
1710 111 111 0
1711 111 111 0
1712 111 111 0
1713 111 111 0
1714 111 115 0
1715 112 115 0
1716 112 116 0
1717 112 116 0
1718 112 121 0
1719 112 116 0
1720 112 118 0
1721 112 116 0
1722 112 116 0
1723 112 129 0
1724 112 120 0
1725 112 116 0
1726 112 117 1623
1727 112 112 1623
1728 112 112 0
1729 112 116 0
1730 112 112 0
1731 112 112 0
1732 112 112 0
1733 112 117 0
1734 112 112 0
1735 112 112 0
1736 112 112 0
1737 112 112 0
1738 112 112 0
1739 112 118 0
1740 112 112 0
1741 112 116 0
1742 112 112 0
1743 113 122 0
1744 113 123 0
1745 113 116 0
1746 113 117 0
1747 113 117 0
1748 113 117 0
1749 113 119 0
1750 113 117 0
1751 113 117 0
1752 113 117 0
1753 113 113 0
1754 113 117 0
1755 113 113 0
1756 113 113 0
1757 113 113 0
1758 113 113 0
1759 113 113 0
1760 113 114 0
1761 113 113 0
1762 113 113 0
1763 113 113 0
1764 113 113 0
1765 113 117 0
1766 113 122 0
1767 113 113 0
1768 113 117 0
1769 113 113 0
1770 113 113 0
1771 113 113 0
1772 113 119 0
1773 113 113 0
1774 113 113 0
1775 113 113 0
1776 113 113 0
1777 113 113 0
1778 113 114 0
1779 113 117 0
1780 114 118 0
1781 114 116 0
1782 114 123 0
1783 114 118 0
1784 114 118 0
1785 114 133 0
1786 114 119 0
1787 114 118 0
1788 114 118 0
1789 114 115 0
1790 114 122 0
1791 114 118 0
1792 114 114 0
1793 114 114 0
1794 114 114 0
1795 114 114 0
1796 114 115 0
1797 114 132 0
1798 114 114 0
1799 114 114 0
1800 114 114 0
1801 114 114 0
1802 114 114 0
1803 114 114 0
1804 114 114 0
1805 114 115 0
1806 114 114 0
1807 115 117 0
1808 115 119 0
1809 115 119 0
1810 115 115 0
1811 115 119 0
1812 115 120 0
1813 115 119 0
1814 115 119 0
1815 115 119 0
1816 115 115 0
1817 115 119 0
1818 115 115 0
1819 115 119 0
1820 115 115 0
1821 115 120 0
1822 115 115 0
1823 115 119 0
1824 115 119 0
1825 115 115 0
1826 115 120 0
1827 115 115 0
1828 115 115 0
1829 115 115 0
1830 115 115 0
1831 115 119 0
1832 115 117 0
1833 115 115 0
1834 116 120 0
1835 116 120 0
1836 116 120 0
1837 116 124 0
1838 116 120 0
1839 116 120 0
1840 116 117 0
1841 116 120 0
1842 116 120 0
1843 116 125 0
1844 116 116 0
1845 116 118 0
1846 116 120 0
1847 116 120 0
1848 116 119 0
1849 116 118 0
1850 116 116 0
1851 116 120 0
1852 116 120 0
1853 116 125 0
1854 116 126 1796
1855 116 116 1796
1856 116 116 0
1857 116 116 0
1858 116 116 0
1859 116 116 0
1860 116 120 0
1861 116 116 0
1862 116 120 0
1863 116 120 0
1864 116 116 0
1865 116 116 0
1866 116 116 0
1867 116 116 0
1868 116 118 0
1869 116 116 0
1870 116 116 0
1871 116 116 0
1872 116 116 0
1873 116 119 0
1874 116 118 0
1875 116 116 0
1876 116 120 0
1877 117 121 0
1878 117 121 0
1879 117 121 0
1880 117 121 0
1881 117 121 0
1882 117 121 0
1883 117 121 0
1884 117 121 0
1885 117 121 0
1886 117 121 0
1887 117 120 0
1888 117 117 0
1889 117 117 0
1890 117 117 0
1891 117 123 0
1892 117 117 0
1893 117 121 0
1894 117 121 0
1895 117 127 0
1896 117 117 0
1897 117 117 0
1898 117 117 0
1899 117 117 0
1900 117 117 0
1901 117 117 0
1902 117 117 0
1903 117 117 0
1904 117 119 0
1905 117 123 0
1906 117 117 0
1907 117 117 0
1908 117 117 0
1909 117 126 0
1910 117 120 0
1911 117 117 0
1912 117 118 0
1913 117 121 0
1914 117 117 0
1915 117 117 0
1916 118 123 0
1917 118 122 0
1918 118 122 0
1919 118 119 0
1920 118 118 0
1921 118 122 0
1922 118 122 0
1923 118 123 0
1924 118 122 0
1925 118 122 0
1926 118 118 0
1927 118 118 0
1928 118 119 0
1929 118 118 0
1930 118 118 0
1931 118 118 0
1932 118 118 0
1933 118 118 0
1934 118 118 0
1935 118 122 0
1936 118 118 0
1937 118 118 0
1938 118 122 0
1939 118 118 0
1940 118 121 0
1941 118 118 0
1942 118 118 0
1943 118 118 0
1944 118 118 0
1945 118 122 0
1946 118 121 0
1947 118 118 0
1948 118 118 0
1949 119 123 0
1950 119 119 0
1951 119 120 0
1952 119 122 0
1953 119 119 0
1954 119 120 0
1955 119 123 0
1956 119 129 0
1957 119 119 0
1958 119 119 0
1959 119 119 0
1960 119 119 0
1961 119 119 0
1962 119 119 0
1963 119 119 0
1964 119 119 0
1965 119 119 0
1966 119 119 0
1967 119 119 0
1968 119 119 0
1969 119 119 0
1970 119 123 0
1971 119 119 0
1972 119 119 0
1973 119 119 0
1974 119 119 0
1975 119 121 0
1976 119 123 0
1977 119 119 0
1978 119 119 0
1979 119 119 0
1980 119 124 0
1981 119 120 0
1982 119 119 0
1983 119 119 0
1984 119 119 0
1985 119 119 0
1986 119 123 0
1987 119 133 0
1988 119 119 0
1989 119 119 0
1990 119 123 0
1991 119 119 0
1992 119 120 0
1993 119 122 0
1994 119 123 0
1995 119 119 0
1996 120 120 0
1997 120 121 0
1998 120 121 0
1999 120 124 0
2000 120 124 0
2001 120 121 0
2002 120 120 0
2003 120 124 0
2004 120 124 0
2005 120 124 0
2006 120 124 0
2007 120 120 0
2008 120 129 0
2009 120 121 0
2010 120 124 1772
2011 120 124 1772
2012 120 120 0
2013 120 120 0
2014 120 120 0
2015 120 124 0
2016 120 120 0
2017 120 120 0
2018 120 121 0
2019 120 120 0
2020 120 120 0
2021 120 124 0
2022 120 120 0
2023 120 120 0
2024 120 124 0
2025 120 124 0
2026 120 120 0
2027 120 121 0
2028 120 120 0
2029 120 123 0
2030 120 120 0
2031 120 120 0
2032 120 121 0
2033 120 121 0
2034 120 124 0
2035 120 124 0
2036 120 120 0
2037 120 124 0
2038 120 120 0
2039 120 120 0
2040 120 120 0
2041 120 122 0
2042 120 120 0
2043 120 120 0
2044 120 126 0
2045 120 120 0
2046 120 120 0
2047 120 120 0
2048 120 120 0
2049 120 121 0
2050 120 120 0
2051 120 125 0
2052 120 120 0
2053 120 120 0
2054 120 124 0
2055 120 122 0
2056 120 124 0
2057 120 120 0
2058 120 124 0
2059 120 129 0
2060 121 122 0
2061 121 126 0
2062 121 121 0
2063 121 125 0
2064 121 130 0
2065 121 124 0
2066 121 122 0
2067 121 125 0
2068 121 124 0
2069 121 123 0
2070 121 129 0
2071 121 122 0
2072 121 125 0
2073 121 125 0
2074 121 125 0
2075 121 134 0
2076 121 126 0
2077 121 125 0
2078 121 121 0
2079 121 121 0
2080 121 121 0
2081 121 121 0
2082 121 125 0
2083 121 121 0
2084 121 121 0
2085 121 125 0
2086 121 121 0
2087 121 121 0
2088 121 121 0
2089 121 121 0
2090 121 121 0
2091 121 125 0
2092 121 121 0
2093 121 123 0
2094 121 122 0
2095 121 121 0
2096 121 125 0
2097 121 125 0
2098 121 126 0
2099 121 121 0
2100 121 123 0
2101 121 125 0
2102 121 121 0
2103 121 126 0
2104 121 121 0
2105 121 122 0
2106 121 121 0
2107 121 125 0
2108 121 128 0
2109 121 125 0
2110 121 125 0
2111 121 125 0
2112 121 121 0
2113 121 121 0
2114 121 125 0
2115 122 141 0
2116 122 128 0
2117 122 124 0
2118 122 126 0
2119 122 131 0
2120 122 126 0
2121 122 126 0
2122 122 123 0
2123 122 126 0
2124 122 122 0
2125 122 123 0
2126 122 122 0
2127 122 122 0
2128 122 122 0
2129 122 122 0
2130 122 122 0
2131 122 126 0
2132 122 126 0
2133 122 122 0
2134 122 131 0
2135 122 122 0
2136 122 122 0
2137 122 124 0
2138 122 122 0
2139 122 122 0
2140 122 122 0
2141 122 123 0
2142 122 122 0
2143 122 135 0
2144 122 126 0
2145 122 127 0
2146 122 126 0
2147 122 122 0
2148 122 126 0
2149 122 122 0
2150 122 122 0
2151 122 122 0
2152 122 122 0
2153 122 125 0
2154 122 124 0
2155 122 122 0
2156 122 126 0
2157 122 122 0
2158 122 122 0
2159 122 122 0
2160 122 122 0
2161 122 122 0
2162 122 136 0
2163 122 122 0
2164 122 127 0
2165 122 126 0
2166 122 123 0
2167 122 122 0
2168 122 122 0
2169 122 122 0
2170 122 126 0
2171 122 122 0
2172 122 122 0
2173 122 126 0
2174 122 122 0
2175 122 123 0
2176 122 122 0
2177 123 127 0
2178 123 124 0
2179 123 125 0
2180 123 127 0
2181 123 127 0
2182 123 125 0
2183 123 133 0
2184 123 124 0
2185 123 123 0
2186 123 127 0
2187 123 134 0
2188 123 123 0
2189 123 124 0
2190 123 123 0
2191 123 142 0
2192 123 123 0
2193 123 124 0
2194 123 123 0
2195 123 123 0
2196 123 136 0
2197 123 123 0
2198 123 123 0
2199 123 124 0
2200 123 131 0
2201 123 123 0
2202 123 123 0
2203 123 123 0
2204 123 123 0
2205 123 123 0
2206 123 123 0
2207 123 123 0
2208 123 125 0
2209 123 124 0
2210 123 127 0
2211 123 123 0
2212 123 123 0
2213 123 123 0
2214 123 123 0
2215 123 123 0
2216 123 123 0
2217 123 127 0
2218 123 127 0
2219 123 129 0
2220 123 124 0
2221 123 127 0
2222 123 123 0
2223 123 123 0
2224 123 123 0
2225 123 127 0
2226 123 123 0
2227 123 132 0
2228 123 123 0
2229 123 123 0
2230 123 123 0
2231 123 123 0
2232 123 126 0
2233 123 127 0
2234 123 132 0
2235 123 123 0
2236 123 123 0
2237 123 124 0
2238 123 127 0
2239 123 127 0
2240 124 128 0
2241 124 128 0
2242 124 133 0
2243 124 128 0
2244 124 125 0
2245 124 124 0
2246 124 128 0
2247 124 128 0
2248 124 128 0
2249 124 149 0
2250 124 124 0
2251 124 124 0
2252 124 124 0
2253 124 126 0
2254 124 124 0
2255 124 128 0
2256 124 124 0
2257 124 126 0
2258 124 124 0
2259 124 126 0
2260 124 124 0
2261 124 124 0
2262 124 127 0
2263 124 153 0
2264 124 124 0
2265 124 124 0
2266 124 129 0
2267 124 124 0
2268 124 124 0
2269 124 124 0
2270 124 124 0
2271 124 133 0
2272 124 125 0
2273 124 125 0
2274 124 124 0
2275 124 126 0
2276 124 125 0
2277 124 124 0
2278 124 124 0
2279 124 124 0
2280 124 124 0
2281 124 124 0
2282 124 139 0
2283 124 125 0
2284 124 124 0
2285 124 130 0
2286 124 126 0
2287 124 124 0
2288 124 124 0
2289 124 124 0
2290 124 128 0
2291 124 124 0
2292 124 128 0
2293 124 124 0
2294 124 124 0
2295 124 125 0
2296 124 128 0
2297 124 129 0
2298 124 124 0
2299 125 129 0
2300 125 128 0
2301 125 132 0
2302 125 130 0
2303 125 126 0
2304 125 125 0
2305 125 127 0
2306 125 129 0
2307 125 134 0
2308 125 139 0
2309 125 128 0
2310 125 125 1980
2311 125 129 1980
2312 125 134 0
2313 125 129 0
2314 125 126 0
2315 125 127 0
2316 125 133 0
2317 125 126 0
2318 125 125 0
2319 125 125 0
2320 125 126 0
2321 125 125 0
2322 125 129 0
2323 125 127 0
2324 125 126 0
2325 125 126 0
2326 125 125 0
2327 125 125 0
2328 125 125 0
2329 125 125 0
2330 125 125 0
2331 125 129 0
2332 125 125 0
2333 125 125 0
2334 125 125 0
2335 125 125 0
2336 125 129 0
2337 125 125 0
2338 125 125 0
2339 125 125 0
2340 125 129 0
2341 125 125 0
2342 125 125 0
2343 125 125 0
2344 125 125 0
2345 125 126 0
2346 125 131 0
2347 125 125 0
2348 125 125 0
2349 125 125 0
2350 125 125 0
2351 125 125 0
2352 125 130 0
2353 125 125 0
2354 125 125 0
2355 125 127 0
2356 125 126 0
2357 125 128 0
2358 125 125 0
2359 125 125 0
2360 125 134 0
2361 125 125 0
2362 125 125 0
2363 125 125 0
2364 125 125 0
2365 126 126 0
2366 126 156 0
2367 126 126 0
2368 126 130 0
2369 126 130 0
2370 126 127 0
2371 126 132 0
2372 126 130 0
2373 126 145 0
2374 126 127 0
2375 126 140 0
2376 126 130 0
2377 126 130 0
2378 126 128 0
2379 126 127 0
2380 126 130 0
2381 126 130 0
2382 126 130 0
2383 126 126 0
2384 126 127 0
2385 126 145 0
2386 126 126 0
2387 126 130 0
2388 126 126 0
2389 126 126 0
2390 126 126 0
2391 126 130 0
2392 126 140 0
2393 126 126 0
2394 126 126 0
2395 126 130 0
2396 126 135 0
2397 126 126 0
2398 126 126 0
2399 126 126 0
2400 126 126 0
2401 126 130 0
2402 126 139 0
2403 126 126 0
2404 126 133 0
2405 126 130 0
2406 126 126 0
2407 126 126 0
2408 126 135 0
2409 126 128 0
2410 126 126 0
2411 126 140 0
2412 126 126 0
2413 126 135 0
2414 126 126 0
2415 126 126 0
2416 126 130 0
2417 126 131 0
2418 126 126 0
2419 126 126 0
2420 126 126 0
2421 126 126 0
2422 126 130 0
2423 126 126 0
2424 126 126 0
2425 126 126 0
2426 126 143 0
2427 126 126 0
2428 126 126 0
2429 126 126 0
2430 126 126 0
2431 126 126 0
2432 127 131 0
2433 127 136 0
2434 127 127 0
2435 127 129 0
2436 127 132 0
2437 127 144 0
2438 127 127 0
2439 127 130 0
2440 127 136 0
2441 127 130 0
2442 127 127 0
2443 127 131 0
2444 127 127 0
2445 127 136 0
2446 127 131 0
2447 127 131 2103
2448 127 127 2103
2449 127 131 0
2450 127 142 0
2451 127 131 0
2452 127 127 0
2453 127 127 0
2454 127 131 0
2455 127 127 0
2456 127 127 0
2457 127 131 0
2458 127 127 0
2459 127 127 0
2460 127 131 0
2461 127 131 0
2462 127 128 0
2463 127 131 0
2464 127 127 0
2465 127 129 0
2466 127 127 0
2467 127 142 0
2468 127 127 0
2469 127 136 0
2470 127 128 0
2471 127 127 0
2472 127 127 0
2473 127 128 0
2474 127 127 0
2475 127 128 0
2476 127 127 0
2477 127 131 0
2478 127 131 0
2479 127 127 0
2480 127 128 0
2481 127 131 0
2482 127 132 0
2483 127 127 0
2484 127 137 0
2485 127 131 0
2486 127 131 0
2487 127 128 0
2488 127 127 0
2489 127 127 0
2490 127 132 0
2491 127 130 0
2492 127 128 0
2493 127 136 0
2494 127 127 0
2495 127 128 0
2496 127 127 0
2497 127 129 0
2498 127 129 0
2499 127 127 0
2500 127 127 0
2501 128 131 0
2502 128 137 0
2503 128 142 0
2504 128 134 0
2505 128 131 0
2506 128 132 0
2507 128 137 0
2508 128 135 0
2509 128 137 0
2510 128 130 0
2511 128 132 0
2512 128 132 0
2513 128 137 0
2514 128 128 0
2515 128 128 0
2516 128 142 0
2517 128 128 0
2518 128 129 0
2519 128 128 0
2520 128 128 0
2521 128 129 0
2522 128 128 0
2523 128 128 0
2524 128 128 0
2525 128 128 0
2526 128 128 0
2527 128 128 0
2528 128 128 0
2529 128 128 0
2530 128 128 0
2531 128 128 0
2532 128 128 0
2533 128 128 0
2534 128 128 0
2535 128 133 0
2536 128 129 0
2537 128 128 0
2538 128 132 0
2539 128 128 0
2540 128 128 0
2541 128 128 0
2542 128 133 0
2543 128 128 0
2544 128 128 0
2545 128 128 0
2546 128 128 0
2547 128 132 0
2548 128 128 0
2549 128 128 0
2550 128 128 0
2551 128 128 0
2552 128 128 0
2553 128 128 0
2554 128 129 0
2555 128 128 0
2556 128 128 0
2557 129 143 0
2558 129 133 0
2559 129 134 0
2560 129 138 0
2561 129 133 0
2562 129 130 0
2563 129 133 0
2564 129 129 0
2565 129 133 0
2566 129 129 0
2567 129 129 0
2568 129 133 0
2569 129 129 0
2570 129 133 0
2571 129 133 0
2572 129 129 0
2573 129 132 0
2574 129 129 0
2575 129 131 0
2576 129 129 0
2577 129 133 0
2578 129 133 0
2579 129 133 0
2580 129 129 0
2581 129 129 0
2582 129 131 0
2583 129 133 0
2584 129 129 0
2585 129 129 0
2586 129 129 0
2587 129 133 0
2588 129 129 0
2589 129 129 0
2590 129 130 0
2591 129 129 0
2592 129 129 0
2593 129 129 0
2594 129 129 0
2595 129 133 0
2596 129 129 0
2597 129 133 0
2598 129 129 0
2599 129 129 0
2600 129 131 0
2601 129 130 0
2602 129 140 0
2603 129 129 0
2604 129 129 0
2605 129 129 0
2606 129 129 0
2607 129 133 0
2608 129 129 0
2609 129 129 0
2610 129 133 0
2611 129 129 0
2612 129 129 0
2613 129 129 0
2614 129 133 0
2615 129 133 0
2616 129 134 0
2617 129 133 0
2618 129 129 0
2619 129 129 0
2620 129 129 0
2621 130 134 0
2622 130 134 0
2623 130 134 0
2624 130 134 0
2625 130 134 0
2626 130 131 0
2627 130 135 0
2628 130 138 0
2629 130 134 0
2630 130 134 0
2631 130 139 0
2632 130 130 0
2633 130 130 0
2634 130 130 0
2635 130 130 0
2636 130 130 0
2637 130 130 0
2638 130 139 0
2639 130 134 0
2640 130 130 0
2641 130 130 0
2642 130 130 0
2643 130 134 0
2644 130 131 0
2645 130 130 0
2646 130 139 0
2647 130 134 0
2648 130 130 0
2649 130 130 0
2650 130 130 0
2651 130 130 0
2652 130 130 0
2653 130 130 0
2654 130 130 0
2655 130 132 0
2656 130 130 0
2657 130 130 0
2658 130 130 0
2659 130 130 0
2660 130 139 0
2661 130 130 0
2662 130 132 0
2663 130 134 0
2664 130 138 0
2665 130 130 0
2666 130 136 0
2667 130 130 0
2668 130 132 0
2669 130 130 0
2670 130 131 0
2671 130 131 0
2672 130 134 0
2673 130 130 0
2674 130 136 0
2675 130 134 0
2676 131 135 0
2677 131 133 0
2678 131 135 0
2679 131 131 0
2680 131 135 0
2681 131 140 0
2682 131 135 0
2683 131 135 0
2684 131 135 0
2685 131 136 0
2686 131 135 0
2687 131 135 0
2688 131 134 0
2689 131 135 0
2690 131 134 0
2691 131 131 0
2692 131 131 0
2693 131 131 0
2694 131 131 0
2695 131 131 0
2696 131 131 0
2697 131 131 0
2698 131 131 0
2699 131 131 0
2700 131 131 0
2701 131 131 0
2702 131 140 0
2703 131 131 0
2704 131 132 0
2705 131 131 0
2706 131 131 0
2707 131 133 0
2708 131 141 0
2709 131 131 0
2710 131 132 0
2711 131 131 0
2712 131 131 0
2713 131 141 0
2714 131 131 0
2715 131 131 0
2716 131 131 0
2717 131 132 0
2718 131 131 0
2719 131 131 0
2720 131 131 0
2721 131 135 0
2722 131 131 0
2723 131 131 0
2724 131 135 0
2725 131 131 0
2726 131 131 0
2727 131 131 0
2728 132 136 0
2729 132 146 0
2730 132 136 0
2731 132 136 0
2732 132 136 0
2733 132 136 0
2734 132 141 0
2735 132 141 0
2736 132 141 0
2737 132 136 0
2738 132 141 0
2739 132 139 0
2740 132 134 0
2741 132 137 0
2742 132 133 0
2743 132 146 0
2744 132 132 0
2745 132 133 0
2746 132 141 0
2747 132 135 0
2748 132 132 0
2749 132 137 0
2750 132 132 0
2751 132 132 0
2752 132 146 0
2753 132 136 0
2754 132 132 0
2755 132 133 0
2756 132 132 0
2757 132 132 0
2758 132 132 0
2759 132 151 0
2760 132 132 0
2761 132 132 0
2762 132 133 0
2763 132 136 0
2764 132 132 0
2765 132 132 0
2766 132 132 0
2767 132 132 0
2768 132 132 0
2769 132 151 0
2770 132 132 0
2771 132 137 0
2772 132 135 0
2773 132 132 0
2774 132 132 0
2775 132 136 0
2776 132 137 0
2777 132 132 0
2778 132 132 0
2779 132 134 0
2780 132 132 0
2781 132 132 0
2782 132 133 0
2783 132 132 0
2784 132 132 0
2785 132 132 0
2786 132 132 0
2787 132 137 0
2788 132 132 0
2789 132 132 0
2790 132 132 0
2791 132 132 0
2792 132 132 0
2793 133 137 0
2794 133 133 0
2795 133 137 0
2796 133 142 0
2797 133 142 0
2798 133 133 0
2799 133 136 0
2800 133 137 0
2801 133 138 0
2802 133 133 0
2803 133 136 0
2804 133 134 0
2805 133 133 1797
2806 133 137 1797
2807 133 133 0
2808 133 133 0
2809 133 133 0
2810 133 133 0
2811 133 133 0
2812 133 133 0
2813 133 137 0
2814 133 133 0
2815 133 138 0
2816 133 133 0
2817 133 133 0
2818 133 133 0
2819 133 137 0
2820 133 133 0
2821 133 133 0
2822 133 134 0
2823 133 133 0
2824 133 142 0
2825 133 137 0
2826 133 136 0
2827 133 133 0
2828 133 135 0
2829 133 133 0
2830 133 133 0
2831 133 133 0
2832 133 133 0
2833 133 133 0
2834 133 133 0
2835 133 133 0
2836 133 159 0
2837 133 133 0
2838 133 138 0
2839 133 137 0
2840 133 146 0
2841 133 133 0
2842 133 133 0
2843 133 133 0
2844 134 138 0
2845 134 134 0
2846 134 138 0
2847 134 134 0
2848 134 134 0
2849 134 138 0
2850 134 138 0
2851 134 136 0
2852 134 134 0
2853 134 138 0
2854 134 138 0
2855 134 145 0
2856 134 138 0
2857 134 138 0
2858 134 148 0
2859 134 143 0
2860 134 143 0
2861 134 136 0
2862 134 138 0
2863 134 136 0
2864 134 136 0
2865 134 134 0
2866 134 148 0
2867 134 134 0
2868 134 134 0
2869 134 134 0
2870 134 134 0
2871 134 134 0
2872 134 134 0
2873 134 134 0
2874 134 134 0
2875 134 138 0
2876 134 138 0
2877 134 134 0
2878 134 134 0
2879 134 144 0
2880 134 134 0
2881 134 136 0
2882 134 138 0
2883 134 134 0
2884 134 134 0
2885 134 134 0
2886 134 134 0
2887 134 134 0
2888 134 140 0
2889 134 134 0
2890 134 135 0
2891 134 134 0
2892 134 134 0
2893 134 134 0
2894 134 134 0
2895 134 134 0
2896 134 134 0
2897 134 134 0
2898 134 134 0
2899 134 134 0
2900 134 134 0
2901 134 134 0
2902 134 134 0
2903 134 134 0
2904 134 143 0
2905 134 134 0
2906 134 134 0
2907 134 134 0
2908 134 134 0
2909 134 138 0
2910 135 139 0
2911 135 139 0
2912 135 139 0
2913 135 139 0
2914 135 139 0
2915 135 138 0
2916 135 139 0
2917 135 143 0
2918 135 139 0
2919 135 143 0
2920 135 136 0
2921 135 149 0
2922 135 139 0
2923 135 139 0
2924 135 135 0
2925 135 139 0
2926 135 144 0
2927 135 139 0
2928 135 135 0
2929 135 144 0
2930 135 139 0
2931 135 135 0
2932 135 135 0
2933 135 135 0
2934 135 135 0
2935 135 139 0
2936 135 139 0
2937 135 138 0
2938 135 135 0
2939 135 141 0
2940 135 135 0
2941 135 135 0
2942 135 136 0
2943 135 135 0
2944 135 135 0
2945 135 137 0
2946 135 135 0
2947 135 135 0
2948 135 135 0
2949 135 135 0
2950 135 135 0
2951 135 135 0
2952 135 138 0
2953 135 135 0
2954 135 139 0
2955 135 136 0
2956 135 139 0
2957 135 135 0
2958 135 136 0
2959 135 135 0
2960 135 135 0
2961 135 135 0
2962 135 135 0
2963 135 137 0
2964 136 140 0
2965 136 140 0
2966 136 140 0
2967 136 156 0
2968 136 140 0
2969 136 138 0
2970 136 145 0
2971 136 145 0
2972 136 139 0
2973 136 140 0
2974 136 139 0
2975 136 140 0
2976 136 140 0
2977 136 137 0
2978 136 140 0
2979 136 140 0
2980 136 136 2828
2981 136 150 2828
2982 136 136 0
2983 136 140 0
2984 136 138 0
2985 136 136 0
2986 136 136 0
2987 136 136 0
2988 136 148 0
2989 136 136 0
2990 136 136 0
2991 136 136 0
2992 136 136 0
2993 136 136 0
2994 136 136 0
2995 136 136 0
2996 136 136 0
2997 136 140 0
2998 136 140 0
2999 136 136 0
3000 136 141 0
3001 136 136 0
3002 136 136 0
3003 136 136 0
3004 136 140 0
3005 136 136 0
3006 136 136 0
3007 136 136 0
3008 136 137 0
3009 136 136 0
3010 136 137 0
3011 136 136 0
3012 136 136 0
3013 136 136 0
3014 136 136 0
3015 136 145 0
3016 136 139 0
3017 136 136 0
3018 136 136 0
3019 136 139 0
3020 137 141 0
3021 137 151 0
3022 137 141 0
3023 137 151 0
3024 137 146 0
3025 137 141 0
3026 137 139 0
3027 137 146 0
3028 137 141 0
3029 137 141 0
3030 137 147 0
3031 137 141 0
3032 137 142 0
3033 137 141 0
3034 137 148 0
3035 137 152 0
3036 137 140 2196
3037 137 137 2196
3038 137 141 0
3039 137 137 0
3040 137 137 0
3041 137 141 0
3042 137 138 0
3043 137 141 0
3044 137 137 0
3045 137 137 0
3046 137 137 0
3047 137 137 0
3048 137 139 0
3049 137 137 0
3050 137 137 0
3051 137 144 0
3052 137 138 0
3053 137 137 0
3054 137 141 0
3055 137 146 0
3056 137 137 0
3057 137 137 0
3058 137 137 0
3059 137 137 0
3060 137 137 0
3061 137 142 0
3062 137 137 0
3063 137 137 0
3064 137 137 0
3065 137 137 0
3066 137 146 0
3067 137 137 0
3068 137 141 0
3069 137 137 0
3070 137 137 0
3071 137 151 0
3072 137 137 0
3073 137 143 0
3074 137 137 0
3075 137 137 0
3076 137 137 0
3077 137 144 0
3078 137 138 0
3079 137 137 0
3080 137 137 0
3081 137 137 0
3082 137 137 0
3083 138 138 0
3084 138 142 0
3085 138 142 0
3086 138 147 0
3087 138 142 0
3088 138 142 0
3089 138 141 0
3090 138 142 0
3091 138 147 0
3092 138 142 0
3093 138 143 0
3094 138 138 0
3095 138 138 0
3096 138 138 0
3097 138 138 0
3098 138 138 0
3099 138 138 0
3100 138 139 0
3101 138 138 0
3102 138 138 0
3103 138 138 0
3104 138 140 0
3105 138 138 0
3106 138 143 0
3107 138 150 0
3108 138 138 0
3109 138 141 0
3110 138 139 0
3111 138 143 0
3112 138 138 0
3113 138 138 0
3114 138 138 0
3115 138 138 0
3116 138 138 0
3117 138 139 0
3118 139 143 0
3119 139 143 0
3120 139 142 0
3121 139 144 0
3122 139 143 0
3123 139 143 0
3124 139 144 0
3125 139 143 0
3126 139 142 0
3127 139 149 0
3128 139 143 0
3129 139 152 0
3130 139 141 0
3131 139 143 0
3132 139 143 0
3133 139 140 0
3134 139 139 0
3135 139 140 0
3136 139 139 0
3137 139 139 0
3138 139 139 0
3139 139 139 0
3140 139 153 0
3141 139 139 0
3142 139 153 0
3143 139 143 0
3144 139 139 0
3145 139 148 0
3146 139 139 0
3147 139 139 0
3148 139 139 0
3149 139 139 0
3150 139 139 0
3151 139 139 0
3152 139 143 0
3153 139 139 0
3154 139 139 0
3155 139 139 0
3156 139 139 0
3157 139 139 0
3158 139 139 0
3159 139 139 0
3160 139 139 0
3161 139 139 0
3162 139 143 0
3163 139 139 0
3164 139 139 0
3165 139 139 0
3166 139 139 0
3167 139 143 0
3168 139 139 0
3169 139 143 0
3170 139 139 0
3171 139 139 0
3172 139 139 0
3173 139 141 0
3174 139 140 0
3175 140 144 0
3176 140 148 0
3177 140 141 0
3178 140 140 0
3179 140 142 0
3180 140 148 0
3181 140 144 0
3182 140 144 0
3183 140 166 0
3184 140 154 0
3185 140 152 0
3186 140 144 0
3187 140 144 0
3188 140 144 0
3189 140 146 0
3190 140 144 0
3191 140 144 0
3192 140 152 0
3193 140 143 0
3194 140 155 0
3195 140 144 0
3196 140 149 0
3197 140 140 0
3198 140 140 2936
3199 140 147 2936
3200 140 140 0
3201 140 144 0
3202 140 140 0
3203 140 140 0
3204 140 140 0
3205 140 140 0
3206 140 142 0
3207 140 140 0
3208 140 154 0
3209 140 146 0
3210 140 144 0
3211 140 140 0
3212 140 140 0
3213 140 140 0
3214 140 140 0
3215 140 140 0
3216 140 140 0
3217 140 140 0
3218 140 149 0
3219 140 149 0
3220 140 140 0
3221 140 140 0
3222 140 140 0
3223 140 143 0
3224 140 140 0
3225 140 144 0
3226 140 140 0
3227 140 140 0
3228 140 140 0
3229 140 140 0
3230 140 154 0
3231 140 149 0
3232 140 140 0
3233 140 140 0
3234 140 140 0
3235 140 142 0
3236 140 144 0
3237 140 143 0
3238 140 144 0
3239 140 144 0
3240 140 140 0
3241 140 140 0
3242 140 140 0
3243 140 144 0
3244 141 145 0
3245 141 145 0
3246 141 150 0
3247 141 146 0
3248 141 145 0
3249 141 152 0
3250 141 145 0
3251 141 150 0
3252 141 145 0
3253 141 161 0
3254 141 148 0
3255 141 144 0
3256 141 171 0
3257 141 145 0
3258 141 142 0
3259 141 142 0
3260 141 141 0
3261 141 141 0
3262 141 141 0
3263 141 141 0
3264 141 141 0
3265 141 141 0
3266 141 141 0
3267 141 141 0
3268 141 141 0
3269 141 141 0
3270 141 141 0
3271 141 141 0
3272 141 141 0
3273 141 141 0
3274 141 148 0
3275 141 141 0
3276 141 142 0
3277 141 141 0
3278 141 141 0
3279 141 141 0
3280 141 142 0
3281 141 145 0
3282 141 141 0
3283 141 141 0
3284 141 141 0
3285 141 141 0
3286 141 141 0
3287 141 161 0
3288 141 142 0
3289 141 141 0
3290 142 149 0
3291 142 145 0
3292 142 146 0
3293 142 151 0
3294 142 161 0
3295 142 146 0
3296 142 146 0
3297 142 146 0
3298 142 151 0
3299 142 146 0
3300 142 146 0
3301 142 145 0
3302 142 151 0
3303 142 146 0
3304 142 146 0
3305 142 143 0
3306 142 151 0
3307 142 146 0
3308 142 143 0
3309 142 146 0
3310 142 142 0
3311 142 152 0
3312 142 142 0
3313 142 142 0
3314 142 142 0
3315 142 142 0
3316 142 142 0
3317 142 142 0
3318 142 142 0
3319 142 142 0
3320 142 142 0
3321 142 142 0
3322 142 142 0
3323 142 146 0
3324 142 142 0
3325 142 156 0
3326 142 147 0
3327 142 142 0
3328 142 142 0
3329 142 142 0
3330 142 142 0
3331 142 142 0
3332 142 142 0
3333 142 144 0
3334 142 143 0
3335 142 142 0
3336 142 142 0
3337 142 146 0
3338 142 142 0
3339 142 142 0
3340 142 142 0
3341 142 142 0
3342 143 147 0
3343 143 147 0
3344 143 147 0
3345 143 157 0
3346 143 147 0
3347 143 147 0
3348 143 147 0
3349 143 151 0
3350 143 148 0
3351 143 152 0
3352 143 152 0
3353 143 148 0
3354 143 147 3235
3355 143 143 3235
3356 143 143 0
3357 143 143 0
3358 143 143 0
3359 143 143 0
3360 143 143 0
3361 143 143 0
3362 143 143 0
3363 143 147 0
3364 143 143 0
3365 143 147 0
3366 143 143 0
3367 143 143 0
3368 143 143 0
3369 143 147 0
3370 143 143 0
3371 143 147 0
3372 143 143 0
3373 143 144 0
3374 143 143 0
3375 143 149 0
3376 143 143 0
3377 143 143 0
3378 143 143 0
3379 143 143 0
3380 143 144 0
3381 143 145 0
3382 143 143 0
3383 143 143 0
3384 143 143 0
3385 143 147 0
3386 143 143 0
3387 143 143 0
3388 143 152 0
3389 143 143 0
3390 143 152 0
3391 143 143 0
3392 143 143 0
3393 143 143 0
3394 143 147 0
3395 143 143 0
3396 143 143 0
3397 143 143 0
3398 143 144 0
3399 143 146 0
3400 143 143 0
3401 144 148 0
3402 144 144 0
3403 144 144 0
3404 144 146 0
3405 144 153 0
3406 144 144 0
3407 144 147 0
3408 144 145 0
3409 144 153 0
3410 144 148 0
3411 144 146 0
3412 144 144 0
3413 144 148 0
3414 144 148 0
3415 144 146 0
3416 144 148 0
3417 144 152 0
3418 144 148 0
3419 144 148 0
3420 144 144 0
3421 144 153 0
3422 144 144 0
3423 144 144 0
3424 144 144 0
3425 144 144 0
3426 144 144 0
3427 144 146 0
3428 144 144 0
3429 144 144 0
3430 144 144 0
3431 144 144 0
3432 144 149 0
3433 144 144 0
3434 144 144 0
3435 144 144 0
3436 144 144 0
3437 144 144 0
3438 144 144 0
3439 144 145 0
3440 144 145 0
3441 144 144 0
3442 144 146 0
3443 144 144 0
3444 144 144 0
3445 144 144 0
3446 144 153 0
3447 144 148 0
3448 144 144 0
3449 144 144 0
3450 144 144 0
3451 144 144 0
3452 144 149 0
3453 144 144 0
3454 144 157 0
3455 144 145 0
3456 144 148 0
3457 144 158 0
3458 144 144 0
3459 144 144 0
3460 145 148 0
3461 145 149 0
3462 145 149 0
3463 145 150 0
3464 145 146 0
3465 145 149 0
3466 145 147 0
3467 145 151 0
3468 145 151 0
3469 145 154 0
3470 145 149 0
3471 145 149 0
3472 145 149 0
3473 145 154 0
3474 145 145 0
3475 145 149 0
3476 145 149 0
3477 145 149 0
3478 145 149 0
3479 145 145 0
3480 145 145 0
3481 145 149 0
3482 145 145 0
3483 145 145 0
3484 145 145 0
3485 145 145 0
3486 145 145 0
3487 145 145 0
3488 145 145 0
3489 145 145 0
3490 145 145 0
3491 145 145 0
3492 145 145 0
3493 145 145 0
3494 145 146 0
3495 145 145 0
3496 145 146 0
3497 145 145 0
3498 145 145 0
3499 145 150 0
3500 145 145 0
3501 145 145 0
3502 145 145 0
3503 145 145 0
3504 145 145 0
3505 145 148 0
3506 145 145 0
3507 145 145 0
3508 145 149 0
3509 145 146 0
3510 145 145 0
3511 146 154 0
3512 146 150 0
3513 146 150 0
3514 146 150 0
3515 146 150 0
3516 146 150 0
3517 146 155 0
3518 146 147 0
3519 146 150 0
3520 146 147 0
3521 146 150 0
3522 146 147 0
3523 146 146 0
3524 146 150 0
3525 146 146 0
3526 146 146 0
3527 146 146 0
3528 146 146 0
3529 146 146 0
3530 146 155 0
3531 146 149 0
3532 146 146 0
3533 146 146 0
3534 146 146 0
3535 146 146 0
3536 146 146 0
3537 146 150 0
3538 146 148 0
3539 146 147 0
3540 146 146 0
3541 146 149 0
3542 146 146 0
3543 146 146 0
3544 146 146 0
3545 146 146 0
3546 146 146 0
3547 146 146 0
3548 146 150 0
3549 146 146 0
3550 146 149 0
3551 146 146 0
3552 146 146 0
3553 146 146 0
3554 146 150 0
3555 146 150 0
3556 146 146 0
3557 146 151 0
3558 146 150 0
3559 146 146 0
3560 146 146 0
3561 146 146 0
3562 146 146 0
3563 146 146 0
3564 146 146 0
3565 146 146 0
3566 146 150 0
3567 146 146 0
3568 146 150 0
3569 147 149 0
3570 147 154 0
3571 147 150 0
3572 147 151 0
3573 147 151 0
3574 147 161 0
3575 147 156 0
3576 147 164 0
3577 147 156 0
3578 147 151 0
3579 147 151 0
3580 147 158 0
3581 147 156 0
3582 147 156 0
3583 147 152 0
3584 147 148 0
3585 147 151 0
3586 147 152 0
3587 147 151 0
3588 147 147 0
3589 147 151 0
3590 147 147 0
3591 147 147 0
3592 147 147 0
3593 147 147 0
3594 147 157 0
3595 147 147 0
3596 147 149 0
3597 147 147 0
3598 147 147 0
3599 147 148 0
3600 147 151 0
3601 147 147 0
3602 147 147 0
3603 147 149 0
3604 147 147 0
3605 147 147 0
3606 147 148 0
3607 147 147 0
3608 147 152 0
3609 147 149 0
3610 147 147 0
3611 147 147 0
3612 147 147 0
3613 147 148 0
3614 147 151 0
3615 147 147 0
3616 147 147 0
3617 147 147 0
3618 147 147 0
3619 147 147 0
3620 147 147 0
3621 147 147 0
3622 147 147 0
3623 147 151 0
3624 148 152 0
3625 148 156 0
3626 148 154 0
3627 148 152 0
3628 148 148 0
3629 148 151 0
3630 148 151 0
3631 148 152 0
3632 148 151 0
3633 148 157 0
3634 148 151 0
3635 148 154 0
3636 148 148 0
3637 148 152 0
3638 148 150 0
3639 148 162 0
3640 148 152 0
3641 148 152 0
3642 148 149 0
3643 148 148 0
3644 148 148 0
3645 148 148 0
3646 148 148 0
3647 148 148 0
3648 148 148 0
3649 148 149 0
3650 148 148 0
3651 148 149 0
3652 148 148 0
3653 148 152 0
3654 148 148 0
3655 148 151 0
3656 148 161 0
3657 148 148 0
3658 148 148 0
3659 148 148 0
3660 148 148 0
3661 148 150 0
3662 148 148 0
3663 148 148 0
3664 148 148 0
3665 148 148 0
3666 148 150 0
3667 149 151 0
3668 149 154 0
3669 149 154 0
3670 149 150 0
3671 149 158 0
3672 149 150 0
3673 149 153 0
3674 149 153 0
3675 149 153 0
3676 149 153 0
3677 149 153 0
3678 149 149 0
3679 149 153 0
3680 149 149 0
3681 149 149 0
3682 149 149 0
3683 149 153 0
3684 149 153 0
3685 149 149 0
3686 149 149 0
3687 149 149 0
3688 149 149 0
3689 149 149 0
3690 149 149 0
3691 149 153 0
3692 149 150 0
3693 149 149 0
3694 149 153 0
3695 149 149 0
3696 149 149 0
3697 149 149 0
3698 149 149 0
3699 149 151 0
3700 149 149 0
3701 149 154 0
3702 149 149 0
3703 149 153 0
3704 149 153 0
3705 149 149 0
3706 149 153 0
3707 149 154 0
3708 149 149 0
3709 149 154 0
3710 149 149 0
3711 149 149 0
3712 149 152 0
3713 149 153 0
3714 149 149 0
3715 149 149 0
3716 149 150 0
3717 149 149 0
3718 150 156 0
3719 150 154 0
3720 150 164 0
3721 150 159 0
3722 150 160 0
3723 150 154 0
3724 150 154 0
3725 150 154 0
3726 150 150 0
3727 150 154 0
3728 150 153 0
3729 150 157 0
3730 150 159 0
3731 150 150 0
3732 150 154 0
3733 150 156 0
3734 150 150 0
3735 150 151 3375
3736 150 153 3375
3737 150 159 3550
3738 150 150 3550
3739 150 150 0
3740 150 154 0
3741 150 150 0
3742 150 150 0
3743 150 150 0
3744 150 150 0
3745 150 151 0
3746 150 150 0
3747 150 150 0
3748 150 150 0
3749 150 150 0
3750 150 150 0
3751 150 150 0
3752 150 154 0
3753 150 150 0
3754 150 150 0
3755 150 150 0
3756 150 151 0
3757 150 150 0
3758 150 150 0
3759 150 157 0
3760 150 152 0
3761 150 150 0
3762 150 150 0
3763 150 150 0
3764 150 150 0
3765 150 150 0
3766 150 150 0
3767 150 150 0
3768 150 150 0
3769 150 150 0
3770 150 151 0
3771 150 150 0
3772 150 154 0
3773 150 150 0
3774 150 159 0
3775 150 150 0
3776 150 150 0
3777 150 154 0
3778 150 150 0
3779 150 150 0
3780 150 153 0
3781 151 155 0
3782 151 155 0
3783 151 152 0
3784 151 157 0
3785 151 155 0
3786 151 160 0
3787 151 155 0
3788 151 161 0
3789 151 157 0
3790 151 155 0
3791 151 155 0
3792 151 155 0
3793 151 155 0
3794 151 151 0
3795 151 158 0
3796 151 160 0
3797 151 151 0
3798 151 155 0
3799 151 155 0
3800 151 151 0
3801 151 160 0
3802 151 152 3761
3803 151 151 3761
3804 151 152 0
3805 151 152 0
3806 151 155 0
3807 151 151 0
3808 151 151 0
3809 151 151 0
3810 151 160 0
3811 151 151 0
3812 151 151 0
3813 151 156 0
3814 151 153 0
3815 151 161 0
3816 151 152 0
3817 151 151 0
3818 151 151 0
3819 151 153 0
3820 151 151 0
3821 151 151 0
3822 151 151 0
3823 151 151 0
3824 151 151 0
3825 151 151 0
3826 151 153 0
3827 151 151 0
3828 151 170 0
3829 151 151 0
3830 151 151 0
3831 151 151 0
3832 151 151 0
3833 151 151 0
3834 151 153 0
3835 151 151 0
3836 151 151 0
3837 151 155 0
3838 151 151 0
3839 151 155 0
3840 151 151 0
3841 151 151 0
3842 151 155 0
3843 152 155 0
3844 152 161 0
3845 152 156 0
3846 152 160 0
3847 152 155 0
3848 152 156 0
3849 152 153 0
3850 152 152 0
3851 152 162 0
3852 152 155 0
3853 152 161 0
3854 152 161 0
3855 152 156 0
3856 152 161 0
3857 152 156 0
3858 152 154 0
3859 152 155 0
3860 152 152 0
3861 152 156 0
3862 152 156 0
3863 152 152 0
3864 152 152 0
3865 152 152 0
3866 152 152 0
3867 152 152 0
3868 152 156 0
3869 152 152 0
3870 152 152 0
3871 152 154 0
3872 152 152 0
3873 152 152 0
3874 152 152 0
3875 152 152 0
3876 152 160 0
3877 152 152 0
3878 152 152 0
3879 152 152 0
3880 152 152 0
3881 152 156 0
3882 152 153 0
3883 152 153 0
3884 152 156 0
3885 152 152 0
3886 152 161 0
3887 152 154 0
3888 152 152 0
3889 152 154 0
3890 152 152 0
3891 152 152 0
3892 152 157 0
3893 152 153 0
3894 152 153 0
3895 152 185 0
3896 152 152 0
3897 152 159 0
3898 152 152 0
3899 152 152 0
3900 152 152 0
3901 152 157 0
3902 152 152 0
3903 152 152 0
3904 152 156 0
3905 152 152 0
3906 152 152 0
3907 152 153 0
3908 152 156 0
3909 152 152 0
3910 152 152 0
3911 152 157 0
3912 152 152 0
3913 152 152 0
3914 152 152 0
3915 152 163 0
3916 152 152 0
3917 152 152 0
3918 153 154 0
3919 153 157 0
3920 153 157 0
3921 153 157 0
3922 153 154 0
3923 153 159 0
3924 153 155 0
3925 153 162 0
3926 153 155 0
3927 153 157 0
3928 153 157 0
3929 153 153 0
3930 153 153 0
3931 153 153 3909
3932 153 153 3909
3933 153 153 0
3934 153 153 0
3935 153 153 0
3936 153 157 0
3937 153 153 0
3938 153 153 0
3939 153 153 0
3940 153 157 0
3941 153 153 0
3942 153 153 0
3943 153 157 0
3944 153 158 0
3945 153 153 0
3946 153 153 0
3947 153 153 0
3948 153 153 0
3949 153 153 0
3950 153 153 0
3951 153 153 0
3952 153 162 0
3953 153 157 0
3954 153 167 0
3955 153 153 0
3956 153 157 0
3957 153 153 0
3958 153 154 0
3959 153 153 0
3960 153 153 0
3961 153 157 0
3962 153 153 0
3963 153 158 0
3964 153 154 0
3965 153 153 0
3966 153 153 0
3967 153 153 0
3968 153 153 0
3969 153 154 0
3970 153 153 0
3971 153 155 0
3972 153 153 0
3973 153 153 0
3974 153 153 0
3975 153 153 0
3976 153 153 0
3977 153 157 0
3978 153 153 0
3979 153 157 0
3980 153 153 0
3981 153 153 0
3982 154 159 0
3983 154 158 0
3984 154 158 0
3985 154 158 0
3986 154 156 0
3987 154 157 0
3988 154 154 0
3989 154 154 0
3990 154 159 0
3991 154 155 0
3992 154 162 0
3993 154 158 0
3994 154 163 0
3995 154 157 0
3996 154 158 0
3997 154 158 0
3998 154 154 0
3999 154 158 0
4000 154 158 0
4001 154 155 3736
4002 154 158 3736
4003 154 163 3907
4004 154 163 3907
4005 154 154 0
4006 154 154 0
4007 154 154 0
4008 154 154 0
4009 154 154 0
4010 154 156 0
4011 154 154 0
4012 154 158 0
4013 154 154 0
4014 154 154 0
4015 154 154 0
4016 154 154 0
4017 154 154 0
4018 154 154 0
4019 154 157 0
4020 154 163 0
4021 154 154 0
4022 154 154 0
4023 154 154 0
4024 154 154 0
4025 154 156 0
4026 154 154 0
4027 154 154 0
4028 154 154 0
4029 154 154 0
4030 154 154 0
4031 154 154 0
4032 154 154 0
4033 154 155 0
4034 154 154 0
4035 154 154 0
4036 154 154 0
4037 154 158 0
4038 154 154 0
4039 154 154 0
4040 154 154 0
4041 154 163 0
4042 154 154 0
4043 154 154 0
4044 154 154 0
4045 154 154 0
4046 154 154 0
4047 154 155 0
4048 154 158 0
4049 154 154 0
4050 154 159 0
4051 154 163 0
4052 154 154 0
4053 154 154 0
4054 154 154 0
4055 154 166 0
4056 154 163 0
4057 154 154 0
4058 154 154 0
4059 155 158 0
4060 155 159 0
4061 155 157 0
4062 155 159 0
4063 155 159 0
4064 155 156 0
4065 155 160 0
4066 155 159 0
4067 155 159 0
4068 155 155 0
4069 155 159 0
4070 155 159 0
4071 155 157 0
4072 155 155 4006
4073 155 159 4006
4074 155 159 0
4075 155 155 0
4076 155 155 0
4077 155 164 0
4078 155 155 0
4079 155 159 0
4080 155 155 0
4081 155 155 0
4082 155 159 0
4083 155 155 0
4084 155 155 0
4085 155 155 0
4086 155 155 0
4087 155 164 0
4088 155 155 0
4089 155 156 0
4090 155 159 0
4091 155 157 0
4092 155 155 0
4093 155 155 0
4094 155 155 0
4095 155 155 0
4096 155 159 0
4097 155 156 0
4098 155 164 0
4099 155 157 0
4100 155 159 0
4101 155 157 0
4102 155 155 0
4103 155 156 0
4104 155 160 0
4105 155 158 0
4106 155 155 0
4107 155 155 0
4108 155 156 0
4109 155 155 0
4110 155 155 0
4111 155 156 0
4112 155 155 0
4113 155 155 0
4114 155 159 0
4115 155 155 0
4116 155 155 0
4117 155 155 0
4118 155 155 0
4119 155 155 0
4120 155 160 0
4121 155 158 0
4122 155 155 0
4123 155 156 0
4124 155 159 0
4125 155 157 0
4126 155 159 0
4127 155 159 0
4128 155 156 0
4129 155 155 0
4130 155 155 0
4131 155 155 0
4132 155 156 0
4133 155 158 0
4134 155 155 0
4135 155 155 0
4136 156 163 0
4137 156 160 0
4138 156 157 0
4139 156 165 0
4140 156 159 0
4141 156 160 0
4142 156 160 0
4143 156 158 0
4144 156 156 0
4145 156 156 0
4146 156 164 0
4147 156 160 0
4148 156 160 0
4149 156 161 0
4150 156 160 0
4151 156 156 0
4152 156 163 0
4153 156 156 0
4154 156 156 0
4155 156 156 0
4156 156 156 0
4157 156 160 0
4158 156 156 0
4159 156 161 0
4160 156 156 0
4161 156 160 0
4162 156 156 0
4163 156 156 0
4164 156 161 0
4165 156 156 0
4166 156 156 0
4167 156 160 0
4168 156 157 0
4169 156 156 0
4170 156 156 0
4171 156 160 0
4172 156 156 0
4173 156 161 0
4174 156 156 0
4175 156 156 0
4176 156 156 0
4177 156 156 0
4178 156 156 0
4179 156 156 0
4180 156 160 0
4181 156 156 0
4182 156 157 0
4183 156 156 0
4184 156 156 0
4185 156 157 0
4186 156 156 0
4187 156 156 0
4188 156 156 0
4189 156 160 0
4190 156 156 0
4191 156 156 0
4192 156 156 0
4193 156 160 0
4194 156 156 0
4195 156 156 0
4196 156 157 0
4197 156 156 0
4198 156 156 0
4199 156 157 0
4200 156 156 0
4201 156 156 0
4202 156 176 0
4203 156 156 0
4204 156 156 0
4205 156 156 0
4206 156 160 0
4207 156 156 0
4208 156 156 0
4209 156 156 0
4210 156 156 0
4211 156 158 0
4212 156 156 0
4213 156 156 0
4214 156 156 0
4215 156 160 0
4216 156 156 0
4217 156 156 0
4218 156 158 0
4219 156 156 0
4220 156 158 0
4221 156 156 0
4222 156 156 0
4223 157 167 0
4224 157 161 0
4225 157 161 0
4226 157 161 0
4227 157 157 0
4228 157 159 0
4229 157 161 0
4230 157 169 0
4231 157 161 0
4232 157 162 0
4233 157 160 0
4234 157 162 0
4235 157 157 0
4236 157 159 0
4237 157 166 0
4238 157 157 0
4239 157 157 0
4240 157 157 0
4241 157 157 0
4242 157 157 0
4243 157 157 0
4244 157 159 0
4245 157 157 0
4246 157 157 0
4247 157 157 0
4248 157 157 0
4249 157 157 0
4250 157 157 0
4251 157 157 0
4252 157 158 0
4253 157 161 0
4254 157 157 0
4255 157 157 0
4256 157 161 0
4257 157 157 0
4258 157 157 0
4259 157 171 0
4260 157 157 0
4261 157 157 0
4262 157 157 0
4263 157 157 0
4264 157 157 0
4265 157 163 0
4266 157 157 0
4267 157 157 0
4268 157 157 0
4269 157 157 0
4270 157 157 0
4271 157 157 0
4272 157 161 0
4273 157 157 0
4274 157 157 0
4275 157 158 0
4276 157 160 0
4277 157 157 0
4278 157 157 0
4279 157 160 0
4280 157 157 0
4281 157 157 0
4282 157 158 0
4283 157 157 0
4284 157 166 0
4285 157 158 0
4286 157 157 0
4287 157 157 0
4288 157 157 0
4289 157 157 0
4290 157 157 0
4291 157 158 0
4292 157 157 0
4293 157 157 0
4294 157 157 0
4295 157 158 0
4296 157 158 0
4297 157 157 0
4298 157 157 0
4299 157 161 0
4300 157 161 0
4301 157 157 0
4302 157 157 0
4303 157 157 0
4304 157 162 0
4305 157 158 0
4306 157 157 0
4307 157 157 0
4308 157 157 0
4309 157 157 0
4310 158 159 0
4311 158 160 0
4312 158 162 0
4313 158 167 0
4314 158 167 0
4315 158 162 0
4316 158 163 0
4317 158 161 0
4318 158 161 0
4319 158 158 0
4320 158 162 0
4321 158 158 0
4322 158 158 0
4323 158 158 0
4324 158 158 0
4325 158 161 0
4326 158 159 0
4327 158 158 0
4328 158 158 0
4329 158 158 0
4330 158 162 0
4331 158 158 0
4332 158 160 0
4333 158 158 0
4334 158 162 0
4335 158 158 0
4336 158 158 0
4337 158 158 0
4338 158 162 0
4339 158 159 0
4340 158 159 0
4341 158 158 0
4342 158 161 0
4343 158 158 0
4344 158 158 0
4345 158 160 0
4346 158 162 0
4347 158 158 0
4348 158 162 0
4349 158 162 0
4350 158 158 0
4351 158 158 0
4352 158 159 0
4353 158 159 0
4354 158 158 0
4355 158 172 0
4356 158 170 0
4357 158 159 0
4358 158 158 0
4359 158 158 0
4360 158 158 0
4361 158 162 0
4362 158 174 0
4363 158 159 0
4364 158 158 0
4365 158 158 0
4366 158 158 0
4367 158 158 0
4368 158 159 0
4369 158 163 0
4370 158 158 0
4371 158 159 0
4372 158 162 0
4373 158 162 0
4374 158 158 0
4375 158 158 0
4376 158 158 0
4377 158 158 0
4378 158 159 0
4379 158 158 0
4380 158 158 0
4381 158 167 0
4382 158 158 0
4383 158 160 0
4384 158 158 0
4385 158 160 0
4386 158 158 0
4387 158 158 0
4388 158 158 0
4389 158 158 0
4390 158 158 0
4391 158 158 0
4392 158 158 0
4393 158 158 0
4394 158 158 0
4395 158 158 0
4396 158 158 0
4397 158 158 0
4398 158 175 0
4399 158 165 0
4400 158 164 0
4401 158 158 0
4402 158 162 0
4403 158 160 0
4404 158 158 0
4405 158 162 0
4406 158 158 0
4407 158 158 0
4408 158 158 0
4409 158 162 0
4410 159 162 0
4411 159 163 0
4412 159 168 0
4413 159 178 0
4414 159 160 0
4415 159 163 0
4416 159 161 0
4417 159 159 0
4418 159 163 0
4419 159 163 0
4420 159 163 0
4421 159 173 0
4422 159 162 0
4423 159 161 0
4424 159 163 4105
4425 159 159 4105
4426 159 169 4211
4427 159 159 4211
4428 159 159 0
4429 159 159 0
4430 159 162 0
4431 159 159 0
4432 159 159 0
4433 159 163 0
4434 159 160 0
4435 159 159 0
4436 159 159 0
4437 159 159 0
4438 159 159 0
4439 159 159 0
4440 159 159 0
4441 159 159 0
4442 159 159 0
4443 159 159 0
4444 159 159 0
4445 159 165 0
4446 159 163 0
4447 159 159 0
4448 159 161 0
4449 159 159 0
4450 159 163 0
4451 159 159 0
4452 159 159 0
4453 159 161 0
4454 159 159 0
4455 159 159 0
4456 159 168 0
4457 159 159 0
4458 159 159 0
4459 159 159 0
4460 159 159 0
4461 159 163 0
4462 159 159 0
4463 159 159 0
4464 159 159 0
4465 159 159 0
4466 159 159 0
4467 159 164 0
4468 159 159 0
4469 159 159 0
4470 159 164 0
4471 159 164 0
4472 159 159 0
4473 159 159 0
4474 159 159 0
4475 159 161 0
4476 159 161 0
4477 159 164 0
4478 159 159 0
4479 159 159 0
4480 159 160 0
4481 159 159 0
4482 159 163 0
4483 159 159 0
4484 159 164 0
4485 159 159 0
4486 159 161 0
4487 159 163 0
4488 159 159 0
4489 159 163 0
4490 159 159 0
4491 159 160 0
4492 159 162 0
4493 159 159 0
4494 159 159 0
4495 159 159 0
4496 159 159 0
4497 159 168 0
4498 159 160 0
4499 159 159 0
4500 159 159 0
4501 159 159 0
4502 159 163 0
4503 159 168 0
4504 159 160 0
4505 159 162 0
4506 159 160 0
4507 160 161 0
4508 160 164 0
4509 160 163 0
4510 160 164 0
4511 160 174 0
4512 160 165 0
4513 160 164 0
4514 160 160 0
4515 160 164 0
4516 160 161 0
4517 160 166 0
4518 160 162 0
4519 160 173 0
4520 160 163 0
4521 160 169 0
4522 160 164 0
4523 160 164 0
4524 160 162 0
4525 160 162 0
4526 160 160 0
4527 160 162 0
4528 160 160 0
4529 160 165 0
4530 160 164 0
4531 160 160 0
4532 160 161 0
4533 160 160 0
4534 160 170 0
4535 160 160 0
4536 160 160 0
4537 160 160 0
4538 160 162 0
4539 160 162 0
4540 160 160 0
4541 160 160 0
4542 160 160 0
4543 160 160 0
4544 160 174 0
4545 160 177 0
4546 160 164 0
4547 160 170 0
4548 160 160 0
4549 160 160 0
4550 160 169 0
4551 160 160 0
4552 160 161 0
4553 160 160 0
4554 160 166 0
4555 160 160 0
4556 160 160 0
4557 160 160 0
4558 160 160 0
4559 160 160 0
4560 160 160 0
4561 160 160 0
4562 160 161 0
4563 160 160 0
4564 160 169 0
4565 160 162 0
4566 160 164 0
4567 160 164 0
4568 160 160 0
4569 160 161 0
4570 160 160 0
4571 160 166 0
4572 160 160 0
4573 160 160 0
4574 160 160 0
4575 160 160 0
4576 160 164 0
4577 160 160 0
4578 160 160 0
4579 160 160 0
4580 160 160 0
4581 160 160 0
4582 160 160 0
4583 160 160 0
4584 160 164 0
4585 160 179 0
4586 160 160 0
4587 160 160 0
4588 160 160 0
4589 160 169 0
4590 160 160 0
4591 160 160 0
4592 160 160 0
4593 160 164 0
4594 160 161 0
4595 160 164 0
4596 160 160 0
4597 160 163 0
4598 160 160 0
4599 160 160 0
4600 160 160 0
4601 160 162 0
4602 160 160 0
4603 160 163 0
4604 161 165 0
4605 161 167 0
4606 161 171 0
4607 161 167 0
4608 161 162 0
4609 161 164 0
4610 161 161 0
4611 161 161 0
4612 161 167 0
4613 161 162 0
4614 161 170 0
4615 161 170 0
4616 161 170 0
4617 161 165 0
4618 161 164 0
4619 161 161 4157
4620 161 167 4157
4621 161 161 4383
4622 161 161 4383
4623 161 180 0
4624 161 161 0
4625 161 164 0
4626 161 161 0
4627 161 161 0
4628 161 161 0
4629 161 161 0
4630 161 161 0
4631 161 163 0
4632 161 161 0
4633 161 164 0
4634 161 162 0
4635 161 161 0
4636 161 161 0
4637 161 161 0
4638 161 161 0
4639 161 162 0
4640 161 161 0
4641 161 161 0
4642 161 170 0
4643 161 161 0
4644 161 161 0
4645 161 161 0
4646 161 161 0
4647 161 161 0
4648 161 161 0
4649 161 161 0
4650 161 161 0
4651 161 161 0
4652 161 161 0
4653 161 161 0
4654 161 161 0
4655 161 162 0
4656 161 172 0
4657 161 161 0
4658 161 162 0
4659 161 164 0
4660 161 161 0
4661 161 161 0
4662 161 161 0
4663 161 163 0
4664 161 161 0
4665 161 161 0
4666 161 161 0
4667 161 161 0
4668 161 161 0
4669 161 161 0
4670 161 161 0
4671 161 161 0
4672 161 162 0
4673 161 166 0
4674 161 161 0
4675 161 161 0
4676 161 161 0
4677 161 161 0
4678 161 162 0
4679 161 162 0
4680 161 163 0
4681 161 161 0
4682 161 161 0
4683 161 165 0
4684 161 175 0
4685 161 161 0
4686 161 165 0
4687 161 164 0
4688 161 161 0
4689 161 167 0
4690 161 165 0
4691 161 165 0
4692 161 163 0
4693 161 161 0
4694 161 168 0
4695 161 161 0
4696 161 161 0
4697 161 167 0
4698 161 162 0
4699 161 170 0
4700 162 171 0
4701 162 164 0
4702 162 164 0
4703 162 162 0
4704 162 169 0
4705 162 165 0
4706 162 166 0
4707 162 163 0
4708 162 166 0
4709 162 170 0
4710 162 167 0
4711 162 162 0
4712 162 186 0
4713 162 184 0
4714 162 166 0
4715 162 166 0
4716 162 165 0
4717 162 176 0
4718 162 165 0
4719 162 174 0
4720 162 166 0
4721 162 162 0
4722 162 162 0
4723 162 162 0
4724 162 166 0
4725 162 165 0
4726 162 162 0
4727 162 162 0
4728 162 171 0
4729 162 162 0
4730 162 163 0
4731 162 162 0
4732 162 166 0
4733 162 162 0
4734 162 162 0
4735 162 166 0
4736 162 179 0
4737 162 162 0
4738 162 162 0
4739 162 162 0
4740 162 162 0
4741 162 162 0
4742 162 163 0
4743 162 165 0
4744 162 163 0
4745 162 166 0
4746 162 162 0
4747 162 168 0
4748 162 162 0
4749 162 166 0
4750 162 162 0
4751 162 164 0
4752 162 167 0
4753 162 169 0
4754 162 162 0
4755 162 162 0
4756 162 162 0
4757 162 163 0
4758 162 162 0
4759 162 162 0
4760 162 162 0
4761 162 162 0
4762 162 162 0
4763 162 164 0
4764 162 162 0
4765 162 171 0
4766 162 162 0
4767 162 163 0
4768 162 162 0
4769 162 162 0
4770 162 171 0
4771 162 163 0
4772 162 162 0
4773 162 177 0
4774 162 164 0
4775 162 162 0
4776 162 162 0
4777 162 162 0
4778 162 162 0
4779 162 162 0
4780 162 162 0
4781 162 163 0
4782 162 167 0
4783 162 163 0
4784 162 164 0
4785 162 162 0
4786 162 165 0
4787 162 162 0
4788 162 162 0
4789 162 168 0
4790 162 167 0
4791 162 166 0
4792 162 166 0
4793 162 163 0
4794 162 162 0
4795 162 166 0
4796 162 167 0
4797 162 166 0
4798 162 162 0
4799 162 163 0
4800 162 162 0
4801 162 162 0
4802 162 166 0
4803 162 176 0
4804 162 166 0
4805 162 162 0
4806 162 162 0
4807 162 169 0
4808 163 172 0
4809 163 167 0
4810 163 177 0
4811 163 164 0
4812 163 163 0
4813 163 167 0
4814 163 167 0
4815 163 172 0
4816 163 172 0
4817 163 167 0
4818 163 167 0
4819 163 167 0
4820 163 172 0
4821 163 171 0
4822 163 167 0
4823 163 167 0
4824 163 167 0
4825 163 163 4430
4826 163 163 4430
4827 163 167 4679
4828 163 163 4679
4829 163 166 0
4830 163 163 0
4831 163 164 4698
4832 163 167 4698
4833 163 163 0
4834 163 165 0
4835 163 163 0
4836 163 163 0
4837 163 167 0
4838 163 163 0
4839 163 163 0
4840 163 169 0
4841 163 170 0
4842 163 167 0
4843 163 163 0
4844 163 163 0
4845 163 163 0
4846 163 167 0
4847 163 163 0
4848 163 163 0
4849 163 164 0
4850 163 166 0
4851 163 163 0
4852 163 163 0
4853 163 163 0
4854 163 164 0
4855 163 172 0
4856 163 167 0
4857 163 163 0
4858 163 163 0
4859 163 163 0
4860 163 163 0
4861 163 163 0
4862 163 166 0
4863 163 167 0
4864 163 165 0
4865 163 163 0
4866 163 163 0
4867 163 172 0
4868 163 168 0
4869 163 163 0
4870 163 163 0
4871 163 187 0
4872 163 163 0
4873 163 166 0
4874 163 165 0
4875 163 163 0
4876 163 164 0
4877 163 163 0
4878 163 163 0
4879 163 163 0
4880 163 163 0
4881 163 163 0
4882 163 163 0
4883 163 167 0
4884 163 163 0
4885 163 163 0
4886 163 163 0
4887 163 168 0
4888 163 163 0
4889 163 163 0
4890 163 163 0
4891 163 165 0
4892 163 163 0
4893 163 163 0
4894 163 163 0
4895 163 163 0
4896 163 163 0
4897 163 167 0
4898 163 164 0
4899 163 163 0
4900 163 163 0
4901 163 167 0
4902 163 163 0
4903 163 163 0
4904 163 163 0
4905 163 163 0
4906 163 164 0
4907 163 163 0
4908 163 163 0
4909 163 163 0
4910 163 166 0
4911 163 164 0
4912 163 164 0
4913 163 167 0
4914 163 163 0
4915 163 163 0
4916 163 163 0
4917 163 163 0
4918 163 163 0
4919 163 165 0
4920 163 166 0
4921 163 167 0
4922 163 165 0
4923 163 164 0
4924 163 167 0
4925 163 172 0
4926 163 163 0
4927 163 165 0
4928 163 163 0
4929 163 183 0
4930 163 167 0
4931 164 166 0
4932 164 168 0
4933 164 173 0
4934 164 178 0
4935 164 168 0
4936 164 166 0
4937 164 178 0
4938 164 167 0
4939 164 164 0
4940 164 169 0
4941 164 166 0
4942 164 168 0
4943 164 168 0
4944 164 169 0
4945 164 165 0
4946 164 183 0
4947 164 168 0
4948 164 168 0
4949 164 164 4663
4950 164 164 4663
4951 164 164 4799
4952 164 175 4799
4953 164 168 0
4954 164 168 0
4955 164 164 0
4956 164 164 0
4957 164 168 0
4958 164 165 0
4959 164 164 0
4960 164 164 0
4961 164 168 0
4962 164 164 0
4963 164 164 0
4964 164 169 0
4965 164 164 0
4966 164 164 0
4967 164 164 0
4968 164 168 0
4969 164 164 0
4970 164 164 0
4971 164 165 0
4972 164 164 0
4973 164 166 0
4974 164 164 0
4975 164 164 0
4976 164 164 0
4977 164 164 0
4978 164 164 0
4979 164 164 0
4980 164 164 0
4981 164 168 0
4982 164 167 0
4983 164 164 0
4984 164 164 0
4985 164 164 0
4986 164 188 0
4987 164 164 0
4988 164 164 0
4989 164 164 0
4990 164 165 0
4991 164 164 0
4992 164 164 0
4993 164 173 0
4994 164 164 0
4995 164 164 0
4996 164 164 0
4997 164 164 0
4998 164 164 0
4999 164 165 0
5000 164 164 0
5001 164 164 0
5002 164 164 0
5003 164 165 0
5004 164 164 0
5005 164 164 0
5006 164 164 0
5007 164 164 0
5008 164 164 0
5009 164 164 0
5010 164 164 0
5011 164 168 0
5012 164 164 0
5013 164 164 0
5014 164 164 0
5015 164 165 0
5016 164 170 0
5017 164 164 0
5018 164 167 0
5019 164 173 0
5020 164 164 0
5021 164 164 0
5022 164 164 0
5023 164 164 0
5024 164 164 0
5025 164 164 0
5026 164 165 0
5027 164 164 0
5028 164 164 0
5029 164 174 0
5030 164 169 0
5031 164 164 0
5032 164 164 0
5033 164 168 0
5034 164 164 0
5035 164 165 0
5036 164 165 0
5037 164 164 0
5038 164 164 0
5039 164 164 0
5040 164 168 0
5041 164 164 0
5042 164 164 0
5043 164 164 0
5044 164 170 0
5045 165 165 0
5046 165 165 0
5047 165 165 0
5048 165 169 0
5049 165 174 0
5050 165 169 0
5051 165 179 0
5052 165 169 0
5053 165 179 0
5054 165 167 0
5055 165 166 0
5056 165 166 0
5057 165 168 0
5058 165 179 0
5059 165 167 0
5060 165 165 0
5061 165 168 0
5062 165 169 0
5063 165 166 0
5064 165 166 0
5065 165 169 0
5066 165 165 0
5067 165 165 0
5068 165 165 0
5069 165 165 0
5070 165 165 0
5071 165 165 0
5072 165 166 0
5073 165 165 0
5074 165 165 0
5075 165 165 0
5076 165 165 0
5077 165 165 0
5078 165 166 0
5079 165 165 0
5080 165 165 0
5081 165 179 0
5082 165 170 0
5083 165 166 0
5084 165 184 0
5085 165 166 0
5086 165 165 0
5087 165 169 0
5088 165 165 0
5089 165 165 0
5090 165 165 0
5091 165 165 0
5092 165 165 0
5093 165 167 0
5094 165 165 0
5095 165 165 0
5096 165 165 0
5097 165 165 0
5098 165 169 0
5099 165 173 0
5100 165 165 0
5101 165 165 0
5102 165 165 0
5103 165 165 0
5104 165 166 0
5105 165 169 0
5106 165 167 0
5107 165 165 0
5108 165 166 0
5109 165 166 0
5110 165 166 0
5111 165 165 0
5112 165 168 0
5113 165 166 0
5114 165 167 0
5115 165 165 0
5116 165 167 0
5117 165 166 0
5118 165 165 0
5119 165 165 0
5120 165 168 0
5121 165 168 0
5122 165 165 0
5123 165 165 0
5124 165 166 0
5125 165 165 0
5126 165 166 0
5127 165 165 0
5128 165 165 0
5129 165 165 0
5130 165 165 0
5131 165 166 0
5132 165 165 0
5133 165 165 0
5134 165 170 0
5135 165 165 0
5136 165 174 0
5137 165 165 0
5138 165 165 0
5139 165 178 0
5140 165 165 0
5141 165 170 0
5142 165 169 0
5143 165 169 0
5144 165 171 0
5145 165 165 0
5146 165 165 0
5147 165 166 0
5148 165 165 0
5149 165 165 0
5150 165 166 0
5151 165 165 0
5152 165 165 0
5153 165 167 0
5154 165 165 0
5155 165 169 0
5156 165 165 0
5157 165 174 0
5158 165 167 0
5159 165 165 0
5160 166 166 0
5161 166 180 0
5162 166 175 0
5163 166 171 0
5164 166 169 0
5165 166 181 0
5166 166 166 0
5167 166 168 0
5168 166 166 0
5169 166 166 0
5170 166 166 0
5171 166 189 0
5172 166 170 0
5173 166 171 0
5174 166 174 0
5175 166 170 0
5176 166 166 0
5177 166 176 0
5178 166 166 0
5179 166 166 0
5180 166 170 0
5181 166 166 0
5182 166 166 0
5183 166 166 0
5184 166 166 0
5185 166 166 0
5186 166 166 0
5187 166 166 0
5188 166 166 0
5189 166 166 0
5190 166 166 0
5191 166 174 0
5192 166 166 0
5193 166 166 0
5194 166 166 0
5195 166 166 0
5196 166 166 0
5197 166 170 0
5198 166 166 0
5199 166 170 0
5200 166 172 0
5201 166 166 0
5202 166 166 0
5203 166 169 0
5204 166 166 0
5205 166 166 0
5206 166 166 0
5207 166 171 0
5208 166 166 0
5209 166 170 0
5210 166 170 0
5211 166 166 0
5212 166 167 0
5213 166 166 0
5214 166 166 0
5215 166 170 0
5216 166 166 0
5217 166 166 0
5218 166 166 0
5219 166 168 0
5220 166 170 0
5221 166 166 0
5222 166 170 0
5223 166 166 0
5224 166 166 0
5225 166 166 0
5226 166 179 0
5227 166 166 0
5228 166 166 0
5229 166 166 0
5230 166 166 0
5231 166 166 0
5232 166 168 0
5233 166 170 0
5234 166 170 0
5235 166 166 0
5236 166 166 0
5237 166 169 0
5238 166 166 0
5239 166 166 0
5240 166 170 0
5241 166 166 0
5242 166 167 0
5243 166 166 0
5244 166 166 0
5245 166 166 0
5246 166 166 0
5247 166 166 0
5248 166 166 0
5249 166 168 0
5250 166 166 0
5251 166 166 0
5252 166 166 0
5253 166 166 0
5254 167 169 0
5255 167 171 0
5256 167 171 0
5257 167 171 0
5258 167 171 0
5259 167 167 0
5260 167 171 0
5261 167 174 0
5262 167 169 0
5263 167 171 0
5264 167 170 0
5265 167 171 0
5266 167 168 0
5267 167 169 0
5268 167 169 5124
5269 167 171 5124
5270 167 181 4920
5271 167 167 4920
5272 167 171 4055
5273 167 171 4055
5274 167 167 0
5275 167 167 0
5276 167 180 0
5277 167 167 0
5278 167 167 0
5279 167 167 0
5280 167 167 0
5281 167 167 0
5282 167 167 0
5283 167 167 0
5284 167 172 0
5285 167 167 0
5286 167 171 0
5287 167 167 0
5288 167 167 0
5289 167 170 0
5290 167 167 0
5291 167 167 0
5292 167 167 0
5293 167 167 0
5294 167 177 0
5295 167 169 0
5296 167 168 0
5297 167 167 0
5298 167 167 0
5299 167 168 0
5300 167 167 0
5301 167 170 0
5302 167 170 0
5303 167 171 0
5304 167 167 0
5305 167 167 0
5306 167 171 0
5307 167 171 0
5308 167 167 0
5309 167 167 0
5310 167 170 0
5311 167 171 0
5312 167 167 0
5313 167 167 0
5314 167 167 0
5315 167 171 0
5316 167 167 0
5317 167 169 0
5318 167 171 0
5319 167 171 0
5320 167 167 0
5321 167 170 0
5322 167 167 0
5323 167 169 0
5324 167 167 0
5325 167 167 0
5326 167 167 0
5327 167 168 0
5328 167 167 0
5329 167 176 0
5330 167 167 0
5331 167 170 0
5332 167 167 0
5333 167 167 0
5334 167 167 0
5335 167 167 0
5336 167 171 0
5337 167 169 0
5338 167 181 0
5339 167 170 0
5340 167 167 0
5341 167 168 0
5342 167 167 0
5343 167 167 0
5344 167 169 0
5345 167 167 0
5346 167 167 0
5347 167 167 0
5348 167 175 0
5349 167 180 0
5350 167 171 0
5351 167 167 0
5352 167 171 0
5353 167 167 0
5354 167 171 0
5355 167 167 0
5356 167 167 0
5357 167 167 0
5358 167 167 0
5359 167 168 0
5360 167 182 0
5361 167 167 0
5362 167 167 0
5363 167 173 0
5364 167 167 0
5365 167 167 0
5366 167 171 0
5367 167 167 0
5368 167 171 0
5369 167 167 0
5370 167 171 0
5371 167 168 0
5372 167 171 0
5373 167 167 0
5374 167 167 0
5375 167 168 0
5376 167 167 0
5377 167 168 0
5378 168 169 0
5379 168 177 0
5380 168 172 0
5381 168 172 0
5382 168 182 0
5383 168 182 0
5384 168 177 0
5385 168 172 0
5386 168 172 0
5387 168 169 0
5388 168 177 0
5389 168 172 0
5390 168 172 0
5391 168 175 0
5392 168 171 0
5393 168 180 0
5394 168 172 0
5395 168 169 0
5396 168 172 0
5397 168 176 0
5398 168 168 0
5399 168 172 0
5400 168 168 0
5401 168 168 0
5402 168 189 0
5403 168 168 4689
5404 168 172 4689
5405 168 168 0
5406 168 168 0
5407 168 168 0
5408 168 168 0
5409 168 168 0
5410 168 172 0
5411 168 169 0
5412 168 182 0
5413 168 168 0
5414 168 168 0
5415 168 168 0
5416 168 168 0
5417 168 168 0
5418 168 168 0
5419 168 168 0
5420 168 172 0
5421 168 168 0
5422 168 168 0
5423 168 169 0
5424 168 168 0
5425 168 171 0
5426 168 168 0
5427 168 171 0
5428 168 168 0
5429 168 169 0
5430 168 171 0
5431 168 168 0
5432 168 172 0
5433 168 170 0
5434 168 168 0
5435 168 174 0
5436 168 168 0
5437 168 168 0
5438 168 168 0
5439 168 168 0
5440 168 168 0
5441 168 169 0
5442 168 168 0
5443 168 168 0
5444 168 168 0
5445 168 168 0
5446 168 168 0
5447 168 169 0
5448 168 182 0
5449 168 168 0
5450 168 168 0
5451 168 171 0
5452 168 168 0
5453 168 169 0
5454 168 169 0
5455 168 168 0
5456 168 168 0
5457 168 168 0
5458 168 169 0
5459 168 168 0
5460 168 168 0
5461 168 172 0
5462 168 168 0
5463 168 168 0
5464 168 168 0
5465 168 168 0
5466 168 168 0
5467 168 172 0
5468 168 168 0
5469 168 168 0
5470 168 168 0
5471 168 168 0
5472 168 182 0
5473 168 171 0
5474 168 168 0
5475 169 173 0
5476 169 170 0
5477 169 173 0
5478 169 173 0
5479 169 172 0
5480 169 173 0
5481 169 169 0
5482 169 178 0
5483 169 178 0
5484 169 176 0
5485 169 170 0
5486 169 169 0
5487 169 171 0
5488 169 178 0
5489 169 173 0
5490 169 169 0
5491 169 188 0
5492 169 169 0
5493 169 178 0
5494 169 169 5112
5495 169 174 5112
5496 169 173 5011
5497 169 169 5011
5498 169 179 0
5499 169 169 0
5500 169 169 0
5501 169 172 0
5502 169 169 0
5503 169 169 0
5504 169 169 0
5505 169 173 0
5506 169 169 0
5507 169 171 0
5508 169 182 0
5509 169 169 0
5510 169 169 0
5511 169 169 0
5512 169 170 0
5513 169 169 0
5514 169 169 0
5515 169 169 0
5516 169 169 0
5517 169 169 0
5518 169 169 0
5519 169 171 0
5520 169 169 0
5521 169 170 0
5522 169 169 0
5523 169 169 0
5524 169 169 0
5525 169 169 0
5526 169 169 0
5527 169 169 0
5528 169 169 0
5529 169 169 0
5530 169 169 0
5531 169 169 0
5532 169 169 0
5533 169 169 0
5534 169 169 0
5535 169 169 0
5536 169 169 0
5537 169 169 0
5538 169 169 0
5539 169 169 0
5540 169 169 0
5541 169 169 0
5542 169 169 0
5543 169 169 0
5544 169 169 0
5545 169 169 0
5546 169 170 0
5547 169 169 0
5548 169 169 0
5549 169 169 0
5550 169 169 0
5551 169 169 0
5552 169 169 0
5553 169 169 0
5554 169 169 0
5555 169 169 0
5556 169 189 0
5557 169 169 0
5558 169 169 0
5559 169 169 0
5560 169 170 0
5561 169 169 0
5562 169 171 0
5563 169 170 0
5564 169 170 0
5565 169 178 0
5566 169 169 0
5567 169 169 0
5568 169 171 0
5569 169 171 0
5570 169 169 0
5571 169 169 0
5572 169 179 0
5573 169 169 0
5574 169 169 0
5575 169 169 0
5576 169 169 0
5577 169 177 0
5578 169 169 0
5579 169 169 0
5580 169 169 0
5581 169 169 0
5582 169 169 0
5583 169 169 0
5584 169 169 0
5585 170 174 0
5586 170 177 0
5587 170 179 0
5588 170 170 0
5589 170 174 0
5590 170 174 0
5591 170 174 0
5592 170 175 0
5593 170 172 0
5594 170 189 0
5595 170 173 0
5596 170 174 0
5597 170 171 0
5598 170 170 0
5599 170 189 0
5600 170 178 0
5601 170 174 0
5602 170 189 0
5603 170 170 5514
5604 170 170 5514
5605 170 170 5528
5606 170 174 5528
5607 170 171 0
5608 170 170 0
5609 170 179 5323
5610 170 170 5323
5611 170 171 0
5612 170 170 0
5613 170 170 0
5614 170 170 0
5615 170 170 0
5616 170 170 0
5617 170 170 0
5618 170 170 0
5619 170 170 0
5620 170 170 0
5621 170 171 0
5622 170 171 0
5623 170 170 0
5624 170 179 0
5625 170 170 0
5626 170 170 0
5627 170 174 0
5628 170 170 0
5629 170 170 0
5630 170 170 0
5631 170 170 0
5632 170 170 0
5633 170 180 0
5634 170 189 0
5635 170 171 0
5636 170 171 0
5637 170 170 0
5638 170 170 0
5639 170 170 0
5640 170 170 0
5641 170 184 0
5642 170 179 0
5643 170 170 0
5644 170 170 0
5645 170 170 0
5646 170 170 0
5647 170 170 0
5648 170 173 0
5649 170 170 0
5650 170 172 0
5651 170 170 0
5652 170 170 0
5653 170 171 0
5654 170 170 0
5655 170 177 0
5656 170 170 0
5657 170 178 0
5658 170 170 0
5659 170 170 0
5660 170 170 0
5661 170 179 0
5662 170 170 0
5663 170 171 0
5664 170 170 0
5665 170 170 0
5666 170 170 0
5667 170 170 0
5668 170 179 0
5669 170 171 0
5670 170 176 0
5671 170 171 0
5672 170 170 0
5673 170 170 0
5674 170 170 0
5675 170 170 0
5676 170 172 0
5677 170 176 0
5678 170 170 0
5679 170 170 0
5680 170 171 0
5681 170 174 0
5682 170 179 0
5683 170 175 0
5684 170 174 0
5685 170 170 0
5686 170 171 0
5687 170 170 0
5688 170 176 0
5689 170 170 0
5690 170 171 0
5691 170 175 0
5692 170 170 0
5693 170 170 0
5694 170 170 0
5695 170 170 0
5696 170 170 0
5697 170 174 0
5698 170 170 0
5699 170 170 0
5700 170 174 0
5701 170 170 0
5702 171 175 0
5703 171 178 0
5704 171 171 0
5705 171 172 0
5706 171 175 0
5707 171 172 0
5708 171 175 0
5709 171 172 0
5710 171 175 0
5711 171 185 0
5712 171 175 0
5713 171 175 0
5714 171 177 0
5715 171 171 5620
5716 171 179 5620
5717 171 173 5645
5718 171 173 5645
5719 171 171 0
5720 171 182 0
5721 171 171 5433
5722 171 174 5433
5723 171 172 0
5724 171 175 0
5725 171 171 5339
5726 171 175 5339
5727 171 171 0
5728 171 172 0
5729 171 173 0
5730 171 171 0
5731 171 171 0
5732 171 171 0
5733 171 175 0
5734 171 176 0
5735 171 172 0
5736 171 172 0
5737 171 180 0
5738 171 180 0
5739 171 185 0
5740 171 171 0
5741 171 175 0
5742 171 185 0
5743 171 171 0
5744 171 171 0
5745 171 171 0
5746 171 176 0
5747 171 171 0
5748 171 171 0
5749 171 171 0
5750 171 171 0
5751 171 173 0
5752 171 175 0
5753 171 171 0
5754 171 171 0
5755 171 171 0
5756 171 181 0
5757 171 175 0
5758 171 173 0
5759 171 172 0
5760 171 171 0
5761 171 173 0
5762 171 171 0
5763 171 171 0
5764 171 171 0
5765 171 171 0
5766 171 171 0
5767 171 172 0
5768 171 171 0
5769 171 171 0
5770 171 171 0
5771 171 173 0
5772 171 173 0
5773 171 171 0
5774 171 171 0
5775 171 172 0
5776 171 171 0
5777 171 175 0
5778 171 171 0
5779 171 171 0
5780 171 171 0
5781 171 171 0
5782 171 171 0
5783 171 171 0
5784 171 171 0
5785 171 171 0
5786 171 171 0
5787 171 171 0
5788 171 171 0
5789 171 171 0
5790 171 175 0
5791 171 171 0
5792 171 175 0
5793 171 171 0
5794 171 171 0
5795 171 171 0
5796 171 185 0
5797 171 171 0
5798 171 171 0
5799 171 171 0
5800 171 171 0
5801 171 176 0
5802 171 185 0
5803 171 171 0
5804 171 171 0
5805 171 176 0
5806 171 174 0
5807 171 176 0
5808 171 176 0
5809 171 171 0
5810 171 171 0
5811 171 171 0
5812 171 171 0
5813 171 174 0
5814 171 171 0
5815 171 171 0
5816 171 174 0
5817 171 172 0
5818 171 171 0
5819 171 171 0
5820 171 180 0
5821 171 171 0
5822 171 171 0
5823 171 171 0
5824 172 175 0
5825 172 173 0
5826 172 176 0
5827 172 176 0
5828 172 176 0
5829 172 186 0
5830 172 172 0
5831 172 174 0
5832 172 181 0
5833 172 172 0
5834 172 176 0
5835 172 176 0
5836 172 174 0
5837 172 181 0
5838 172 174 0
5839 172 174 0
5840 172 176 0
5841 172 176 0
5842 172 176 0
5843 172 187 0
5844 172 176 0
5845 172 181 0
5846 172 176 0
5847 172 172 0
5848 172 174 0
5849 172 174 0
5850 172 178 0
5851 172 172 0
5852 172 172 0
5853 172 173 0
5854 172 176 0
5855 172 181 0
5856 172 175 5791
5857 172 172 5791
5858 172 172 0
5859 172 174 0
5860 172 181 0
5861 172 172 0
5862 172 172 0
5863 172 173 0
5864 172 172 0
5865 172 172 0
5866 172 172 0
5867 172 172 0
5868 172 175 0
5869 172 172 0
5870 172 176 0
5871 172 172 0
5872 172 172 0
5873 172 172 0
5874 172 175 0
5875 172 176 0
5876 172 172 0
5877 172 173 0
5878 172 172 0
5879 172 179 0
5880 172 181 0
5881 172 172 0
5882 172 176 0
5883 172 172 0
5884 172 172 0
5885 172 172 0
5886 172 172 0
5887 172 172 0
5888 172 172 0
5889 172 172 0
5890 172 177 0
5891 172 175 0
5892 172 172 0
5893 172 176 0
5894 172 181 0
5895 172 173 0
5896 172 174 0
5897 172 172 0
5898 172 184 0
5899 172 172 0
5900 172 176 0
5901 172 173 0
5902 172 172 0
5903 172 176 0
5904 172 184 0
5905 172 174 0
5906 172 173 0
5907 172 189 0
5908 172 172 0
5909 172 181 0
5910 172 176 0
5911 172 176 0
5912 172 172 0
5913 172 172 0
5914 172 174 0
5915 172 172 0
5916 172 172 0
5917 172 173 0
5918 172 172 0
5919 172 174 0
5920 172 172 0
5921 172 176 0
5922 172 172 0
5923 172 175 0
5924 172 172 0
5925 172 176 0
5926 172 172 0
5927 172 172 0
5928 172 172 0
5929 172 172 0
5930 172 172 0
5931 172 174 0
5932 172 176 0
5933 172 186 0
5934 172 172 0
5935 172 176 0
5936 172 181 0
5937 172 172 0
5938 172 172 0
5939 172 176 0
5940 172 172 0
5941 172 172 0
5942 172 177 0
5943 172 177 0
5944 172 175 0
5945 172 176 0
5946 172 172 0
5947 172 176 0
5948 172 172 0
5949 172 174 0
5950 172 176 0
5951 172 173 0
5952 172 172 0
5953 172 176 0
5954 172 172 0
5955 172 172 0
5956 173 182 0
5957 173 177 0
5958 173 177 0
5959 173 174 0
5960 173 173 0
5961 173 175 0
5962 173 173 0
5963 173 178 0
5964 173 177 0
5965 173 178 0
5966 173 189 0
5967 173 174 0
5968 173 177 0
5969 173 177 0
5970 173 174 0
5971 173 177 0
5972 173 176 0
5973 173 179 0
5974 173 174 0
5975 173 177 0
5976 173 174 0
5977 173 173 0
5978 173 177 0
5979 173 189 5817
5980 173 178 5817
5981 173 177 5467
5982 173 185 5467
5983 173 173 0
5984 173 173 0
5985 173 173 0
5986 173 173 0
5987 173 173 0
5988 173 173 0
5989 173 173 0
5990 173 182 0
5991 173 173 0
5992 173 179 0
5993 173 182 0
5994 173 173 0
5995 173 173 0
5996 173 173 0
5997 173 175 0
5998 173 174 0
5999 173 176 0
6000 173 173 0
6001 173 173 0
6002 173 173 0
6003 173 175 0
6004 173 173 0
6005 173 173 0
6006 173 173 0
6007 173 173 0
6008 173 173 0
6009 173 173 0
6010 173 173 0
6011 173 177 0
6012 173 173 0
6013 173 173 0
6014 173 176 0
6015 173 173 0
6016 173 173 0
6017 173 178 0
6018 173 173 0
6019 173 175 0
6020 173 173 0
6021 173 173 0
6022 173 179 0
6023 173 176 0
6024 173 173 0
6025 173 173 0
6026 173 173 0
6027 173 173 0
6028 173 175 0
6029 173 173 0
6030 173 173 0
6031 173 182 0
6032 173 173 0
6033 173 182 0
6034 173 173 0
6035 173 174 0
6036 173 173 0
6037 173 176 0
6038 173 173 0
6039 173 173 0
6040 173 173 0
6041 173 173 0
6042 173 173 0
6043 173 173 0
6044 173 175 0
6045 173 180 0
6046 173 173 0
6047 173 173 0
6048 173 173 0
6049 173 174 0
6050 173 174 0
6051 173 173 0
6052 173 173 0
6053 173 177 0
6054 173 173 0
6055 173 177 0
6056 173 173 0
6057 173 173 0
6058 173 173 0
6059 173 174 0
6060 173 173 0
6061 173 189 0
6062 173 173 0
6063 173 177 0
6064 173 173 0
6065 173 177 0
6066 174 189 0
6067 174 175 0
6068 174 189 0
6069 174 183 0
6070 174 184 0
6071 174 178 0
6072 174 183 0
6073 174 178 0
6074 174 178 0
6075 174 178 0
6076 174 176 0
6077 174 174 0
6078 174 176 0
6079 174 180 0
6080 174 178 0
6081 174 174 0
6082 174 174 0
6083 174 174 0
6084 174 174 0
6085 174 176 0
6086 174 174 0
6087 174 175 0
6088 174 174 0
6089 174 178 0
6090 174 174 0
6091 174 174 0
6092 174 178 0
6093 174 174 0
6094 174 174 0
6095 174 175 0
6096 174 174 0
6097 174 174 0
6098 174 175 0
6099 174 174 0
6100 174 174 0
6101 174 178 0
6102 174 174 0
6103 174 174 0
6104 174 174 0
6105 174 174 0
6106 174 174 0
6107 174 174 0
6108 174 174 0
6109 174 183 0
6110 174 178 0
6111 174 174 0
6112 174 179 0
6113 174 180 0
6114 174 178 0
6115 174 177 0
6116 174 174 0
6117 174 174 0
6118 174 174 0
6119 174 174 0
6120 174 189 0
6121 174 174 0
6122 174 174 0
6123 174 174 0
6124 174 174 0
6125 174 174 0
6126 174 174 0
6127 174 174 0
6128 174 174 0
6129 174 174 0
6130 174 174 0
6131 174 174 0
6132 174 178 0
6133 174 174 0
6134 174 178 0
6135 174 179 0
6136 174 174 0
6137 174 175 0
6138 174 174 0
6139 174 175 0
6140 174 174 0
6141 174 174 0
6142 174 174 0
6143 174 174 0
6144 174 174 0
6145 174 174 0
6146 174 174 0
6147 174 174 0
6148 174 174 0
6149 174 174 0
6150 174 174 0
6151 174 176 0
6152 174 174 0
6153 174 174 0
6154 174 174 0
6155 174 174 0
6156 174 174 0
6157 174 174 0
6158 174 174 0
6159 174 174 0
6160 174 174 0
6161 174 174 0
6162 174 175 0
6163 174 174 0
6164 174 178 0
6165 175 189 0
6166 175 189 0
6167 175 184 0
6168 175 176 0
6169 175 178 0
6170 175 175 0
6171 175 179 0
6172 175 175 0
6173 175 189 0
6174 175 179 0
6175 175 175 0
6176 175 179 0
6177 175 179 0
6178 175 175 0
6179 175 175 0
6180 175 175 0
6181 175 177 4362
6182 175 175 4362
6183 175 175 0
6184 175 184 0
6185 175 175 0
6186 175 175 0
6187 175 175 0
6188 175 175 0
6189 175 188 0
6190 175 175 0
6191 175 175 0
6192 175 175 0
6193 175 176 0
6194 175 175 0
6195 175 175 0
6196 175 175 0
6197 175 179 0
6198 175 179 0
6199 175 176 0
6200 175 175 0
6201 175 175 0
6202 175 175 0
6203 175 175 0
6204 175 175 0
6205 175 175 0
6206 175 175 0
6207 175 179 0
6208 175 187 0
6209 175 175 0
6210 175 176 0
6211 175 175 0
6212 175 189 0
6213 175 183 0
6214 175 175 0
6215 175 175 0
6216 175 175 0
6217 175 175 0
6218 175 175 0
6219 175 179 0
6220 175 179 0
6221 175 178 0
6222 175 179 0
6223 175 175 0
6224 175 175 0
6225 175 175 0
6226 175 177 0
6227 175 175 0
6228 175 184 0
6229 175 179 0
6230 175 175 0
6231 175 175 0
6232 175 189 0
6233 175 175 0
6234 175 179 0
6235 175 177 0
6236 175 175 0
6237 175 179 0
6238 175 175 0
6239 175 175 0
6240 175 175 0
6241 175 175 0
6242 175 175 0
6243 175 179 0
6244 175 175 0
6245 175 175 0
6246 175 175 0
6247 175 175 0
6248 175 176 0
6249 175 184 0
6250 175 175 0
6251 175 185 0
6252 175 177 0
6253 175 175 0
6254 175 175 0
6255 175 175 0
6256 175 176 0
6257 175 176 0
6258 175 184 0
6259 176 177 0
6260 176 189 0
6261 176 185 0
6262 176 178 0
6263 176 180 0
6264 176 189 0
6265 176 189 0
6266 176 180 0
6267 176 176 0
6268 176 180 0
6269 176 180 0
6270 176 176 0
6271 176 176 6180
6272 176 189 6180
6273 176 176 0
6274 176 180 0
6275 176 179 0
6276 176 176 0
6277 176 176 0
6278 176 176 0
6279 176 177 0
6280 176 189 0
6281 176 176 0
6282 176 176 0
6283 176 176 0
6284 176 176 0
6285 176 176 0
6286 176 176 0
6287 176 176 0
6288 176 180 0
6289 176 176 0
6290 176 176 0
6291 176 176 0
6292 176 178 0
6293 176 176 0
6294 176 176 0
6295 176 176 0
6296 176 180 0
6297 176 185 0
6298 176 176 0
6299 176 180 0
6300 176 184 0
6301 176 176 0
6302 176 189 0
6303 176 182 0
6304 176 176 0
6305 176 176 0
6306 176 183 0
6307 176 180 0
6308 176 176 0
6309 176 176 0
6310 176 176 0
6311 176 185 0
6312 176 176 0
6313 176 178 0
6314 176 177 0
6315 176 181 0
6316 176 176 0
6317 176 189 0
6318 176 176 0
6319 176 176 0
6320 176 177 0
6321 176 177 0
6322 176 179 0
6323 176 180 0
6324 176 176 0
6325 176 189 0
6326 176 180 0
6327 176 176 0
6328 176 179 0
6329 176 178 0
6330 176 176 0
6331 176 176 0
6332 176 176 0
6333 176 176 0
6334 176 176 0
6335 176 176 0
6336 176 179 0
6337 176 177 0
6338 176 180 0
6339 176 182 0
6340 176 177 0
6341 176 178 0
6342 176 176 0
6343 176 176 0
6344 176 179 0
6345 176 176 0
6346 176 183 0
6347 176 176 0
6348 176 176 0
6349 176 176 0
6350 176 176 0
6351 176 176 0
6352 176 176 0
6353 176 177 0
6354 176 177 0
6355 176 176 0
6356 176 176 0
6357 176 176 0
6358 176 176 0
6359 176 181 0
6360 176 177 0
6361 176 176 0
6362 176 180 0
6363 176 176 0
6364 176 176 0
6365 176 178 0
6366 176 176 0
6367 176 176 0
6368 176 176 0
6369 176 185 0
6370 176 176 0
6371 176 178 0
6372 176 180 0
6373 176 176 0
6374 176 180 0
6375 176 176 0
6376 176 176 0
6377 176 176 0
6378 176 176 0
6379 176 176 0
6380 176 176 0
6381 176 185 0
6382 176 180 0
6383 176 189 0
6384 176 176 0
6385 176 180 0
6386 176 176 0
6387 177 183 0
6388 177 178 0
6389 177 185 0
6390 177 181 0
6391 177 189 0
6392 177 181 0
6393 177 182 0
6394 177 189 0
6395 177 181 0
6396 177 179 0
6397 177 178 0
6398 177 189 0
6399 177 181 0
6400 177 179 0
6401 177 186 0
6402 177 189 0
6403 177 181 0
6404 177 189 0
6405 177 181 0
6406 177 189 0
6407 177 177 0
6408 177 180 0
6409 177 178 0
6410 177 186 0
6411 177 183 0
6412 177 183 0
6413 177 181 0
6414 177 181 0
6415 177 186 0
6416 177 181 0
6417 177 182 0
6418 177 181 0
6419 177 177 6078
6420 177 181 6078
6421 177 177 5734
6422 177 180 5734
6423 177 183 0
6424 177 177 0
6425 177 180 5677
6426 177 177 5677
6427 177 177 0
6428 177 177 0
6429 177 183 0
6430 177 182 0
6431 177 177 0
6432 177 181 0
6433 177 187 0
6434 177 177 0
6435 177 177 0
6436 177 177 0
6437 177 178 0
6438 177 186 0
6439 177 177 0
6440 177 177 0
6441 177 177 0
6442 177 181 0
6443 177 177 0
6444 177 177 0
6445 177 177 0
6446 177 177 0
6447 177 177 0
6448 177 177 0
6449 177 177 0
6450 177 186 0
6451 177 181 0
6452 177 177 0
6453 177 177 0
6454 177 178 0
6455 177 177 0
6456 177 177 0
6457 177 177 0
6458 177 178 0
6459 177 177 0
6460 177 179 0
6461 177 177 0
6462 177 177 0
6463 177 177 0
6464 177 177 0
6465 177 177 0
6466 177 178 0
6467 177 177 0
6468 177 177 0
6469 177 178 0
6470 177 177 0
6471 177 177 0
6472 177 186 0
6473 177 177 0
6474 177 177 0
6475 177 177 0
6476 177 177 0
6477 177 179 0
6478 177 177 0
6479 177 177 0
6480 177 177 0
6481 177 177 0
6482 177 177 0
6483 177 180 0
6484 177 177 0
6485 177 181 0
6486 177 177 0
6487 177 177 0
6488 177 177 0
6489 177 177 0
6490 177 179 0
6491 177 182 0
6492 177 189 0
6493 177 178 0
6494 177 177 0
6495 177 178 0
6496 177 177 0
6497 177 177 0
6498 177 178 0
6499 177 181 0
6500 177 177 0
6501 177 177 0
6502 177 177 0
6503 177 177 0
6504 177 186 0
6505 177 178 0
6506 177 180 0
6507 177 177 0
6508 177 177 0
6509 177 177 0
6510 177 177 0
6511 177 177 0
6512 177 177 0
6513 177 177 0
6514 177 181 0
6515 178 180 0
6516 178 189 0
6517 178 182 0
6518 178 189 0
6519 178 187 0
6520 178 184 0
6521 178 189 0
6522 178 179 0
6523 178 182 0
6524 178 178 0
6525 178 179 0
6526 178 182 0
6527 178 187 0
6528 178 189 0
6529 178 182 0
6530 178 179 0
6531 178 182 6065
6532 178 178 6065
6533 178 178 0
6534 178 181 0
6535 178 178 0
6536 178 178 0
6537 178 178 0
6538 178 178 0
6539 178 182 0
6540 178 178 0
6541 178 182 0
6542 178 178 0
6543 178 178 0
6544 178 178 0
6545 178 178 0
6546 178 178 0
6547 178 181 0
6548 178 178 0
6549 178 183 0
6550 178 179 0
6551 178 178 0
6552 178 178 0
6553 178 178 0
6554 178 178 0
6555 178 178 0
6556 178 178 0
6557 178 186 0
6558 178 178 0
6559 178 181 0
6560 178 178 0
6561 178 181 0
6562 178 178 0
6563 178 178 0
6564 178 178 0
6565 178 178 0
6566 178 186 0
6567 178 182 0
6568 178 178 0
6569 178 185 0
6570 178 179 0
6571 178 178 0
6572 178 178 0
6573 178 179 0
6574 178 178 0
6575 178 179 0
6576 178 178 0
6577 178 180 0
6578 178 178 0
6579 178 178 0
6580 178 179 0
6581 178 178 0
6582 178 183 0
6583 178 178 0
6584 178 178 0
6585 178 178 0
6586 178 178 0
6587 178 178 0
6588 178 178 0
6589 178 178 0
6590 178 189 0
6591 178 179 0
6592 178 178 0
6593 178 178 0
6594 178 182 0
6595 178 179 0
6596 178 178 0
6597 178 178 0
6598 178 178 0
6599 178 178 0
6600 178 178 0
6601 178 178 0
6602 179 183 0
6603 179 188 0
6604 179 189 0
6605 179 185 0
6606 179 182 0
6607 179 189 0
6608 179 189 0
6609 179 189 0
6610 179 188 0
6611 179 189 0
6612 179 183 0
6613 179 182 0
6614 179 189 0
6615 179 180 0
6616 179 189 0
6617 179 189 0
6618 179 183 0
6619 179 179 0
6620 179 183 0
6621 179 187 0
6622 179 183 0
6623 179 188 0
6624 179 189 0
6625 179 183 5657
6626 179 179 5657
6627 179 183 6579
6628 179 179 6579
6629 179 179 0
6630 179 180 0
6631 179 179 0
6632 179 179 0
6633 179 179 0
6634 179 179 0
6635 179 179 0
6636 179 180 0
6637 179 179 0
6638 179 183 0
6639 179 183 0
6640 179 188 0
6641 179 179 0
6642 179 179 0
6643 179 182 0
6644 179 179 0
6645 179 179 0
6646 179 179 0
6647 179 179 0
6648 179 179 0
6649 179 179 0
6650 179 179 0
6651 179 179 0
6652 179 179 0
6653 179 179 0
6654 179 179 0
6655 179 186 0
6656 179 179 0
6657 179 179 0
6658 179 179 0
6659 179 179 0
6660 179 179 0
6661 179 179 0
6662 179 179 0
6663 179 180 0
6664 179 180 0
6665 179 182 0
6666 179 179 0
6667 179 179 0
6668 179 183 0
6669 179 180 0
6670 179 181 0
6671 179 180 0
6672 179 184 0
6673 179 179 0
6674 179 188 0
6675 179 179 0
6676 179 179 0
6677 179 179 0
6678 179 179 0
6679 179 183 0
6680 179 179 0
6681 179 179 0
6682 179 179 0
6683 179 182 0
6684 179 179 0
6685 179 182 0
6686 179 179 0
6687 179 179 0
6688 179 180 0
6689 179 180 0
6690 179 179 0
6691 179 179 0
6692 179 179 0
6693 179 179 0
6694 179 180 0
6695 179 188 0
6696 179 179 0
6697 179 179 0
6698 179 179 0
6699 179 180 0
6700 179 184 0
6701 179 179 0
6702 179 181 0
6703 179 179 0
6704 179 179 0
6705 179 183 0
6706 179 182 0
6707 179 179 0
6708 179 179 0
6709 179 179 0
6710 179 179 0
6711 179 179 0
6712 179 180 0
6713 179 179 0
6714 179 179 0
6715 179 180 0
6716 179 179 0
6717 179 189 0
6718 179 179 0
6719 179 179 0
6720 179 179 0
6721 179 179 0
6722 179 179 0
6723 180 184 0
6724 180 180 0
6725 180 184 0
6726 180 180 0
6727 180 183 0
6728 180 180 0
6729 180 184 0
6730 180 184 0
6731 180 182 0
6732 180 186 0
6733 180 183 0
6734 180 189 0
6735 180 183 0
6736 180 184 0
6737 180 184 0
6738 180 181 0
6739 180 180 0
6740 180 184 0
6741 180 189 0
6742 180 181 0
6743 180 180 0
6744 180 184 0
6745 180 184 0
6746 180 184 0
6747 180 184 5716
6748 180 180 5716
6749 180 180 6336
6750 180 185 6336
6751 180 184 0
6752 180 180 0
6753 180 180 6722
6754 180 183 6722
6755 180 180 0
6756 180 180 0
6757 180 180 0
6758 180 180 0
6759 180 180 0
6760 180 187 0
6761 180 180 0
6762 180 180 0
6763 180 180 0
6764 180 180 0
6765 180 180 0
6766 180 180 0
6767 180 180 0
6768 180 184 0
6769 180 180 0
6770 180 180 0
6771 180 180 0
6772 180 184 0
6773 180 180 0
6774 180 186 0
6775 180 180 0
6776 180 180 0
6777 180 182 0
6778 180 180 0
6779 180 180 0
6780 180 180 0
6781 180 189 0
6782 180 180 0
6783 180 189 0
6784 180 180 0
6785 180 180 0
6786 180 180 0
6787 180 185 0
6788 180 181 0
6789 180 180 0
6790 180 181 0
6791 180 180 0
6792 180 180 0
6793 180 180 0
6794 180 183 0
6795 180 180 0
6796 180 180 0
6797 180 187 0
6798 180 180 0
6799 180 180 0
6800 180 183 0
6801 180 180 0
6802 180 180 0
6803 180 183 0
6804 180 180 0
6805 180 180 0
6806 180 181 0
6807 180 180 0
6808 180 184 0
6809 180 180 0
6810 180 186 0
6811 180 185 0
6812 180 180 0
6813 180 180 0
6814 180 180 0
6815 180 183 0
6816 180 180 0
6817 180 182 0
6818 180 180 0
6819 180 180 0
6820 180 180 0
6821 180 180 0
6822 180 184 0
6823 180 189 0
6824 180 180 0
6825 180 189 0
6826 180 180 0
6827 180 181 0
6828 180 180 0
6829 180 180 0
6830 180 180 0
6831 180 184 0
6832 180 189 0
6833 181 185 0
6834 181 185 0
6835 181 187 0
6836 181 181 0
6837 181 189 0
6838 181 182 0
6839 181 189 0
6840 181 189 0
6841 181 189 0
6842 181 184 0
6843 181 188 0
6844 181 187 0
6845 181 185 0
6846 181 185 0
6847 181 185 0
6848 181 182 0
6849 181 185 0
6850 181 189 0
6851 181 181 0
6852 181 185 0
6853 181 184 0
6854 181 181 0
6855 181 181 0
6856 181 185 0
6857 181 185 0
6858 181 189 0
6859 181 181 0
6860 181 181 0
6861 181 181 0
6862 181 181 0
6863 181 181 0
6864 181 181 0
6865 181 181 0
6866 181 181 0
6867 181 188 0
6868 181 181 0
6869 181 181 0
6870 181 181 0
6871 181 189 0
6872 181 189 0
6873 181 183 0
6874 181 182 0
6875 181 181 0
6876 181 181 0
6877 181 181 0
6878 181 181 0
6879 181 181 0
6880 181 181 0
6881 181 181 0
6882 181 181 0
6883 181 181 0
6884 181 181 0
6885 181 181 0
6886 181 181 0
6887 181 181 0
6888 181 181 0
6889 181 189 0
6890 181 185 0
6891 181 181 0
6892 181 181 0
6893 181 181 0
6894 181 181 0
6895 181 182 0
6896 181 189 0
6897 181 181 0
6898 181 183 0
6899 181 181 0
6900 181 181 0
6901 181 183 0
6902 181 181 0
6903 181 181 0
6904 181 181 0
6905 181 181 0
6906 181 185 0
6907 181 181 0
6908 181 189 0
6909 181 184 0
6910 181 181 0
6911 181 181 0
6912 181 181 0
6913 181 181 0
6914 181 181 0
6915 181 181 0
6916 181 181 0
6917 181 181 0
6918 181 181 0
6919 181 181 0
6920 181 184 0
6921 181 185 0
6922 181 181 0
6923 181 181 0
6924 181 189 0
6925 181 189 0
6926 181 181 0
6927 181 181 0
6928 181 189 0
6929 181 181 0
6930 181 181 0
6931 181 181 0
6932 181 182 0
6933 181 181 0
6934 181 181 0
6935 181 181 0
6936 181 181 0
6937 181 184 0
6938 181 181 0
6939 181 181 0
6940 182 186 0
6941 182 189 0
6942 182 189 0
6943 182 186 0
6944 182 189 0
6945 182 186 0
6946 182 189 0
6947 182 184 0
6948 182 189 0
6949 182 182 0
6950 182 189 0
6951 182 189 0
6952 182 187 0
6953 182 189 0
6954 182 186 0
6955 182 188 0
6956 182 186 0
6957 182 186 0
6958 182 189 0
6959 182 186 0
6960 182 184 0
6961 182 186 0
6962 182 186 0
6963 182 189 0
6964 182 189 0
6965 182 186 0
6966 182 183 0
6967 182 185 0
6968 182 183 0
6969 182 182 0
6970 182 187 0
6971 182 182 0
6972 182 182 0
6973 182 185 0
6974 182 182 0
6975 182 189 0
6976 182 182 0
6977 182 182 0
6978 182 182 0
6979 182 189 0
6980 182 182 0
6981 182 186 0
6982 182 188 0
6983 182 182 0
6984 182 182 0
6985 182 186 0
6986 182 182 0
6987 182 182 0
6988 182 182 0
6989 182 182 0
6990 182 187 0
6991 182 182 0
6992 182 185 0
6993 182 182 0
6994 182 184 0
6995 182 189 0
6996 182 182 0
6997 182 182 0
6998 182 187 0
6999 182 189 0
7000 182 189 0
7001 182 184 0
7002 182 182 0
7003 182 186 0
7004 182 182 0
7005 182 185 0
7006 182 182 0
7007 182 182 0
7008 182 183 0
7009 182 182 0
7010 182 182 0
7011 182 182 0
7012 182 187 0
7013 182 182 0
7014 182 182 0
7015 182 182 0
7016 182 182 0
7017 182 184 0
7018 182 186 0
7019 182 183 0
7020 182 184 0
7021 182 189 0
7022 182 182 0
7023 182 184 0
7024 182 182 0
7025 182 182 0
7026 182 186 0
7027 182 182 0
7028 182 182 0
7029 182 182 0
7030 182 182 0
7031 182 182 0
7032 182 182 0
7033 182 184 0
7034 182 182 0
7035 182 182 0
7036 182 182 0
7037 182 182 0
7038 182 183 0
7039 182 182 0
7040 182 185 0
7041 182 182 0
7042 182 182 0
7043 182 182 0
7044 182 182 0
7045 183 188 0
7046 183 189 0
7047 183 187 0
7048 183 187 0
7049 183 187 0
7050 183 187 0
7051 183 189 0
7052 183 187 0
7053 183 189 0
7054 183 187 0
7055 183 189 0
7056 183 184 0
7057 183 187 0
7058 183 187 0
7059 183 187 0
7060 183 187 0
7061 183 187 0
7062 183 187 0
7063 183 183 0
7064 183 183 0
7065 183 187 0
7066 183 183 6303
7067 183 183 6303
7068 183 184 7029
7069 183 183 7029
7070 183 187 0
7071 183 183 0
7072 183 183 0
7073 183 183 0
7074 183 189 0
7075 183 183 0
7076 183 183 0
7077 183 187 0
7078 183 183 0
7079 183 183 0
7080 183 183 0
7081 183 183 0
7082 183 183 0
7083 183 183 0
7084 183 183 0
7085 183 183 0
7086 183 184 0
7087 183 186 0
7088 183 187 0
7089 183 183 0
7090 183 183 0
7091 183 189 0
7092 183 185 0
7093 183 183 0
7094 183 188 0
7095 183 183 0
7096 183 183 0
7097 183 183 0
7098 183 183 0
7099 183 184 0
7100 183 183 0
7101 183 183 0
7102 183 184 0
7103 183 183 0
7104 183 189 0
7105 183 183 0
7106 183 187 0
7107 183 187 0
7108 183 183 0
7109 183 183 0
7110 183 184 0
7111 183 183 0
7112 183 183 0
7113 183 183 0
7114 183 184 0
7115 183 183 0
7116 183 183 0
7117 183 183 0
7118 183 183 0
7119 183 187 0
7120 183 183 0
7121 183 183 0
7122 183 183 0
7123 183 183 0
7124 183 184 0
7125 183 183 0
7126 183 183 0
7127 183 184 0
7128 183 183 0
7129 183 183 0
7130 183 187 0
7131 183 183 0
7132 183 183 0
7133 183 183 0
7134 183 183 0
7135 183 184 0
7136 183 183 0
7137 183 183 0
7138 183 183 0
7139 183 183 0
7140 183 183 0
7141 183 183 0
7142 184 187 0
7143 184 188 0
7144 184 185 0
7145 184 188 0
7146 184 188 0
7147 184 189 0
7148 184 188 0
7149 184 189 0
7150 184 189 0
7151 184 188 0
7152 184 189 0
7153 184 188 6968
7154 184 184 6968
7155 184 184 0
7156 184 184 0
7157 184 189 0
7158 184 188 0
7159 184 184 0
7160 184 184 0
7161 184 184 0
7162 184 184 0
7163 184 184 0
7164 184 188 0
7165 184 184 0
7166 184 184 0
7167 184 184 0
7168 184 184 0
7169 184 184 0
7170 184 184 0
7171 184 184 0
7172 184 184 0
7173 184 184 0
7174 184 186 0
7175 184 184 0
7176 184 184 0
7177 184 184 0
7178 184 184 0
7179 184 184 0
7180 184 184 0
7181 184 184 0
7182 184 184 0
7183 184 184 0
7184 184 184 0
7185 184 184 0
7186 184 189 0
7187 184 188 0
7188 184 184 0
7189 184 184 0
7190 184 189 0
7191 184 185 0
7192 184 188 0
7193 184 184 0
7194 184 184 0
7195 184 184 0
7196 184 184 0
7197 184 189 0
7198 184 184 0
7199 184 189 0
7200 184 184 0
7201 184 184 0
7202 184 188 0
7203 184 185 0
7204 184 184 0
7205 184 188 0
7206 184 184 0
7207 184 184 0
7208 184 189 0
7209 184 188 0
7210 184 184 0
7211 184 185 0
7212 184 184 0
7213 184 184 0
7214 184 184 0
7215 184 184 0
7216 184 184 0
7217 184 184 0
7218 184 184 0
7219 184 184 0
7220 184 184 0
7221 184 184 0
7222 184 184 0
7223 184 184 0
7224 184 184 0
7225 184 184 0
7226 184 187 0
7227 184 184 0
7228 184 184 0
7229 184 189 0
7230 184 184 0
7231 184 188 0
7232 184 189 0
7233 184 184 0
7234 184 184 0
7235 184 188 0
7236 184 184 0
7237 184 188 0
7238 184 186 0
7239 184 184 0
7240 184 184 0
7241 184 184 0
7242 184 186 0
7243 184 184 0
7244 184 189 0
7245 184 184 0
7246 185 189 0
7247 185 189 0
7248 185 189 0
7249 185 189 0
7250 185 189 0
7251 185 189 0
7252 185 187 0
7253 185 189 0
7254 185 189 0
7255 185 189 0
7256 185 189 0
7257 185 189 0
7258 185 189 0
7259 185 189 0
7260 185 189 0
7261 185 189 0
7262 185 189 0
7263 185 189 0
7264 185 187 0
7265 185 189 0
7266 185 189 0
7267 185 189 0
7268 185 189 0
7269 185 189 0
7270 185 189 0
7271 185 186 0
7272 185 185 0
7273 185 189 0
7274 185 189 0
7275 185 189 0
7276 185 189 0
7277 185 185 0
7278 185 185 0
7279 185 189 0
7280 185 185 0
7281 185 185 0
7282 185 189 0
7283 185 185 0
7284 185 185 0
7285 185 185 0
7286 185 185 0
7287 185 185 0
7288 185 185 0
7289 185 185 0
7290 185 189 0
7291 185 185 0
7292 185 185 0
7293 185 185 0
7294 185 185 0
7295 185 189 0
7296 185 185 0
7297 185 185 0
7298 185 185 0
7299 185 185 0
7300 185 185 0
7301 185 185 0
7302 185 185 0
7303 185 185 0
7304 185 187 0
7305 185 185 0
7306 185 185 0
7307 185 185 0
7308 185 189 0
7309 185 185 0
7310 185 185 0
7311 185 189 0
7312 185 189 0
7313 185 185 0
7314 185 189 0
7315 185 189 0
7316 185 185 0
7317 185 185 0
7318 185 185 0
7319 185 185 0
7320 185 188 0
7321 185 189 0
7322 185 185 0
7323 185 185 0
7324 185 189 0
7325 185 189 0
7326 185 185 0
7327 185 185 0
7328 185 185 0
7329 185 185 0
7330 185 185 0
7331 185 185 0
7332 185 185 0
7333 185 185 0
7334 185 185 0
7335 185 189 0
7336 185 189 0
7337 185 189 0
7338 185 185 0
7339 185 185 0
7340 185 185 0
7341 185 185 0
7342 185 185 0
7343 185 189 0
7344 185 185 0
7345 185 187 0
7346 185 186 0
7347 185 185 0
7348 185 189 0
7349 185 186 0
7350 185 185 0
7351 185 185 0
7352 185 185 0
7353 185 185 0
7354 185 185 0
7355 185 185 0
7356 185 185 0
7357 185 189 0
7358 185 189 0
7359 185 185 0
7360 185 189 0
7361 185 185 0
7362 185 185 0
7363 185 185 0
7364 185 189 0
7365 185 185 0
7366 185 188 0
7367 186 189 0
7368 186 189 0
7369 186 189 0
7370 186 189 0
7371 186 186 0
7372 186 189 0
7373 186 186 0
7374 186 188 0
7375 186 189 0
7376 186 189 0
7377 186 186 0
7378 186 189 0
7379 186 189 0
7380 186 189 0
7381 186 189 0
7382 186 189 0
7383 186 189 0
7384 186 189 0
7385 186 189 0
7386 186 187 0
7387 186 189 0
7388 186 187 0
7389 186 189 0
7390 186 186 0
7391 186 186 0
7392 186 186 0
7393 186 186 0
7394 186 186 0
7395 186 187 0
7396 186 186 0
7397 186 186 0
7398 186 186 0
7399 186 186 0
7400 186 186 0
7401 186 187 0
7402 186 189 0
7403 186 186 0
7404 186 186 0
7405 186 189 0
7406 186 189 0
7407 186 189 0
7408 186 186 0
7409 186 188 0
7410 186 186 0
7411 186 186 0
7412 186 186 0
7413 186 189 0
7414 186 186 0
7415 186 186 0
7416 186 186 0
7417 186 186 0
7418 186 186 0
7419 186 186 0
7420 186 186 0
7421 186 189 0
7422 186 186 0
7423 186 187 0
7424 186 186 0
7425 186 186 0
7426 186 186 0
7427 186 186 0
7428 186 186 0
7429 186 189 0
7430 186 186 0
7431 186 186 0
7432 186 186 0
7433 186 187 0
7434 186 186 0
7435 186 186 0
7436 186 189 0
7437 186 186 0
7438 186 187 0
7439 186 186 0
7440 186 186 0
7441 186 186 0
7442 186 187 0
7443 186 186 0
7444 186 186 0
7445 186 186 0
7446 186 186 0
7447 186 186 0
7448 186 186 0
7449 186 186 0
7450 186 186 0
7451 186 186 0
7452 186 189 0
7453 186 189 0
7454 186 186 0
7455 186 186 0
7456 186 186 0
7457 186 186 0
7458 186 186 0
7459 186 186 0
7460 186 186 0
7461 186 189 0
7462 186 186 0
7463 186 186 0
7464 186 189 0
7465 186 186 0
7466 186 186 0
7467 186 186 0
7468 187 189 0
7469 187 189 0
7470 187 189 0
7471 187 189 0
7472 187 189 0
7473 187 189 0
7474 187 189 0
7475 187 189 0
7476 187 189 0
7477 187 189 0
7478 187 189 0
7479 187 189 0
7480 187 189 0
7481 187 189 0
7482 187 189 0
7483 187 187 0
7484 187 189 0
7485 187 189 0
7486 187 189 0
7487 187 189 0
7488 187 189 0
7489 187 189 0
7490 187 189 0
7491 187 187 0
7492 187 187 0
7493 187 188 0
7494 187 187 0
7495 187 187 0
7496 187 187 0
7497 187 189 0
7498 187 187 0
7499 187 187 0
7500 187 187 0
7501 187 187 0
7502 187 187 0
7503 187 189 0
7504 187 187 0
7505 187 187 0
7506 187 187 0
7507 187 187 0
7508 187 187 0
7509 187 187 0
7510 187 187 0
7511 187 187 0
7512 187 188 0
7513 187 188 0
7514 187 187 0
7515 187 187 0
7516 187 187 0
7517 187 187 0
7518 187 187 0
7519 187 187 0
7520 187 189 0
7521 187 187 0
7522 187 189 0
7523 187 187 0
7524 187 189 0
7525 187 189 0
7526 187 187 0
7527 187 189 0
7528 187 189 0
7529 187 187 0
7530 187 187 0
7531 187 187 0
7532 187 187 0
7533 187 189 0
7534 187 188 0
7535 187 187 0
7536 187 189 0
7537 187 189 0
7538 187 189 0
7539 187 189 0
7540 187 187 0
7541 187 187 0
7542 187 188 0
7543 187 187 0
7544 187 187 0
7545 187 187 0
7546 187 189 0
7547 187 187 0
7548 187 189 0
7549 187 189 0
7550 187 189 0
7551 187 187 0
7552 187 187 0
7553 187 188 0
7554 187 187 0
7555 187 187 0
7556 187 187 0
7557 187 189 0
7558 187 189 0
7559 187 187 0
7560 187 189 0
7561 187 189 0
7562 187 187 0
7563 187 188 0
7564 187 187 0
7565 187 189 0
7566 187 187 0
7567 187 189 0
7568 187 187 0
7569 187 187 0
7570 187 187 0
7571 187 187 0
7572 187 189 0
7573 187 189 0
7574 187 187 0
7575 187 189 0
7576 187 189 0
7577 188 189 0
7578 188 189 0
7579 188 189 0
7580 188 189 0
7581 188 189 0
7582 188 188 0
7583 188 189 0
7584 188 189 0
7585 188 189 0
7586 188 189 0
7587 188 189 0
7588 188 189 0
7589 188 189 0
7590 188 189 0
7591 188 189 0
7592 188 188 0
7593 188 189 0
7594 188 188 0
7595 188 189 0
7596 188 189 0
7597 188 189 0
7598 188 189 0
7599 188 189 0
7600 188 189 0
7601 188 189 0
7602 188 188 0
7603 188 189 0
7604 188 189 0
7605 188 189 0
7606 188 189 0
7607 188 189 0
7608 188 188 0
7609 188 188 0
7610 188 188 0
7611 188 188 0
7612 188 188 0
7613 188 188 0
7614 188 189 0
7615 188 189 0
7616 188 189 0
7617 188 188 0
7618 188 189 0
7619 188 189 0
7620 188 189 0
7621 188 188 0
7622 188 188 0
7623 188 188 0
7624 188 188 0
7625 188 188 0
7626 188 188 0
7627 188 188 0
7628 188 188 0
7629 188 188 0
7630 188 188 0
7631 188 188 0
7632 188 189 0
7633 188 189 0
7634 188 189 0
7635 188 188 0
7636 188 188 0
7637 188 188 0
7638 188 188 0
7639 188 188 0
7640 188 188 0
7641 188 188 0
7642 188 188 0
7643 188 188 0
7644 188 188 0
7645 188 188 0
7646 188 188 0
7647 188 188 0
7648 188 188 0
7649 188 188 0
7650 188 188 0
7651 188 188 0
7652 188 188 0
7653 188 188 0
7654 188 189 0
7655 188 189 0
7656 188 188 0
7657 188 188 0
7658 188 188 0
7659 188 189 0
7660 188 188 0
7661 188 188 0
7662 188 188 0
7663 188 188 0
7664 188 189 0
7665 188 188 0
7666 188 188 0
7667 188 188 0
7668 188 188 0
7669 188 188 0
7670 188 188 0
7671 188 188 0
7672 188 188 0
7673 188 189 0
7674 188 188 0
7675 188 188 0
7676 188 188 0
7677 188 188 0
7678 188 188 0
7679 188 189 0
7680 188 188 0
7681 188 188 0
7682 188 188 0
7683 188 189 0
7684 188 188 0
7685 188 188 0
7686 189 189 0
7687 189 189 0
7688 189 189 0
7689 189 189 0
7690 189 189 0
7691 189 189 0
7692 189 189 0
7693 189 189 0
7694 189 189 0
7695 189 189 0
7696 189 189 0
7697 189 189 0
7698 189 189 0
7699 189 189 0
7700 189 189 0
7701 189 189 0
7702 189 189 0
7703 189 189 0
7704 189 189 7094
7705 189 189 7094
7706 189 189 0
7707 189 189 0
7708 189 189 0
7709 189 189 0
7710 189 189 0
7711 189 189 0
7712 189 189 0
7713 189 189 0
7714 189 189 0
7715 189 189 0
7716 189 189 0
7717 189 189 0
7718 189 189 0
7719 189 189 0
7720 189 189 0
7721 189 189 0
7722 189 189 0
7723 189 189 0
7724 189 189 0
7725 189 189 0
7726 189 189 0
7727 189 189 0
7728 189 189 0
7729 189 189 0
7730 189 189 0
7731 189 189 0
7732 189 189 0
7733 189 189 0
7734 189 189 0
7735 189 189 0
7736 189 189 0
7737 189 189 0
7738 189 189 0
7739 189 189 0
7740 189 189 0
7741 189 189 0
7742 189 189 0
7743 189 189 0
7744 189 189 0
7745 189 189 0
7746 189 189 0
7747 189 189 0
7748 189 189 0
7749 189 189 0
7750 189 189 0
7751 189 189 0
7752 189 189 0
7753 189 189 0
7754 189 189 0
7755 189 189 0
7756 189 189 0
7757 189 189 0
7758 189 189 0
7759 189 189 0
7760 189 189 0
7761 189 189 0
7762 189 189 0
7763 189 189 0
7764 189 189 0
7765 189 189 0
7766 189 189 0
7767 189 189 0
7768 189 189 0
7769 189 189 0
7770 189 189 0
7771 189 189 0
7772 189 189 0
7773 189 189 0
7774 189 189 0
7775 189 189 0
7776 189 189 0
7777 189 189 0
7778 189 189 0
7779 189 189 0
7780 189 189 0
7781 189 189 0
7782 189 189 0
7783 189 189 0
7784 189 189 0
7785 189 189 0
7786 189 189 0
7787 189 189 0
7788 189 189 0
7789 189 189 0
7790 189 189 0
7791 189 189 0
7792 189 189 0
7793 189 189 0
7794 189 189 0
7795 189 189 0
7796 189 189 0
