1 0 0 0
2 0 1 0
3 1 1 0
4 2 2 0
5 2 2 0
6 2 2 0
7 3 3 5
8 3 3 5
9 3 3 0
10 3 3 0
11 3 3 0
12 3 3 0
13 3 3 0
14 3 3 0
15 3 3 0
16 3 3 0
17 3 3 0
18 3 3 0
19 3 3 0
20 3 3 0
21 3 3 0
22 3 3 0
23 3 3 0
24 3 3 0
25 3 3 0
26 3 3 0
27 3 3 0
28 3 3 0
29 3 3 0
30 3 3 0
31 3 3 0
32 3 3 0
33 3 3 0
34 3 3 0
35 3 3 0
36 3 3 0
37 3 3 0
38 3 3 0
39 3 3 0
40 3 3 0
41 3 3 0
42 3 3 0
43 3 3 0
44 3 3 0
45 3 3 0
46 3 3 0
47 3 3 0
48 3 3 0
49 3 3 0
50 3 3 0
51 3 3 0
52 3 3 0
53 3 3 0
54 3 3 0
55 3 3 0
56 3 3 0
57 3 3 0
58 3 3 0
59 3 3 0
60 3 3 0
61 3 3 0
62 3 3 0
63 3 3 0
64 3 3 0
65 3 3 0
66 3 3 0
67 3 3 0
68 3 3 0
69 3 3 0
70 3 3 0
71 3 3 0
72 3 3 0
73 3 3 0
74 3 3 0
75 3 3 0
76 3 3 0
77 3 3 0
78 3 3 0
79 3 3 0
80 3 3 0
81 3 3 0
82 3 3 0
83 3 3 0
84 3 3 0
85 3 3 0
86 3 3 0
87 3 3 0
88 3 3 0
89 3 3 0
90 3 3 0
91 3 3 0
92 3 3 0
93 3 3 0
94 3 3 0
95 3 3 0
96 3 3 0
97 3 3 0
98 3 3 0
99 3 3 0
100 3 3 0
101 3 3 0
102 3 3 0
103 3 3 0
104 3 3 0
105 3 3 0
106 3 3 0
107 3 3 0
108 3 3 0
109 3 3 0
110 3 3 0
111 3 3 0
112 3 3 0
113 3 3 0
114 3 3 0
115 3 3 0
116 3 3 0
117 3 3 0
118 3 3 0
119 3 3 0
120 3 3 0
121 4 4 8
122 4 5 8
123 4 6 0
124 4 4 0
125 4 4 0
126 4 8 0
127 4 4 0
128 5 6 0
129 6 7 0
130 7 11 123
131 7 7 123
132 7 11 0
133 8 15 0
134 9 9 0
135 10 11 0
136 12 13 0
137 12 12 130
138 12 12 130
139 12 12 0
140 13 13 137
141 13 18 137
142 13 16 0
143 14 14 0
144 14 18 0
145 15 15 0
146 15 15 0
147 15 15 0
148 15 15 0
149 15 15 0
150 15 15 0
151 16 16 0
152 16 16 0
153 16 16 0
154 16 16 0
155 16 17 0
156 16 16 0
157 17 17 151
158 17 17 151
159 17 17 0
160 17 17 0
161 17 21 0
162 17 17 0
163 18 18 160
164 18 18 160
165 18 18 0
166 18 20 0
167 18 18 0
168 18 18 0
169 19 23 0
170 19 21 167
171 19 19 167
172 19 19 141
173 19 19 141
174 19 20 0
175 19 19 0
176 19 19 0
177 19 19 0
178 20 21 0
179 20 20 0
180 20 21 0
181 20 21 0
182 21 21 0
183 21 21 0
184 21 21 0
185 22 26 0
186 22 26 0
187 22 27 0
188 22 26 0
189 22 26 0
190 22 26 0
191 22 26 0
192 24 26 0
193 27 28 191
194 27 28 191
195 27 27 0
196 27 27 0
197 27 27 0
198 27 27 0
199 27 30 0
200 27 28 0
201 27 27 0
202 27 27 0
203 27 27 0
204 28 28 198
205 28 28 198
206 28 28 0
207 28 32 0
208 28 28 0
209 28 29 0
210 28 28 0
211 28 29 0
212 28 30 0
213 29 29 208
214 29 29 208
215 29 29 0
216 29 32 0
217 29 29 0
218 29 29 0
219 29 29 0
220 29 29 0
221 29 30 0
222 29 29 0
223 30 30 0
224 30 30 0
225 30 30 0
226 30 30 0
227 30 32 0
228 30 30 0
229 30 31 0
230 30 30 0
231 30 34 0
232 31 31 225
233 31 31 225
234 31 33 0
235 31 35 0
236 31 31 0
237 31 31 0
238 31 32 0
239 31 31 0
240 31 32 0
241 31 31 0
242 31 31 0
243 31 32 0
244 32 33 0
245 32 34 0
246 32 32 0
247 32 32 0
248 32 32 0
249 32 35 0
250 32 32 0
251 33 33 238
252 33 33 238
253 33 34 250
254 33 33 250
255 33 35 0
256 33 33 0
257 33 33 0
258 33 33 0
259 33 34 0
260 33 34 0
261 33 38 0
262 34 35 0
263 34 36 0
264 34 34 0
265 34 34 0
266 34 35 0
267 34 36 0
268 34 34 0
269 34 34 0
270 35 35 0
271 35 35 0
272 35 35 0
273 35 36 0
274 35 39 0
275 35 35 0
276 35 35 0
277 36 36 235
278 36 36 235
279 36 36 0
280 36 37 0
281 36 40 0
282 36 37 0
283 36 40 0
284 36 36 0
285 36 37 0
286 36 36 0
287 36 36 0
288 36 36 0
289 37 37 278
290 37 37 278
291 37 37 0
292 37 41 0
293 37 40 0
294 37 40 0
295 37 37 0
296 37 37 0
297 37 37 0
298 38 38 285
299 38 39 285
300 38 38 0
301 38 38 0
302 38 38 0
303 38 39 0
304 38 39 0
305 38 38 0
306 38 38 0
307 38 38 0
308 38 38 0
309 39 40 0
310 39 41 0
311 39 41 0
312 39 40 0
313 39 40 0
314 39 39 0
315 39 39 0
316 39 40 0
317 40 40 0
318 40 40 0
319 40 40 0
320 40 40 0
321 40 40 0
322 41 41 0
323 41 41 0
324 41 41 0
325 41 42 316
326 41 41 316
327 41 41 0
328 41 41 0
329 41 45 0
330 41 42 0
331 41 42 0
332 41 45 0
333 41 45 0
334 41 45 0
335 41 41 0
336 41 41 0
337 41 42 0
338 41 41 0
339 41 41 0
340 41 41 0
341 41 41 0
342 41 41 0
343 41 44 0
344 42 42 0
345 42 45 0
346 42 42 0
347 42 43 0
348 42 43 0
349 42 42 0
350 42 42 0
351 42 44 0
352 42 42 0
353 42 42 0
354 42 42 0
355 42 45 0
356 42 42 0
357 42 42 0
358 42 42 0
359 43 43 350
360 43 44 350
361 43 43 337
362 43 43 337
363 43 44 356
364 43 43 356
365 43 43 0
366 43 47 0
367 43 44 0
368 43 44 0
369 43 45 0
370 43 43 0
371 43 43 0
372 43 44 0
373 43 43 0
374 43 47 0
375 43 43 0
376 43 43 0
377 43 47 0
378 43 45 0
379 43 47 0
380 43 43 0
381 44 44 362
382 44 44 362
383 44 45 0
384 44 44 0
385 44 48 0
386 44 46 0
387 44 44 0
388 44 45 0
389 44 44 0
390 45 47 382
391 45 45 382
392 45 45 0
393 45 49 0
394 45 46 0
395 45 45 0
396 45 46 0
397 45 45 0
398 45 46 0
399 45 45 0
400 45 45 0
401 46 50 0
402 46 50 0
403 46 46 392
404 46 49 392
405 46 50 388
406 46 46 388
407 46 46 0
408 46 50 0
409 46 46 0
410 46 46 0
411 46 47 0
412 46 47 0
413 46 47 0
414 46 46 0
415 46 50 0
416 47 47 398
417 47 49 398
418 47 50 0
419 47 47 0
420 47 47 0
421 47 50 0
422 47 47 0
423 47 47 0
424 47 51 0
425 47 48 0
426 47 49 0
427 47 47 0
428 48 52 0
429 48 52 0
430 48 52 390
431 48 48 390
432 48 50 0
433 48 52 0
434 48 50 0
435 48 52 0
436 48 49 0
437 48 48 0
438 48 52 0
439 48 60 0
440 48 53 0
441 49 50 0
442 49 51 0
443 49 49 0
444 49 56 0
445 50 50 0
446 50 52 0
447 50 54 0
448 50 50 0
449 50 50 0
450 50 50 0
451 50 53 0
452 51 54 0
453 51 59 0
454 51 55 0
455 51 54 0
456 51 51 421
457 51 55 421
458 51 54 0
459 51 55 0
460 51 52 0
461 51 55 0
462 51 52 0
463 51 55 0
464 51 54 0
465 51 53 0
466 51 53 0
467 52 56 0
468 52 52 0
469 52 52 0
470 52 56 0
471 53 61 0
472 53 54 0
473 53 54 0
474 53 54 0
475 53 57 0
476 53 55 0
477 53 53 0
478 53 62 0
479 53 53 0
480 53 53 0
481 54 54 0
482 54 58 0
483 54 54 0
484 54 54 0
485 54 54 0
486 54 58 0
487 54 61 0
488 54 54 0
489 54 63 0
490 54 58 0
491 55 59 0
492 55 59 0
493 55 67 0
494 55 55 0
495 55 59 0
496 55 62 0
497 55 59 0
498 55 59 0
499 55 61 0
500 56 60 0
501 56 59 0
502 56 64 0
503 56 63 0
504 56 56 0
505 56 56 0
506 56 59 0
507 56 56 0
508 57 61 0
509 57 61 0
510 57 61 0
511 57 60 0
512 57 61 0
513 58 61 0
514 58 58 0
515 59 61 0
516 59 63 0
517 59 60 0
518 60 63 0
519 60 64 0
520 60 64 0
521 60 61 0
522 60 62 0
523 60 61 0
524 60 64 0
525 60 60 0
526 60 60 0
527 60 61 0
528 61 64 0
529 61 61 439
530 61 61 439
531 61 65 0
532 61 65 0
533 61 61 0
534 62 68 0
535 62 66 0
536 62 63 0
537 62 62 0
538 62 63 530
539 62 66 530
540 62 62 0
541 62 66 0
542 62 62 0
543 62 62 0
544 62 66 0
545 62 62 0
546 62 66 0
547 62 62 0
548 62 66 0
549 62 62 0
550 62 66 0
551 62 67 0
552 62 66 0
553 63 64 0
554 63 67 0
555 63 67 0
556 63 63 0
557 63 63 0
558 63 68 0
559 63 64 0
560 63 67 0
561 63 70 0
562 63 79 0
563 63 65 0
564 63 67 0
565 63 63 0
566 64 67 0
567 64 65 0
568 64 65 0
569 64 68 0
570 64 67 556
571 64 65 556
572 64 65 536
573 64 67 536
574 64 64 0
575 64 68 0
576 64 65 0
577 64 68 0
578 64 64 0
579 64 65 0
580 65 68 0
581 65 65 0
582 65 67 0
583 65 65 0
584 65 65 0
585 65 65 0
586 65 69 578
587 65 66 578
588 65 66 559
589 65 65 559
590 65 65 0
591 65 69 0
592 65 67 520
593 65 65 520
594 65 66 0
595 65 67 0
596 65 65 0
597 66 66 585
598 66 66 585
599 66 66 531
600 66 68 531
601 66 66 563
602 66 66 563
603 66 67 0
604 66 67 0
605 66 66 0
606 66 66 0
607 66 70 0
608 66 66 0
609 66 67 0
610 66 66 0
611 66 67 0
612 66 66 0
613 67 71 0
614 67 68 0
615 67 71 0
616 67 76 0
617 67 74 0
618 67 76 0
619 67 67 598
620 67 69 598
621 67 71 605
622 67 67 605
623 67 71 594
624 67 67 594
625 67 67 612
626 67 67 612
627 67 71 601
628 67 67 601
629 67 71 552
630 67 67 552
631 67 71 0
632 67 74 0
633 67 67 0
634 67 70 0
635 67 67 0
636 67 71 0
637 67 71 0
638 67 67 0
639 67 67 0
640 68 70 0
641 68 68 0
642 68 72 0
643 68 72 603
644 68 68 603
645 68 71 570
646 68 68 570
647 68 68 582
648 68 72 582
649 68 69 0
650 68 72 0
651 68 72 0
652 68 72 0
653 68 68 0
654 68 68 0
655 68 72 0
656 68 68 0
657 68 72 0
658 68 68 0
659 68 77 0
660 68 69 0
661 68 69 0
662 68 68 0
663 68 69 0
664 68 69 0
665 69 73 0
666 69 78 0
667 69 73 0
668 69 73 600
669 69 69 600
670 69 75 0
671 69 69 0
672 69 70 0
673 69 73 0
674 69 72 0
675 69 71 0
676 69 69 0
677 69 70 0
678 69 73 0
679 69 69 0
680 69 73 0
681 70 74 0
682 70 74 0
683 70 70 676
684 70 74 676
685 70 70 664
686 70 74 664
687 70 75 0
688 70 72 0
689 70 70 0
690 70 71 0
691 70 72 0
692 70 70 0
693 70 70 0
694 70 74 0
695 70 74 0
696 70 70 0
697 70 70 0
698 71 81 0
699 71 72 0
700 71 71 0
701 71 71 561
702 71 75 561
703 71 75 693
704 71 71 693
705 71 71 0
706 71 75 0
707 71 78 0
708 71 71 0
709 71 71 0
710 71 72 0
711 71 71 0
712 71 72 0
713 72 72 0
714 72 75 0
715 72 76 0
716 72 80 0
717 72 72 0
718 72 76 0
719 72 76 0
720 72 76 705
721 72 72 705
722 72 72 708
723 72 72 708
724 72 76 711
725 72 72 711
726 72 72 636
727 72 81 636
728 72 86 0
729 72 76 0
730 72 76 0
731 73 87 0
732 73 73 0
733 73 77 0
734 73 82 0
735 73 77 0
736 73 74 0
737 73 75 0
738 73 77 0
739 73 73 674
740 73 77 674
741 73 77 688
742 73 73 688
743 73 73 0
744 73 77 0
745 73 73 712
746 73 77 712
747 73 75 0
748 73 73 0
749 73 76 0
750 73 73 0
751 74 78 0
752 74 78 0
753 74 75 0
754 74 78 0
755 74 78 0
756 74 78 0
757 74 74 0
758 74 75 0
759 74 75 0
760 74 74 0
761 74 78 0
762 74 74 0
763 75 75 0
764 75 79 0
765 75 79 0
766 75 77 0
767 75 79 0
768 75 79 0
769 75 76 632
770 75 75 632
771 75 75 0
772 75 75 0
773 75 75 0
774 75 75 0
775 75 78 0
776 75 75 0
777 76 90 0
778 76 80 0
779 76 76 0
780 76 80 0
781 76 77 687
782 76 76 687
783 76 76 758
784 76 80 758
785 76 78 0
786 76 76 0
787 76 76 670
788 76 76 670
789 76 79 0
790 76 78 0
791 76 80 0
792 76 76 0
793 76 81 0
794 76 76 0
795 77 81 0
796 77 80 0
797 77 81 0
798 77 81 0
799 77 86 0
800 77 86 0
801 77 80 0
802 77 89 769
803 77 77 769
804 77 77 787
805 77 81 787
806 77 77 730
807 77 77 730
808 77 77 0
809 77 78 0
810 77 81 0
811 77 77 0
812 77 81 0
813 77 77 0
814 77 77 0
815 77 77 0
816 77 77 0
817 77 89 0
818 78 78 0
819 78 84 0
820 78 82 0
821 78 78 0
822 78 82 0
823 78 79 0
824 78 78 781
825 78 82 781
826 78 79 815
827 78 78 815
828 78 78 0
829 78 82 0
830 78 81 0
831 78 80 0
832 78 79 0
833 78 82 0
834 78 82 0
835 78 84 0
836 78 78 0
837 78 78 0
838 78 79 0
839 78 78 0
840 78 82 0
841 79 88 0
842 79 83 0
843 79 82 0
844 79 87 0
845 79 81 0
846 79 80 0
847 79 83 0
848 79 90 790
849 79 79 790
850 79 79 0
851 79 79 0
852 79 79 0
853 79 79 0
854 79 79 0
855 79 82 0
856 80 84 0
857 80 94 0
858 80 84 0
859 80 80 0
860 80 80 789
861 80 80 789
862 80 84 826
863 80 80 826
864 80 83 562
865 80 80 562
866 80 86 0
867 80 80 0
868 80 81 0
869 80 84 0
870 80 84 0
871 80 80 0
872 81 81 0
873 81 91 0
874 81 81 860
875 81 84 860
876 81 83 0
877 81 81 0
878 81 81 831
879 81 84 831
880 81 81 0
881 81 90 0
882 81 90 0
883 81 81 0
884 81 82 0
885 81 90 0
886 81 85 0
887 81 83 0
888 81 81 0
889 81 86 0
890 81 84 0
891 82 86 0
892 82 90 0
893 82 86 0
894 82 84 0
895 82 91 0
896 82 85 0
897 82 86 0
898 82 86 830
899 82 82 830
900 82 84 698
901 82 82 698
902 82 82 888
903 82 85 888
904 82 82 0
905 82 82 0
906 82 86 0
907 82 82 0
908 82 85 0
909 83 86 0
910 83 90 0
911 83 87 0
912 83 87 0
913 83 87 0
914 83 87 0
915 83 83 904
916 83 87 904
917 83 87 825
918 83 83 825
919 83 83 0
920 83 87 0
921 83 83 0
922 83 83 0
923 83 87 0
924 83 91 0
925 83 88 0
926 84 84 0
927 84 88 0
928 84 86 922
929 84 84 922
930 84 88 0
931 84 84 0
932 84 88 0
933 84 88 0
934 85 89 0
935 85 87 0
936 85 85 879
937 85 89 879
938 85 85 0
939 85 89 0
940 85 87 0
941 85 87 0
942 85 85 835
943 85 86 835
944 85 88 0
945 85 85 0
946 85 87 0
947 85 86 0
948 85 85 0
949 85 87 0
950 85 89 0
951 85 89 0
952 86 90 0
953 86 86 903
954 86 90 903
955 86 90 0
956 86 86 0
957 86 87 0
958 86 86 0
959 86 86 0
960 86 91 0
961 87 90 0
962 87 87 0
963 87 91 0
964 87 94 0
965 87 91 0
966 87 91 0
967 87 90 0
968 87 91 0
969 87 91 866
970 87 87 866
971 87 87 943
972 87 87 943
973 87 89 889
974 87 91 889
975 87 87 0
976 87 87 0
977 87 87 0
978 87 88 0
979 88 92 0
980 88 89 0
981 88 92 0
982 88 89 0
983 88 92 0
984 88 92 0
985 88 88 0
986 88 89 0
987 88 88 941
988 88 88 941
989 88 88 971
990 88 88 971
991 88 88 0
992 88 92 0
993 88 88 0
994 88 90 0
995 88 88 949
996 88 88 949
997 88 92 0
998 88 92 0
999 88 97 0
1000 88 88 0
1001 88 89 0
1002 88 91 0
1003 88 91 0
1004 88 88 0
1005 88 88 0
1006 88 92 0
1007 88 92 0
1008 88 88 0
1009 89 90 0
1010 89 93 0
1011 89 93 0
1012 89 92 0
1013 89 90 0
1014 89 90 0
1015 89 89 0
1016 89 89 987
1017 89 89 987
1018 89 89 990
1019 89 91 990
1020 89 90 944
1021 89 93 944
1022 89 98 1000
1023 89 89 1000
1024 89 93 933
1025 89 89 933
1026 89 89 1008
1027 89 93 1008
1028 89 89 0
1029 89 90 0
1030 89 89 0
1031 89 89 0
1032 89 90 0
1033 89 93 0
1034 89 92 0
1035 89 89 0
1036 90 93 0
1037 90 93 0
1038 90 90 0
1039 90 94 0
1040 90 90 0
1041 90 91 1028
1042 90 91 1028
1043 90 90 0
1044 90 91 0
1045 90 90 802
1046 90 90 802
1047 90 90 0
1048 90 97 0
1049 90 90 1016
1050 90 90 1016
1051 90 90 1030
1052 90 90 1030
1053 90 104 973
1054 90 90 973
1055 90 91 0
1056 90 99 0
1057 90 94 817
1058 90 94 817
1059 90 94 1025
1060 90 90 1025
1061 90 91 0
1062 90 90 0
1063 90 94 0
1064 90 94 0
1065 90 94 0
1066 90 90 0
1067 90 92 0
1068 90 90 0
1069 90 94 0
1070 90 94 0
1071 90 90 0
1072 90 90 0
1073 90 90 0
1074 90 90 0
1075 91 95 0
1076 91 95 0
1077 91 95 0
1078 91 95 0
1079 91 92 0
1080 91 91 0
1081 91 91 0
1082 91 91 1014
1083 91 91 1014
1084 91 91 0
1085 91 93 0
1086 91 91 1047
1087 91 91 1047
1088 91 92 1045
1089 91 95 1045
1090 91 92 1029
1091 91 92 1029
1092 91 100 1049
1093 91 93 1049
1094 91 91 848
1095 91 91 848
1096 91 95 0
1097 91 92 0
1098 91 92 1068
1099 91 95 1068
1100 91 91 994
1101 91 95 994
1102 91 100 1051
1103 91 91 1051
1104 91 91 0
1105 91 95 0
1106 91 96 1020
1107 91 91 1020
1108 91 91 0
1109 91 91 0
1110 91 91 1071
1111 91 95 1071
1112 91 100 1072
1113 91 92 1072
1114 91 91 0
1115 91 91 0
1116 91 96 954
1117 91 91 954
1118 91 95 0
1119 91 91 0
1120 91 94 0
1121 91 95 0
1122 91 92 0
1123 91 91 0
1124 91 100 0
1125 91 105 0
1126 91 91 0
1127 91 91 0
1128 91 91 0
1129 91 91 0
1130 91 91 0
1131 91 95 0
1132 91 96 0
1133 91 95 0
1134 91 95 0
1135 92 96 0
1136 92 92 0
1137 92 105 0
1138 92 100 1044
1139 92 92 1044
1140 92 92 1080
1141 92 92 1080
1142 92 92 969
1143 92 92 969
1144 92 92 1086
1145 92 92 1086
1146 92 93 1019
1147 92 96 1019
1148 92 92 1002
1149 92 95 1002
1150 92 95 1126
1151 92 92 1126
1152 92 96 1094
1153 92 93 1094
1154 92 95 0
1155 92 92 0
1156 92 93 1108
1157 92 95 1108
1158 92 92 1003
1159 92 92 1003
1160 92 96 1114
1161 92 93 1114
1162 92 92 960
1163 92 92 960
1164 92 101 0
1165 92 92 0
1166 92 92 0
1167 92 96 0
1168 92 96 0
1169 92 123 0
1170 92 93 0
1171 92 94 0
1172 92 96 0
1173 92 92 0
1174 93 93 0
1175 93 97 0
1176 93 94 0
1177 93 95 0
1178 93 94 0
1179 93 95 0
1180 93 93 1142
1181 93 93 1142
1182 93 93 0
1183 93 97 0
1184 93 93 1139
1185 93 95 1139
1186 93 95 1140
1187 93 93 1140
1188 93 93 0
1189 93 96 0
1190 93 97 0
1191 93 93 0
1192 93 93 1067
1193 93 105 1067
1194 93 93 1034
1195 93 93 1034
1196 93 93 1162
1197 93 102 1162
1198 93 97 0
1199 93 93 0
1200 93 94 1006
1201 93 93 1006
1202 93 102 1007
1203 93 93 1007
1204 93 95 0
1205 93 95 0
1206 93 97 0
1207 93 97 0
1208 93 97 0
1209 93 93 0
1210 93 93 0
1211 93 97 0
1212 93 93 0
1213 93 94 0
1214 93 93 0
1215 94 98 0
1216 94 97 0
1217 94 98 0
1218 94 98 0
1219 94 95 0
1220 94 98 0
1221 94 98 0
1222 94 94 0
1223 94 98 1180
1224 94 94 1180
1225 94 95 1146
1226 94 94 1146
1227 94 94 1209
1228 94 95 1209
1229 94 94 1210
1230 94 95 1210
1231 94 94 1093
1232 94 94 1093
1233 94 94 1194
1234 94 94 1194
1235 94 94 0
1236 94 95 0
1237 94 95 0
1238 94 94 0
1239 94 94 0
1240 94 94 0
1241 94 98 0
1242 94 94 0
1243 94 94 0
1244 94 98 0
1245 94 107 0
1246 95 95 0
1247 95 104 0
1248 95 95 0
1249 95 97 0
1250 95 104 0
1251 95 97 0
1252 95 95 0
1253 95 98 0
1254 95 97 0
1255 95 95 0
1256 95 96 0
1257 95 97 1120
1258 95 95 1120
1259 95 99 0
1260 95 95 0
1261 95 95 1231
1262 95 96 1231
1263 95 95 0
1264 95 104 0
1265 95 95 1200
1266 95 96 1200
1267 95 95 0
1268 95 98 0
1269 95 95 0
1270 96 106 0
1271 96 96 0
1272 96 100 0
1273 96 103 0
1274 96 100 0
1275 96 97 0
1276 96 96 0
1277 96 100 0
1278 96 100 0
1279 96 97 0
1280 96 98 0
1281 96 99 0
1282 96 115 0
1283 96 100 0
1284 96 100 1186
1285 96 96 1186
1286 96 103 1204
1287 96 96 1204
1288 96 97 1225
1289 96 96 1225
1290 96 102 1228
1291 96 96 1228
1292 96 96 1185
1293 96 100 1185
1294 96 96 1230
1295 96 100 1230
1296 96 115 1150
1297 96 96 1150
1298 96 105 0
1299 96 96 0
1300 96 96 0
1301 96 100 0
1302 96 100 0
1303 96 111 0
1304 96 98 1154
1305 96 96 1154
1306 96 96 1101
1307 96 100 1101
1308 96 105 0
1309 96 96 0
1310 96 98 1236
1311 96 96 1236
1312 96 100 0
1313 96 96 0
1314 96 100 0
1315 96 97 0
1316 96 96 0
1317 96 96 0
1318 96 100 0
1319 96 100 0
1320 96 96 0
1321 96 96 0
1322 97 101 0
1323 97 99 0
1324 97 97 0
1325 97 97 1256
1326 97 99 1256
1327 97 99 0
1328 97 97 0
1329 97 97 1262
1330 97 101 1262
1331 97 98 1316
1332 97 101 1316
1333 97 101 1152
1334 97 97 1152
1335 97 101 1167
1336 97 97 1167
1337 97 97 0
1338 97 97 0
1339 97 97 1297
1340 97 97 1297
1341 97 97 1172
1342 97 101 1172
1343 97 97 1116
1344 97 97 1116
1345 97 101 0
1346 97 97 0
1347 97 101 1266
1348 97 97 1266
1349 97 101 1320
1350 97 103 1320
1351 97 97 0
1352 97 97 0
1353 97 97 0
1354 97 97 0
1355 97 97 0
1356 97 97 0
1357 97 97 0
1358 97 101 0
1359 97 97 0
1360 98 102 0
1361 98 107 0
1362 98 102 0
1363 98 102 0
1364 98 99 0
1365 98 107 0
1366 98 102 0
1367 98 104 0
1368 98 100 1351
1369 98 98 1351
1370 98 98 1048
1371 98 107 1048
1372 98 98 0
1373 98 107 0
1374 98 98 1288
1375 98 107 1288
1376 98 98 0
1377 98 98 0
1378 98 98 0
1379 98 107 0
1380 98 102 1337
1381 98 98 1337
1382 98 98 1339
1383 98 102 1339
1384 98 102 0
1385 98 98 0
1386 98 98 1344
1387 98 98 1344
1388 98 98 0
1389 98 102 0
1390 98 98 0
1391 98 99 0
1392 98 98 0
1393 98 99 0
1394 98 98 0
1395 98 98 0
1396 98 98 0
1397 98 98 0
1398 98 103 0
1399 99 100 0
1400 99 103 0
1401 99 100 0
1402 99 103 0
1403 99 103 0
1404 99 108 0
1405 99 103 0
1406 99 99 0
1407 99 99 1223
1408 99 100 1223
1409 99 118 0
1410 99 99 0
1411 99 99 1376
1412 99 103 1376
1413 99 103 1268
1414 99 99 1268
1415 99 99 1386
1416 99 99 1386
1417 99 99 1310
1418 99 105 1310
1419 99 102 0
1420 99 99 0
1421 99 99 0
1422 99 103 0
1423 99 99 0
1424 99 99 0
1425 100 104 0
1426 100 101 0
1427 100 101 1326
1428 100 101 1326
1429 100 100 1327
1430 100 101 1327
1431 100 104 0
1432 100 104 0
1433 100 100 1421
1434 100 100 1421
1435 100 103 0
1436 100 100 0
1437 100 100 0
1438 100 103 0
1439 100 102 1391
1440 100 100 1391
1441 100 104 0
1442 100 100 0
1443 100 103 0
1444 100 109 0
1445 100 100 0
1446 100 100 0
1447 100 102 0
1448 101 105 0
1449 101 105 0
1450 101 105 0
1451 101 103 0
1452 101 110 0
1453 101 102 0
1454 101 103 0
1455 101 110 0
1456 101 105 0
1457 101 101 0
1458 101 105 0
1459 101 103 0
1460 101 108 0
1461 101 105 0
1462 101 105 0
1463 101 102 1138
1464 101 101 1138
1465 101 101 1408
1466 101 102 1408
1467 101 101 1368
1468 101 101 1368
1469 101 104 0
1470 101 101 0
1471 101 105 1102
1472 101 103 1102
1473 101 101 1429
1474 101 102 1429
1475 101 101 1314
1476 101 105 1314
1477 101 113 1302
1478 101 101 1302
1479 101 105 1301
1480 101 101 1301
1481 101 101 0
1482 101 105 0
1483 101 101 1433
1484 101 103 1433
1485 101 103 1446
1486 101 101 1446
1487 101 101 0
1488 101 108 0
1489 101 105 0
1490 101 101 0
1491 102 111 0
1492 102 105 0
1493 102 106 0
1494 102 105 0
1495 102 106 0
1496 102 106 0
1497 102 106 0
1498 102 111 0
1499 102 106 0
1500 102 106 0
1501 102 102 0
1502 102 102 0
1503 102 106 1467
1504 102 102 1467
1505 102 106 0
1506 102 102 0
1507 102 102 1427
1508 102 103 1427
1509 102 102 1358
1510 102 102 1358
1511 102 102 0
1512 102 111 0
1513 102 102 0
1514 102 109 0
1515 102 106 0
1516 102 116 0
1517 103 112 0
1518 103 107 0
1519 103 104 0
1520 103 103 0
1521 103 105 0
1522 103 107 0
1523 103 107 0
1524 103 103 0
1525 103 116 0
1526 103 104 1463
1527 103 103 1463
1528 103 103 1502
1529 103 107 1502
1530 103 103 1290
1531 103 107 1290
1532 103 104 1466
1533 103 111 1466
1534 103 112 1380
1535 103 103 1380
1536 103 107 1202
1537 103 103 1202
1538 103 107 0
1539 103 107 0
1540 103 104 0
1541 103 105 0
1542 103 103 0
1543 104 104 0
1544 104 108 0
1545 104 108 0
1546 104 113 0
1547 104 108 0
1548 104 123 0
1549 104 108 0
1550 104 104 0
1551 104 108 0
1552 104 108 1508
1553 104 104 1508
1554 104 104 1413
1555 104 106 1413
1556 104 108 1472
1557 104 104 1472
1558 104 108 0
1559 104 104 0
1560 104 104 0
1561 104 104 0
1562 104 118 1443
1563 104 104 1443
1564 104 123 1435
1565 104 104 1435
1566 104 104 1484
1567 104 105 1484
1568 104 108 1485
1569 104 104 1485
1570 104 104 0
1571 104 104 0
1572 104 104 0
1573 104 104 0
1574 105 109 0
1575 105 105 0
1576 105 112 0
1577 105 109 0
1578 105 109 0
1579 105 109 0
1580 105 109 0
1581 105 106 1526
1582 105 105 1526
1583 105 105 1469
1584 105 109 1469
1585 105 109 0
1586 105 105 0
1587 105 108 0
1588 105 105 0
1589 105 109 0
1590 105 105 0
1591 105 110 1560
1592 105 105 1560
1593 105 109 1571
1594 105 105 1571
1595 105 105 1566
1596 105 109 1566
1597 105 105 0
1598 105 119 0
1599 105 107 1540
1600 105 105 1540
1601 105 109 0
1602 105 105 0
1603 105 109 0
1604 106 110 0
1605 106 110 0
1606 106 110 0
1607 106 106 0
1608 106 110 0
1609 106 108 0
1610 106 110 0
1611 106 110 0
1612 106 108 0
1613 106 110 0
1614 106 120 0
1615 106 110 0
1616 106 110 0
1617 106 106 0
1618 106 108 0
1619 106 106 1479
1620 106 110 1479
1621 106 111 0
1622 106 106 0
1623 106 106 0
1624 106 111 0
1625 106 110 1193
1626 106 106 1193
1627 106 115 0
1628 106 106 0
1629 106 115 0
1630 106 106 0
1631 106 109 1541
1632 106 106 1541
1633 106 106 0
1634 106 110 0
1635 106 106 0
1636 106 106 0
1637 106 106 0
1638 106 106 0
1639 107 112 0
1640 107 109 0
1641 107 109 0
1642 107 111 0
1643 107 107 0
1644 107 111 0
1645 107 111 0
1646 107 111 0
1647 107 119 0
1648 107 111 0
1649 107 112 1581
1650 107 108 1581
1651 107 108 1555
1652 107 111 1555
1653 107 111 0
1654 107 107 0
1655 107 107 0
1656 107 107 0
1657 107 107 0
1658 107 107 0
1659 107 107 0
1660 107 107 0
1661 107 107 0
1662 108 112 0
1663 108 108 0
1664 108 113 0
1665 108 121 0
1666 108 112 0
1667 108 110 0
1668 108 110 0
1669 108 108 0
1670 108 112 0
1671 108 112 0
1672 108 112 0
1673 108 108 1375
1674 108 108 1375
1675 108 108 0
1676 108 112 0
1677 108 110 1245
1678 108 108 1245
1679 108 112 0
1680 108 108 0
1681 108 108 1599
1682 108 116 1599
1683 108 108 0
1684 108 112 0
1685 109 113 0
1686 109 117 0
1687 109 113 0
1688 109 112 0
1689 109 113 0
1690 109 113 0
1691 109 113 0
1692 109 113 0
1693 109 113 0
1694 109 113 0
1695 109 113 0
1696 109 109 0
1697 109 109 0
1698 109 113 0
1699 109 109 1674
1700 109 111 1674
1701 109 111 1618
1702 109 109 1618
1703 109 118 0
1704 109 109 0
1705 109 109 1683
1706 109 113 1683
1707 109 109 0
1708 109 113 0
1709 109 109 0
1710 109 109 0
1711 109 109 0
1712 109 109 0
1713 109 115 0
1714 110 114 0
1715 110 113 0
1716 110 113 0
1717 110 114 0
1718 110 114 0
1719 110 114 0
1720 110 113 0
1721 110 114 0
1722 110 114 0
1723 110 111 0
1724 110 110 0
1725 110 114 0
1726 110 110 1601
1727 110 114 1601
1728 110 110 0
1729 110 113 0
1730 110 111 0
1731 110 110 0
1732 110 110 1514
1733 110 114 1514
1734 110 110 0
1735 110 113 0
1736 110 110 1631
1737 110 113 1631
1738 110 114 0
1739 110 110 0
1740 110 110 0
1741 110 114 0
1742 111 115 0
1743 111 111 0
1744 111 115 0
1745 111 115 0
1746 111 112 0
1747 111 115 0
1748 111 119 0
1749 111 113 0
1750 111 115 0
1751 111 115 0
1752 111 120 0
1753 111 114 0
1754 111 111 0
1755 111 112 1731
1756 111 112 1731
1757 111 111 1452
1758 111 123 1452
1759 111 115 1620
1760 111 111 1620
1761 111 111 1677
1762 111 112 1677
1763 111 111 0
1764 111 111 0
1765 111 111 0
1766 111 115 0
1767 111 111 0
1768 111 115 0
1769 111 115 0
1770 111 115 0
1771 111 111 0
1772 111 111 0
1773 111 111 0
1774 111 115 0
1775 111 111 0
1776 111 111 0
1777 111 111 0
1778 111 111 0
1779 111 112 0
1780 111 114 0
1781 111 115 0
1782 112 116 0
1783 112 121 0
1784 112 116 0
1785 112 115 0
1786 112 116 0
1787 112 116 0
1788 112 116 0
1789 112 115 0
1790 112 116 0
1791 112 121 0
1792 112 112 1700
1793 112 112 1700
1794 112 113 1624
1795 112 112 1624
1796 112 113 1303
1797 112 112 1303
1798 112 116 1653
1799 112 112 1653
1800 112 116 0
1801 112 112 0
1802 112 114 0
1803 112 112 0
1804 112 114 0
1805 113 117 0
1806 113 117 0
1807 113 117 0
1808 113 117 0
1809 113 120 0
1810 113 113 0
1811 113 114 0
1812 113 117 0
1813 113 117 0
1814 113 117 1649
1815 113 113 1649
1816 113 113 0
1817 113 113 0
1818 113 117 1792
1819 113 113 1792
1820 113 117 1756
1821 113 113 1756
1822 113 122 0
1823 113 113 0
1824 113 113 1679
1825 113 117 1679
1826 113 113 0
1827 113 116 0
1828 113 113 0
1829 113 113 0
1830 113 113 0
1831 113 113 0
1832 113 116 0
1833 113 117 0
1834 113 119 0
1835 113 113 0
1836 113 117 0
1837 113 113 0
1838 113 116 0
1839 114 116 0
1840 114 115 0
1841 114 122 0
1842 114 118 0
1843 114 118 0
1844 114 118 0
1845 114 115 0
1846 114 119 0
1847 114 118 0
1848 114 118 0
1849 114 118 0
1850 114 122 0
1851 114 115 1729
1852 114 118 1729
1853 114 118 0
1854 114 114 0
1855 114 116 1829
1856 114 114 1829
1857 114 114 0
1858 114 118 0
1859 114 120 1706
1860 114 120 1706
1861 114 118 1796
1862 114 114 1796
1863 114 118 1477
1864 114 114 1477
1865 114 114 1794
1866 114 118 1794
1867 114 114 0
1868 114 114 0
1869 114 114 0
1870 114 114 0
1871 114 115 0
1872 114 114 0
1873 115 115 0
1874 115 119 0
1875 115 124 0
1876 115 118 0
1877 115 121 0
1878 115 119 0
1879 115 119 0
1880 115 119 0
1881 115 118 1753
1882 115 115 1753
1883 115 119 0
1884 115 115 0
1885 115 115 1725
1886 115 119 1725
1887 115 119 1733
1888 115 115 1733
1889 115 116 1867
1890 115 116 1867
1891 115 115 1804
1892 115 119 1804
1893 115 119 1872
1894 115 115 1872
1895 115 117 0
1896 115 115 0
1897 115 115 0
1898 115 115 0
1899 115 120 0
1900 115 115 0
1901 115 118 0
1902 116 119 0
1903 116 125 0
1904 116 119 0
1905 116 117 0
1906 116 120 0
1907 116 119 0
1908 116 117 0
1909 116 122 0
1910 116 120 0
1911 116 119 0
1912 116 117 0
1913 116 116 1768
1914 116 116 1768
1915 116 116 0
1916 116 116 0
1917 116 116 1769
1918 116 120 1769
1919 116 116 0
1920 116 119 0
1921 116 116 0
1922 116 120 0
1923 116 120 0
1924 116 118 0
1925 116 116 1851
1926 116 119 1851
1927 116 116 1629
1928 116 120 1629
1929 116 116 0
1930 116 120 0
1931 116 116 0
1932 116 120 0
1933 116 116 0
1934 116 118 0
1935 116 120 0
1936 116 116 0
1937 116 116 0
1938 116 116 0
1939 116 125 0
1940 116 116 0
1941 116 117 0
1942 116 116 0
1943 117 121 0
1944 117 121 0
1945 117 121 0
1946 117 118 0
1947 117 121 0
1948 117 117 0
1949 117 127 0
1950 117 118 0
1951 117 117 1525
1952 117 117 1525
1953 117 117 1914
1954 117 119 1914
1955 117 118 1916
1956 117 117 1916
1957 117 117 1855
1958 117 118 1855
1959 117 120 1832
1960 117 117 1832
1961 117 117 1798
1962 117 119 1798
1963 117 117 1889
1964 117 118 1889
1965 117 120 1933
1966 117 117 1933
1967 117 121 1682
1968 117 120 1682
1969 117 117 1827
1970 117 117 1827
1971 117 117 0
1972 117 121 0
1973 117 121 0
1974 117 117 0
1975 117 117 0
1976 117 117 0
1977 117 117 0
1978 117 117 0
1979 117 118 0
1980 117 121 0
1981 117 117 0
1982 117 117 0
1983 117 119 0
1984 117 118 0
1985 117 120 0
1986 117 121 0
1987 118 120 0
1988 118 118 0
1989 118 119 0
1990 118 121 0
1991 118 121 0
1992 118 127 0
1993 118 122 0
1994 118 118 0
1995 118 119 0
1996 118 121 0
1997 118 122 0
1998 118 118 1956
1999 118 119 1956
2000 118 121 0
2001 118 118 0
2002 118 118 0
2003 118 119 0
2004 118 118 1825
2005 118 122 1825
2006 118 119 1941
2007 118 118 1941
2008 118 121 1895
2009 118 118 1895
2010 118 122 0
2011 118 118 0
2012 118 119 0
2013 118 120 0
2014 118 118 0
2015 118 118 0
2016 118 120 0
2017 118 118 0
2018 118 118 0
2019 118 118 0
2020 119 119 0
2021 119 119 0
2022 119 123 0
2023 119 120 0
2024 119 119 0
2025 119 119 0
2026 119 121 0
2027 119 123 0
2028 119 124 0
2029 119 119 0
2030 119 122 1881
2031 119 119 1881
2032 119 120 1703
2033 119 119 1703
2034 119 119 0
2035 119 124 0
2036 119 119 0
2037 119 119 0
2038 119 119 1409
2039 119 119 1409
2040 119 120 1924
2041 119 123 1924
2042 119 123 1958
2043 119 119 1958
2044 119 119 0
2045 119 120 0
2046 119 123 0
2047 119 119 0
2048 119 123 1964
2049 119 120 1964
2050 119 119 0
2051 119 120 0
2052 119 120 2004
2053 119 119 2004
2054 119 120 1984
2055 119 119 1984
2056 119 123 0
2057 119 120 0
2058 119 119 2018
2059 119 121 2018
2060 119 119 0
2061 119 123 0
2062 119 122 0
2063 119 128 0
2064 119 123 0
2065 119 119 0
2066 119 122 0
2067 119 119 0
2068 119 119 0
2069 119 119 0
2070 119 119 0
2071 119 120 0
2072 119 120 0
2073 120 126 0
2074 120 124 0
2075 120 121 0
2076 120 121 0
2077 120 123 0
2078 120 124 0
2079 120 120 0
2080 120 124 0
2081 120 120 1954
2082 120 122 1954
2083 120 122 0
2084 120 120 0
2085 120 120 0
2086 120 120 0
2087 120 124 0
2088 120 120 0
2089 120 121 0
2090 120 120 0
2091 120 121 1999
2092 120 120 1999
2093 120 120 1920
2094 120 122 1920
2095 120 121 2039
2096 120 120 2039
2097 120 120 1647
2098 120 124 1647
2099 120 121 0
2100 120 120 0
2101 120 124 0
2102 120 123 0
2103 120 120 2065
2104 120 122 2065
2105 120 121 0
2106 120 124 0
2107 120 120 0
2108 120 122 0
2109 120 120 1834
2110 120 120 1834
2111 120 121 0
2112 120 121 0
2113 120 124 1962
2114 120 120 1962
2115 120 120 0
2116 120 124 0
2117 120 120 1598
2118 120 120 1598
2119 120 120 0
2120 120 121 0
2121 120 120 0
2122 120 121 0
2123 120 122 0
2124 120 120 0
2125 120 120 0
2126 120 122 0
2127 120 129 0
2128 120 120 0
2129 120 124 0
2130 120 120 0
2131 120 123 0
2132 120 121 0
2133 120 124 0
2134 120 120 0
2135 120 122 0
2136 120 124 0
2137 121 126 0
2138 121 124 0
2139 121 123 0
2140 121 121 0
2141 121 124 0
2142 121 122 0
2143 121 125 0
2144 121 124 0
2145 121 121 0
2146 121 124 0
2147 121 122 2085
2148 121 121 2085
2149 121 123 2045
2150 121 123 2045
2151 121 124 1859
2152 121 122 1859
2153 121 123 1959
2154 121 121 1959
2155 121 121 0
2156 121 124 0
2157 121 130 1860
2158 121 121 1860
2159 121 121 0
2160 121 123 0
2161 121 125 2051
2162 121 125 2051
2163 121 121 1930
2164 121 122 1930
2165 121 125 2052
2166 121 121 2052
2167 121 121 1968
2168 121 125 1968
2169 121 121 1932
2170 121 123 1932
2171 121 124 2071
2172 121 121 2071
2173 121 121 2072
2174 121 121 2072
2175 121 121 0
2176 121 121 0
2177 121 125 1985
2178 121 121 1985
2179 121 121 2057
2180 121 123 2057
2181 121 122 2016
2182 121 125 2016
2183 121 124 0
2184 121 121 0
2185 121 125 0
2186 121 121 0
2187 121 124 0
2188 121 121 0
2189 121 128 0
2190 121 123 0
2191 121 125 0
2192 121 124 0
2193 121 125 0
2194 121 122 0
2195 121 121 0
2196 122 132 0
2197 122 123 0
2198 122 128 0
2199 122 124 0
2200 122 126 0
2201 122 123 0
2202 122 126 0
2203 122 123 2120
2204 122 122 2120
2205 122 126 0
2206 122 126 0
2207 122 122 2089
2208 122 124 2089
2209 122 122 0
2210 122 123 0
2211 122 122 0
2212 122 122 0
2213 122 124 0
2214 122 123 0
2215 122 122 2099
2216 122 122 2099
2217 122 126 2000
2218 122 122 2000
2219 122 123 0
2220 122 123 0
2221 122 123 0
2222 122 125 0
2223 122 122 0
2224 122 133 0
2225 122 123 2112
2226 122 122 2112
2227 122 126 0
2228 122 122 0
2229 122 122 0
2230 122 122 0
2231 122 126 0
2232 122 122 0
2233 122 124 2111
2234 122 123 2111
2235 122 122 2175
2236 122 123 2175
2237 122 122 2178
2238 122 122 2178
2239 122 131 2195
2240 122 122 2195
2241 122 122 2008
2242 122 122 2008
2243 122 126 2179
2244 122 122 2179
2245 122 126 2173
2246 122 122 2173
2247 122 126 0
2248 122 122 0
2249 122 122 0
2250 122 131 0
2251 122 122 0
2252 122 122 0
2253 122 124 0
2254 122 122 0
2255 122 122 0
2256 122 124 0
2257 122 126 0
2258 122 122 0
2259 122 122 0
2260 122 124 0
2261 122 122 0
2262 122 122 0
2263 122 122 0
2264 123 124 0
2265 123 130 0
2266 123 127 0
2267 123 127 0
2268 123 127 2204
2269 123 125 2204
2270 123 123 2082
2271 123 142 2082
2272 123 124 0
2273 123 124 0
2274 123 123 2030
2275 123 124 2030
2276 123 125 2147
2277 123 123 2147
2278 123 125 2094
2279 123 123 2094
2280 123 131 2215
2281 123 123 2215
2282 123 127 2123
2283 123 123 2123
2284 123 127 2212
2285 123 123 2212
2286 123 123 2126
2287 123 127 2126
2288 123 124 2108
2289 123 123 2108
2290 123 127 0
2291 123 123 0
2292 123 124 2229
2293 123 123 2229
2294 123 125 2255
2295 123 123 2255
2296 123 125 2104
2297 123 125 2104
2298 123 123 2240
2299 123 123 2240
2300 123 123 2066
2301 123 128 2066
2302 123 124 2181
2303 123 123 2181
2304 123 124 2258
2305 123 123 2258
2306 123 123 2259
2307 123 127 2259
2308 123 123 2241
2309 123 132 2241
2310 123 127 2164
2311 123 123 2164
2312 123 127 0
2313 123 123 0
2314 123 123 0
2315 123 123 0
2316 123 126 0
2317 123 123 0
2318 123 123 0
2319 123 124 0
2320 123 123 0
2321 123 123 0
2322 123 123 0
2323 123 123 0
2324 123 123 0
2325 123 127 0
2326 123 124 0
2327 123 123 0
2328 123 123 0
2329 123 123 0
2330 123 123 0
2331 123 126 0
2332 124 133 0
2333 124 124 0
2334 124 127 0
2335 124 126 0
2336 124 128 0
2337 124 131 0
2338 124 125 0
2339 124 128 0
2340 124 128 0
2341 124 126 2102
2342 124 124 2102
2343 124 124 2149
2344 124 128 2149
2345 124 124 2320
2346 124 124 2320
2347 124 124 2219
2348 124 125 2219
2349 124 126 2041
2350 124 124 2041
2351 124 124 2214
2352 124 124 2214
2353 124 128 2210
2354 124 124 2210
2355 124 124 2150
2356 124 128 2150
2357 124 124 0
2358 124 127 0
2359 124 124 2221
2360 124 125 2221
2361 124 125 2220
2362 124 133 2220
2363 124 125 0
2364 124 124 0
2365 124 125 2323
2366 124 124 2323
2367 124 127 2042
2368 124 134 2042
2369 124 125 2064
2370 124 126 2064
2371 124 126 1758
2372 124 125 1758
2373 124 128 2225
2374 124 126 2225
2375 124 124 2153
2376 124 126 2153
2377 124 133 2327
2378 124 124 2327
2379 124 124 2311
2380 124 126 2311
2381 124 124 2330
2382 124 124 2330
2383 124 125 2160
2384 124 124 2160
2385 124 124 2236
2386 124 125 2236
2387 124 126 2314
2388 124 127 2314
2389 124 124 2234
2390 124 128 2234
2391 124 124 2170
2392 124 128 2170
2393 124 125 2131
2394 124 124 2131
2395 124 124 0
2396 124 124 0
2397 124 125 0
2398 124 128 0
2399 124 124 0
2400 124 124 0
2401 124 124 0
2402 124 124 0
2403 124 124 0
2404 124 124 0
2405 124 124 0
2406 125 127 0
2407 125 128 0
2408 125 128 0
2409 125 125 0
2410 125 129 0
2411 125 127 0
2412 125 126 0
2413 125 134 0
2414 125 128 0
2415 125 125 2146
2416 125 125 2146
2417 125 127 2272
2418 125 125 2272
2419 125 125 2395
2420 125 126 2395
2421 125 126 2035
2422 125 125 2035
2423 125 134 2187
2424 125 125 2187
2425 125 126 2208
2426 125 125 2208
2427 125 125 2275
2428 125 125 2275
2429 125 129 2345
2430 125 125 2345
2431 125 129 2364
2432 125 129 2364
2433 125 125 2151
2434 125 129 2151
2435 125 128 2319
2436 125 125 2319
2437 125 125 2213
2438 125 129 2213
2439 125 126 2087
2440 125 125 2087
2441 125 134 0
2442 125 125 0
2443 125 129 0
2444 125 128 0
2445 125 127 2292
2446 125 127 2292
2447 125 125 2288
2448 125 125 2288
2449 125 129 2156
2450 125 125 2156
2451 125 125 0
2452 125 125 0
2453 125 131 2381
2454 125 125 2381
2455 125 125 2378
2456 125 125 2378
2457 125 126 2394
2458 125 125 2394
2459 125 125 2256
2460 125 129 2256
2461 125 129 2404
2462 125 125 2404
2463 125 125 0
2464 125 126 0
2465 125 125 2113
2466 125 125 2113
2467 125 125 2192
2468 125 129 2192
2469 125 139 0
2470 125 125 0
2471 125 125 2171
2472 125 125 2171
2473 125 127 2260
2474 125 125 2260
2475 125 125 0
2476 125 125 0
2477 125 125 0
2478 125 126 0
2479 125 125 0
2480 125 128 0
2481 125 125 0
2482 125 127 0
2483 126 126 0
2484 126 129 0
2485 126 130 0
2486 126 126 0
2487 126 135 0
2488 126 127 0
2489 126 140 0
2490 126 127 0
2491 126 126 2415
2492 126 129 2415
2493 126 126 2418
2494 126 126 2418
2495 126 127 2348
2496 126 126 2348
2497 126 137 2424
2498 126 126 2424
2499 126 126 2269
2500 126 128 2269
2501 126 126 2419
2502 126 127 2419
2503 126 126 2427
2504 126 128 2427
2505 126 128 2397
2506 126 126 2397
2507 126 145 2276
2508 126 135 2276
2509 126 127 2185
2510 126 126 2185
2511 126 126 2361
2512 126 130 2361
2513 126 126 2363
2514 126 126 2363
2515 126 130 2372
2516 126 127 2372
2517 126 126 2278
2518 126 126 2278
2519 126 130 2222
2520 126 129 2222
2521 126 126 2447
2522 126 126 2447
2523 126 128 2455
2524 126 126 2455
2525 126 130 2365
2526 126 126 2365
2527 126 128 2294
2528 126 126 2294
2529 126 126 2452
2530 126 126 2452
2531 126 128 2450
2532 126 126 2450
2533 126 127 2296
2534 126 126 2296
2535 126 126 2383
2536 126 126 2383
2537 126 126 2465
2538 126 131 2465
2539 126 128 2162
2540 126 129 2162
2541 126 126 2165
2542 126 126 2165
2543 126 126 2393
2544 126 126 2393
2545 126 127 2177
2546 126 126 2177
2547 126 130 2471
2548 126 126 2471
2549 126 126 0
2550 126 126 0
2551 126 127 0
2552 126 126 0
2553 126 127 0
2554 126 128 0
2555 126 127 0
2556 126 126 0
2557 126 129 0
2558 126 126 0
2559 127 136 0
2560 127 128 0
2561 127 130 0
2562 127 131 0
2563 127 136 0
2564 127 127 0
2565 127 128 0
2566 127 141 0
2567 127 129 0
2568 127 127 2493
2569 127 129 2493
2570 127 129 2425
2571 127 127 2425
2572 127 131 2491
2573 127 127 2491
2574 127 131 2341
2575 127 129 2341
2576 127 129 2549
2577 127 127 2549
2578 127 128 2503
2579 127 127 2503
2580 127 131 2349
2581 127 128 2349
2582 127 127 2439
2583 127 131 2439
2584 127 131 0
2585 127 127 0
2586 127 133 2376
2587 127 127 2376
2588 127 127 2521
2589 127 129 2521
2590 127 132 2370
2591 127 136 2370
2592 127 127 2374
2593 127 129 2374
2594 127 128 2529
2595 127 130 2529
2596 127 134 2371
2597 127 127 2371
2598 127 131 2542
2599 127 128 2542
2600 127 127 2535
2601 127 131 2535
2602 127 130 2231
2603 127 127 2231
2604 127 127 0
2605 127 136 0
2606 127 127 2380
2607 127 127 2380
2608 127 127 0
2609 127 127 0
2610 127 131 2331
2611 127 127 2331
2612 127 131 0
2613 127 127 0
2614 127 131 2464
2615 127 129 2464
2616 127 141 0
2617 127 127 0
2618 127 127 2387
2619 127 129 2387
2620 127 127 0
2621 127 131 0
2622 127 128 0
2623 127 127 0
2624 127 127 0
2625 127 128 0
2626 127 131 0
2627 127 127 0
2628 127 128 0
2629 127 134 0
2630 127 127 0
2631 127 128 0
2632 127 130 0
2633 127 127 0
2634 127 129 0
2635 127 127 0
2636 128 128 0
2637 128 128 0
2638 128 152 0
2639 128 129 0
2640 128 130 0
2641 128 132 0
2642 128 129 0
2643 128 132 0
2644 128 128 0
2645 128 128 2495
2646 128 128 2495
2647 128 128 2417
2648 128 130 2417
2649 128 128 2358
2650 128 129 2358
2651 128 128 2624
2652 128 130 2624
2653 128 132 0
2654 128 128 0
2655 128 129 2509
2656 128 128 2509
2657 128 128 0
2658 128 128 0
2659 128 128 2627
2660 128 129 2627
2661 128 129 2445
2662 128 128 2445
2663 128 137 2284
2664 128 128 2284
2665 128 131 2551
2666 128 128 2551
2667 128 130 2516
2668 128 128 2516
2669 128 128 2446
2670 128 130 2446
2671 128 130 2555
2672 128 129 2555
2673 128 128 2608
2674 128 132 2608
2675 128 128 2553
2676 128 128 2553
2677 128 128 2606
2678 128 128 2606
2679 128 128 0
2680 128 128 0
2681 128 128 2613
2682 128 137 2613
2683 128 132 2618
2684 128 128 2618
2685 128 128 0
2686 128 131 0
2687 128 133 2312
2688 128 128 2312
2689 128 136 2473
2690 128 128 2473
2691 128 129 2545
2692 128 128 2545
2693 128 134 0
2694 128 128 0
2695 128 128 0
2696 128 128 0
2697 128 128 0
2698 128 129 0
2699 128 128 0
2700 128 129 0
2701 128 128 0
2702 129 129 0
2703 129 133 0
2704 129 133 0
2705 129 131 0
2706 129 131 0
2707 129 131 0
2708 129 131 2646
2709 129 129 2646
2710 129 129 2444
2711 129 129 2444
2712 129 133 0
2713 129 129 0
2714 129 129 2504
2715 129 133 2504
2716 129 129 2505
2717 129 131 2505
2718 129 133 2578
2719 129 129 2578
2720 129 132 2625
2721 129 133 2625
2722 129 130 2189
2723 129 129 2189
2724 129 129 2435
2725 129 133 2435
2726 129 129 2658
2727 129 129 2658
2728 129 131 2696
2729 129 129 2696
2730 129 130 2631
2731 129 129 2631
2732 129 129 0
2733 129 132 0
2734 129 131 2523
2735 129 131 2523
2736 129 130 2480
2737 129 129 2480
2738 129 131 0
2739 129 129 0
2740 129 129 2527
2741 129 129 2527
2742 129 133 2594
2743 129 129 2594
2744 129 132 0
2745 129 129 0
2746 129 131 2677
2747 129 130 2677
2748 129 129 2390
2749 129 129 2390
2750 129 133 0
2751 129 129 0
2752 129 135 2539
2753 129 129 2539
2754 129 129 2684
2755 129 135 2684
2756 129 132 2680
2757 129 133 2680
2758 129 130 2373
2759 129 129 2373
2760 129 133 0
2761 129 129 0
2762 129 133 2701
2763 129 133 2701
2764 129 129 0
2765 129 131 0
2766 129 132 0
2767 129 136 0
2768 129 132 0
2769 129 129 0
2770 129 133 0
2771 129 133 0
2772 129 129 0
2773 129 130 0
2774 129 129 0
2775 129 134 0
2776 129 130 0
2777 129 130 0
2778 129 129 0
2779 129 129 0
2780 129 129 0
2781 129 133 0
2782 129 133 0
2783 130 134 0
2784 130 131 0
2785 130 130 0
2786 130 132 0
2787 130 130 0
2788 130 133 0
2789 130 134 0
2790 130 130 0
2791 130 131 0
2792 130 130 2711
2793 130 132 2711
2794 130 130 2492
2795 130 131 2492
2796 130 130 2650
2797 130 130 2650
2798 130 130 2569
2799 130 133 2569
2800 130 130 2716
2801 130 130 2716
2802 130 131 2429
2803 130 130 2429
2804 130 130 0
2805 130 130 0
2806 130 133 2710
2807 130 130 2710
2808 130 131 0
2809 130 139 0
2810 130 131 2660
2811 130 130 2660
2812 130 131 2655
2813 130 130 2655
2814 130 130 2726
2815 130 130 2726
2816 130 130 2520
2817 130 133 2520
2818 130 131 2661
2819 130 130 2661
2820 130 134 2593
2821 130 130 2593
2822 130 130 2449
2823 130 130 2449
2824 130 130 2772
2825 130 130 2772
2826 130 130 2774
2827 130 130 2774
2828 130 130 2589
2829 130 133 2589
2830 130 134 2634
2831 130 139 2634
2832 130 130 2460
2833 130 131 2460
2834 130 131 0
2835 130 133 0
2836 130 134 0
2837 130 130 0
2838 130 130 2691
2839 130 130 2691
2840 130 132 0
2841 130 130 0
2842 130 130 0
2843 130 131 0
2844 130 130 0
2845 130 133 0
2846 130 130 0
2847 130 134 0
2848 130 130 0
2849 130 130 0
2850 130 131 0
2851 130 130 0
2852 130 131 0
2853 131 134 0
2854 131 135 0
2855 131 131 0
2856 131 135 0
2857 131 133 2803
2858 131 131 2803
2859 131 131 2652
2860 131 135 2652
2861 131 133 2797
2862 131 131 2797
2863 131 131 0
2864 131 131 0
2865 131 135 2800
2866 131 131 2800
2867 131 132 2842
2868 131 131 2842
2869 131 134 0
2870 131 132 0
2871 131 139 2157
2872 131 131 2157
2873 131 136 2814
2874 131 131 2814
2875 131 135 2825
2876 131 131 2825
2877 131 131 2730
2878 131 131 2730
2879 131 132 2823
2880 131 135 2823
2881 131 131 2736
2882 131 132 2736
2883 131 131 0
2884 131 133 0
2885 131 131 2671
2886 131 132 2671
2887 131 132 2595
2888 131 131 2595
2889 131 131 2773
2890 131 131 2773
2891 131 131 2602
2892 131 131 2602
2893 131 134 2849
2894 131 131 2849
2895 131 131 2670
2896 131 131 2670
2897 131 131 2837
2898 131 131 2837
2899 131 133 2632
2900 131 133 2632
2901 131 131 0
2902 131 133 0
2903 131 135 2547
2904 131 131 2547
2905 131 131 2838
2906 131 131 2838
2907 131 131 0
2908 131 131 0
2909 131 131 0
2910 131 131 0
2911 131 131 0
2912 131 131 0
2913 131 132 0
2914 131 135 0
2915 131 131 0
2916 131 131 0
2917 131 134 0
2918 131 131 0
2919 131 135 0
2920 132 133 0
2921 132 141 0
2922 132 136 0
2923 132 132 0
2924 132 132 0
2925 132 136 0
2926 132 136 0
2927 132 133 0
2928 132 146 0
2929 132 136 0
2930 132 133 0
2931 132 136 0
2932 132 135 0
2933 132 136 2795
2934 132 136 2795
2935 132 132 2859
2936 132 136 2859
2937 132 132 2626
2938 132 136 2626
2939 132 132 2864
2940 132 141 2864
2941 132 132 2708
2942 132 135 2708
2943 132 133 2802
2944 132 132 2802
2945 132 151 2808
2946 132 132 2808
2947 132 138 2843
2948 132 132 2843
2949 132 132 0
2950 132 133 0
2951 132 136 0
2952 132 132 0
2953 132 132 2812
2954 132 133 2812
2955 132 136 2280
2956 132 132 2280
2957 132 132 2717
2958 132 132 2717
2959 132 132 2911
2960 132 136 2911
2961 132 132 2665
2962 132 132 2665
2963 132 132 2337
2964 132 136 2337
2965 132 140 2912
2966 132 132 2912
2967 132 132 2728
2968 132 136 2728
2969 132 132 2889
2970 132 133 2889
2971 132 132 2538
2972 132 134 2538
2973 132 133 2895
2974 132 133 2895
2975 132 132 2735
2976 132 134 2735
2977 132 132 2896
2978 132 132 2896
2979 132 132 2890
2980 132 135 2890
2981 132 132 2453
2982 132 132 2453
2983 132 133 2738
2984 132 133 2738
2985 132 132 2850
2986 132 132 2850
2987 132 133 2892
2988 132 132 2892
2989 132 136 2746
2990 132 141 2746
2991 132 136 2833
2992 132 132 2833
2993 132 134 2906
2994 132 139 2906
2995 132 133 2614
2996 132 132 2614
2997 132 132 2686
2998 132 136 2686
2999 132 132 2612
3000 132 132 2612
3001 132 132 0
3002 132 141 0
3003 132 133 0
3004 132 133 0
3005 132 132 0
3006 132 136 0
3007 132 132 0
3008 132 149 0
3009 132 136 0
3010 133 133 0
3011 133 138 0
3012 133 142 0
3013 133 135 0
3014 133 133 2720
3015 133 136 2720
3016 133 133 2840
3017 133 137 2840
3018 133 133 2793
3019 133 133 2793
3020 133 138 2937
3021 133 133 2937
3022 133 133 0
3023 133 144 0
3024 133 134 2957
3025 133 133 2957
3026 133 137 2867
3027 133 134 2867
3028 133 133 3005
3029 133 133 3005
3030 133 134 2870
3031 133 136 2870
3032 133 133 0
3033 133 147 0
3034 133 133 2653
3035 133 133 2653
3036 133 133 2768
3037 133 137 2768
3038 133 133 2882
3039 133 138 2882
3040 133 135 2961
3041 133 133 2961
3042 133 137 2988
3043 133 142 2988
3044 133 134 2879
3045 133 133 2879
3046 133 142 2886
3047 133 133 2886
3048 133 139 2969
3049 133 133 2969
3050 133 135 2590
3051 133 133 2590
3052 133 138 2981
3053 133 133 2981
3054 133 137 2985
3055 133 133 2985
3056 133 133 2744
3057 133 136 2744
3058 133 133 2196
3059 133 138 2196
3060 133 137 2999
3061 133 133 2999
3062 133 136 2766
3063 133 133 2766
3064 133 133 0
3065 133 137 0
3066 133 133 0
3067 133 133 0
3068 133 135 0
3069 133 133 0
3070 133 133 0
3071 133 135 0
3072 134 136 0
3073 134 140 0
3074 134 143 0
3075 134 134 0
3076 134 136 0
3077 134 142 0
3078 134 138 0
3079 134 138 0
3080 134 136 0
3081 134 134 0
3082 134 136 0
3083 134 139 0
3084 134 138 0
3085 134 135 0
3086 134 134 2799
3087 134 137 2799
3088 134 134 2861
3089 134 134 2861
3090 134 135 2857
3091 134 134 2857
3092 134 141 2806
3093 134 148 2806
3094 134 138 2845
3095 134 134 2845
3096 134 135 2950
3097 134 134 2950
3098 134 135 2954
3099 134 134 2954
3100 134 138 0
3101 134 134 0
3102 134 136 0
3103 134 134 0
3104 134 138 2224
3105 134 134 2224
3106 134 135 2817
3107 134 134 2817
3108 134 142 2362
3109 134 134 2362
3110 134 135 2725
3111 134 136 2725
3112 134 134 3029
3113 134 136 3029
3114 134 134 2770
3115 134 134 2770
3116 134 134 2586
3117 134 138 2586
3118 134 134 3034
3119 134 136 3034
3120 134 135 2984
3121 134 135 2984
3122 134 134 0
3123 134 134 0
3124 134 134 2884
3125 134 134 2884
3126 134 134 2757
3127 134 136 2757
3128 134 134 2983
3129 134 136 2983
3130 134 138 2742
3131 134 134 2742
3132 134 134 2750
3133 134 134 2750
3134 134 134 2974
3135 134 134 2974
3136 134 134 2835
3137 134 134 2835
3138 134 138 2829
3139 134 134 2829
3140 134 139 2899
3141 134 134 2899
3142 134 136 2995
3143 134 134 2995
3144 134 138 2902
3145 134 134 2902
3146 134 134 2687
3147 134 138 2687
3148 134 134 0
3149 134 134 0
3150 134 134 0
3151 134 136 0
3152 134 141 0
3153 134 135 0
3154 134 135 0
3155 134 134 0
3156 134 135 0
3157 134 143 0
3158 134 138 0
3159 135 139 0
3160 135 143 0
3161 135 136 0
3162 135 139 0
3163 135 138 0
3164 135 136 0
3165 135 138 3091
3166 135 135 3091
3167 135 136 3089
3168 135 135 3089
3169 135 135 2693
3170 135 139 2693
3171 135 136 2629
3172 135 137 2629
3173 135 139 3024
3174 135 136 3024
3175 135 135 2869
3176 135 136 2869
3177 135 139 3107
3178 135 135 3107
3179 135 136 0
3180 135 135 0
3181 135 139 3114
3182 135 135 3114
3183 135 139 2368
3184 135 135 2368
3185 135 143 3116
3186 135 135 3116
3187 135 137 2820
3188 135 139 2820
3189 135 135 0
3190 135 139 0
3191 135 135 3030
3192 135 135 3030
3193 135 138 2976
3194 135 135 2976
3195 135 135 3044
3196 135 135 3044
3197 135 136 0
3198 135 135 0
3199 135 135 3134
3200 135 135 3134
3201 135 135 2775
3202 135 135 2775
3203 135 135 3141
3204 135 137 3141
3205 135 139 2917
3206 135 135 2917
3207 135 139 2993
3208 135 135 2993
3209 135 135 0
3210 135 139 0
3211 136 140 0
3212 136 139 0
3213 136 138 0
3214 136 140 0
3215 136 139 0
3216 136 140 0
3217 136 139 2942
3218 136 138 2942
3219 136 136 3106
3220 136 137 3106
3221 136 136 3098
3222 136 137 3098
3223 136 136 3090
3224 136 137 3090
3225 136 136 3096
3226 136 136 3096
3227 136 136 3110
3228 136 136 3110
3229 136 138 3191
3230 136 136 3191
3231 136 136 2875
3232 136 136 2875
3233 136 136 3068
3234 136 141 3068
3235 136 140 3120
3236 136 136 3120
3237 136 136 3050
3238 136 136 3050
3239 136 139 3071
3240 136 136 3071
3241 136 138 3153
3242 136 136 3153
3243 136 136 2880
3244 136 136 2880
3245 136 136 2914
3246 136 136 2914
3247 136 137 3156
3248 136 136 3156
3249 136 139 3195
3250 136 138 3195
3251 136 136 3201
3252 136 136 3201
3253 136 139 2980
3254 136 139 2980
3255 136 136 3154
3256 136 141 3154
3257 136 136 2752
3258 136 136 2752
3259 136 136 3199
3260 136 136 3199
3261 136 136 2755
3262 136 143 2755
3263 136 136 2919
3264 136 140 2919
3265 136 136 2903
3266 136 140 2903
3267 136 144 0
3268 136 136 0
3269 136 138 0
3270 136 140 0
3271 136 136 0
3272 136 136 0
3273 136 139 0
3274 136 136 0
3275 136 138 0
3276 136 138 0
3277 136 136 0
3278 136 138 0
3279 136 138 0
3280 136 136 0
3281 137 142 0
3282 137 141 0
3283 137 137 0
3284 137 141 0
3285 137 141 0
3286 137 141 0
3287 137 141 0
3288 137 138 0
3289 137 141 0
3290 137 146 0
3291 137 138 0
3292 137 140 0
3293 137 140 0
3294 137 137 3015
3295 137 141 3015
3296 137 137 3167
3297 137 137 3167
3298 137 137 2936
3299 137 139 2936
3300 137 137 3031
3301 137 138 3031
3302 137 137 0
3303 137 138 0
3304 137 138 3226
3305 137 138 3226
3306 137 141 3227
3307 137 137 3227
3308 137 137 2955
3309 137 137 2955
3310 137 137 3179
3311 137 139 3179
3312 137 143 2873
3313 137 139 2873
3314 137 137 0
3315 137 137 0
3316 137 139 3113
3317 137 137 3113
3318 137 137 3102
3319 137 137 3102
3320 137 137 3119
3321 137 141 3119
3322 137 137 3006
3323 137 138 3006
3324 137 137 3127
3325 137 145 3127
3326 137 141 3197
3327 137 137 3197
3328 137 139 2605
3329 137 137 2605
3330 137 139 3129
3331 137 141 3129
3332 137 140 3142
3333 137 146 3142
3334 137 137 3237
3335 137 137 3237
3336 137 138 3057
3337 137 137 3057
3338 137 137 3245
3339 137 138 3245
3340 137 141 3257
3341 137 137 3257
3342 137 143 3252
3343 137 137 3252
3344 137 138 0
3345 137 137 0
3346 137 137 0
3347 137 141 0
3348 137 140 2989
3349 137 138 2989
3350 137 141 3259
3351 137 137 3259
3352 137 141 0
3353 137 137 0
3354 137 137 0
3355 137 141 0
3356 137 137 0
3357 137 138 0
3358 137 137 0
3359 137 137 0
3360 137 137 0
3361 137 137 0
3362 137 137 2767
3363 137 148 2767
3364 137 137 3062
3365 137 141 3062
3366 137 137 0
3367 137 138 0
3368 137 141 0
3369 137 137 0
3370 137 137 0
3371 137 139 0
3372 137 137 0
3373 138 142 0
3374 138 142 0
3375 138 138 0
3376 138 139 0
3377 138 141 0
3378 138 139 0
3379 138 141 3087
3380 138 138 3087
3381 138 140 3296
3382 138 138 3296
3383 138 138 3220
3384 138 142 3220
3385 138 147 2497
3386 138 138 2497
3387 138 138 3172
3388 138 138 3172
3389 138 138 3309
3390 138 142 3309
3391 138 138 3222
3392 138 139 3222
3393 138 138 3329
3394 138 138 3329
3395 138 138 0
3396 138 140 0
3397 138 138 3037
3398 138 140 3037
3399 138 138 3334
3400 138 138 3334
3401 138 141 3204
3402 138 138 3204
3403 138 138 3054
3404 138 138 3054
3405 138 142 3361
3406 138 138 3361
3407 138 138 2682
3408 138 141 2682
3409 138 139 0
3410 138 141 0
3411 138 143 0
3412 138 138 0
3413 139 140 0
3414 139 141 0
3415 139 140 0
3416 139 141 0
3417 139 144 0
3418 139 146 0
3419 139 143 0
3420 139 140 0
3421 139 142 3165
3422 139 139 3165
3423 139 139 3020
3424 139 139 3020
3425 139 140 0
3426 139 139 0
3427 139 140 3387
3428 139 139 3387
3429 139 142 2947
3430 139 139 2947
3431 139 139 3304
3432 139 140 3304
3433 139 145 3303
3434 139 143 3303
3435 139 140 0
3436 139 139 0
3437 139 139 0
3438 139 140 0
3439 139 141 3391
3440 139 139 3391
3441 139 139 3039
3442 139 140 3039
3443 139 143 3323
3444 139 139 3323
3445 139 143 3399
3446 139 139 3399
3447 139 143 3193
3448 139 143 3193
3449 139 139 3339
3450 139 139 3339
3451 139 140 3275
3452 139 143 3275
3453 139 143 3276
3454 139 139 3276
3455 139 139 3278
3456 139 139 3278
3457 139 149 3403
3458 139 139 3403
3459 139 142 3349
3460 139 139 3349
3461 139 141 3344
3462 139 139 3344
3463 139 143 3412
3464 139 139 3412
3465 139 139 0
3466 139 139 0
3467 139 139 3250
3468 139 143 3250
3469 139 139 3357
3470 139 141 3357
3471 139 140 3269
3472 139 139 3269
3473 139 143 0
3474 139 139 0
3475 139 145 3279
3476 139 139 3279
3477 139 142 0
3478 139 143 0
3479 139 139 0
3480 139 139 0
3481 139 139 0
3482 139 139 0
3483 139 139 0
3484 139 142 0
3485 139 139 0
3486 139 140 0
3487 139 139 0
3488 139 139 0
3489 139 139 0
3490 139 139 0
3491 139 143 0
3492 139 143 0
3493 140 142 0
3494 140 142 0
3495 140 142 0
3496 140 144 0
3497 140 144 0
3498 140 144 0
3499 140 144 0
3500 140 143 0
3501 140 143 0
3502 140 142 0
3503 140 140 3299
3504 140 140 3299
3505 140 141 0
3506 140 140 0
3507 140 154 3424
3508 140 140 3424
3509 140 144 3217
3510 140 142 3217
3511 140 140 3422
3512 140 140 3422
3513 140 147 0
3514 140 140 0
3515 140 142 3188
3516 140 140 3188
3517 140 140 3481
3518 140 141 3481
3519 140 140 0
3520 140 140 0
3521 140 142 3437
3522 140 149 3437
3523 140 144 3482
3524 140 144 3482
3525 140 140 3173
3526 140 153 3173
3527 140 150 3409
3528 140 140 3409
3529 140 144 3485
3530 140 142 3485
3531 140 140 3181
3532 140 144 3181
3533 140 142 0
3534 140 140 0
3535 140 144 0
3536 140 140 0
3537 140 142 3316
3538 140 140 3316
3539 140 140 3392
3540 140 140 3392
3541 140 140 2871
3542 140 140 2871
3543 140 144 0
3544 140 140 0
3545 140 146 3311
3546 140 142 3311
3547 140 141 3313
3548 140 143 3313
3549 140 142 3048
3550 140 142 3048
3551 140 144 3239
3552 140 142 3239
3553 140 144 3249
3554 140 140 3249
3555 140 140 3253
3556 140 144 3253
3557 140 140 3328
3558 140 144 3328
3559 140 140 3140
3560 140 141 3140
3561 140 144 3330
3562 140 140 3330
3563 140 140 3207
3564 140 140 3207
3565 140 140 3254
3566 140 140 3254
3567 140 144 3371
3568 140 142 3371
3569 140 141 0
3570 140 140 0
3571 140 144 0
3572 140 140 0
3573 140 140 0
3574 140 140 0
3575 140 142 0
3576 140 142 0
3577 140 146 0
3578 141 150 0
3579 141 145 0
3580 141 147 0
3581 141 144 0
3582 141 142 0
3583 141 142 0
3584 141 141 0
3585 141 145 0
3586 141 142 3381
3587 141 141 3381
3588 141 141 3438
3589 141 143 3438
3590 141 145 3425
3591 141 141 3425
3592 141 141 3432
3593 141 148 3432
3594 141 141 3427
3595 141 149 3427
3596 141 141 3520
3597 141 145 3520
3598 141 145 0
3599 141 141 0
3600 141 145 3435
3601 141 141 3435
3602 141 141 3442
3603 141 143 3442
3604 141 141 3541
3605 141 141 3541
3606 141 141 0
3607 141 141 0
3608 141 145 3557
3609 141 141 3557
3610 141 148 0
3611 141 145 0
3612 141 142 3451
3613 141 145 3451
3614 141 141 3398
3615 141 141 3398
3616 141 145 0
3617 141 141 0
3618 141 141 3332
3619 141 145 3332
3620 141 141 3563
3621 141 141 3563
3622 141 141 0
3623 141 145 0
3624 141 141 3471
3625 141 141 3471
3626 141 143 0
3627 141 141 0
3628 141 145 0
3629 141 141 0
3630 141 141 0
3631 141 141 0
3632 141 141 0
3633 142 146 0
3634 142 142 0
3635 142 146 0
3636 142 143 0
3637 142 146 0
3638 142 150 0
3639 142 145 0
3640 142 144 0
3641 142 144 0
3642 142 143 0
3643 142 143 0
3644 142 146 0
3645 142 143 0
3646 142 146 0
3647 142 143 0
3648 142 146 0
3649 142 145 0
3650 142 144 0
3651 142 144 0
3652 142 143 3569
3653 142 142 3569
3654 142 142 3002
3655 142 146 3002
3656 142 142 3379
3657 142 146 3379
3658 142 142 3505
3659 142 142 3505
3660 142 142 3587
3661 142 148 3587
3662 142 142 0
3663 142 143 0
3664 142 144 3092
3665 142 146 3092
3666 142 142 0
3667 142 146 0
3668 142 142 3439
3669 142 143 3439
3670 142 146 3604
3671 142 142 3604
3672 142 142 3602
3673 142 150 3602
3674 142 156 3607
3675 142 142 3607
3676 142 142 3547
3677 142 142 3547
3678 142 142 3234
3679 142 142 3234
3680 142 144 3401
3681 142 145 3401
3682 142 142 3256
3683 142 143 3256
3684 142 142 3631
3685 142 142 3631
3686 142 144 3340
3687 142 142 3340
3688 142 142 3408
3689 142 145 3408
3690 142 145 2990
3691 142 142 2990
3692 142 142 3620
3693 142 146 3620
3694 142 144 3470
3695 142 142 3470
3696 142 146 3461
3697 142 142 3461
3698 142 145 0
3699 142 142 0
3700 142 146 0
3701 142 143 0
3702 142 142 0
3703 142 149 0
3704 142 142 0
3705 142 142 0
3706 143 147 0
3707 143 147 0
3708 143 147 0
3709 143 145 3692
3710 143 145 0
3711 143 145 0
3712 143 143 0
3713 143 147 0
3714 143 143 3510
3715 143 144 3510
3716 143 144 3658
3717 143 143 3658
3718 143 143 0
3719 143 143 0
3720 143 143 3421
3721 143 143 3421
3722 143 143 0
3723 143 144 0
3724 143 147 3515
3725 143 143 3515
3726 143 143 2271
3727 143 143 2271
3728 143 144 3659
3729 143 143 3659
3730 143 144 3484
3731 143 143 3484
3732 143 145 3429
3733 143 143 3429
3734 143 143 3546
3735 143 143 3546
3736 143 143 3675
3737 143 144 3675
3738 143 152 3537
3739 143 143 3537
3740 143 147 3533
3741 143 143 3533
3742 143 147 3676
3743 143 147 3676
3744 143 149 0
3745 143 143 0
3746 143 143 3046
3747 143 144 3046
3748 143 143 3576
3749 143 144 3576
3750 143 150 3702
3751 143 145 3702
3752 143 145 3549
3753 143 143 3549
3754 143 146 3575
3755 143 143 3575
3756 143 146 3682
3757 143 143 3682
3758 143 144 3685
3759 143 145 3685
3760 143 146 3550
3761 143 143 3550
3762 143 143 3568
3763 143 147 3568
3764 143 147 3530
3765 143 143 3530
3766 143 145 3692
3767 143 146 0
3768 143 143 0
3769 143 147 0
3770 143 147 0
3771 143 143 3477
3772 143 150 3477
3773 143 147 0
3774 143 143 0
3775 143 143 0
3776 143 147 0
3777 143 143 0
3778 144 144 0
3779 144 145 0
3780 144 148 0
3781 144 147 0
3782 144 146 0
3783 144 148 0
3784 144 153 0
3785 144 146 0
3786 144 148 0
3787 144 148 0
3788 144 144 3652
3789 144 144 3652
3790 144 144 3663
3791 144 144 3663
3792 144 144 3721
3793 144 144 3721
3794 144 144 0
3795 144 144 0
3796 144 148 0
3797 144 144 0
3798 144 144 3726
3799 144 148 3726
3800 144 144 3727
3801 144 146 3727
3802 144 146 3731
3803 144 144 3731
3804 144 148 0
3805 144 144 0
3806 144 147 3669
3807 144 144 3669
3808 144 146 3312
3809 144 144 3312
3810 144 144 3735
3811 144 146 3735
3812 144 148 3603
3813 144 144 3603
3814 144 150 3185
3815 144 144 3185
3816 144 144 3453
3817 144 145 3453
3818 144 153 3548
3819 144 144 3548
3820 144 146 3443
3821 144 144 3443
3822 144 144 0
3823 144 147 0
3824 144 144 3411
3825 144 144 3411
3826 144 153 3157
3827 144 144 3157
3828 144 148 0
3829 144 144 0
3830 144 148 3452
3831 144 144 3452
3832 144 154 3683
3833 144 144 3683
3834 144 144 0
3835 144 144 0
3836 144 151 0
3837 144 144 0
3838 144 144 0
3839 144 144 0
3840 144 145 0
3841 144 148 0
3842 144 146 0
3843 144 148 0
3844 144 144 0
3845 144 144 0
3846 144 144 0
3847 144 145 0
3848 144 147 0
3849 145 148 0
3850 145 148 0
3851 145 149 0
3852 145 149 0
3853 145 149 0
3854 145 145 0
3855 145 149 0
3856 145 145 0
3857 145 145 0
3858 145 149 0
3859 145 147 0
3860 145 146 3723
3861 145 147 3723
3862 145 154 3791
3863 145 146 3791
3864 145 145 3715
3865 145 148 3715
3866 145 145 0
3867 145 145 0
3868 145 147 3792
3869 145 145 3792
3870 145 145 3794
3871 145 148 3794
3872 145 147 3023
3873 145 145 3023
3874 145 146 3803
3875 145 145 3803
3876 145 154 0
3877 145 147 0
3878 145 149 3524
3879 145 145 3524
3880 145 146 3664
3881 145 145 3664
3882 145 152 3728
3883 145 149 3728
3884 145 146 0
3885 145 146 0
3886 145 147 3730
3887 145 145 3730
3888 145 149 0
3889 145 145 0
3890 145 145 0
3891 145 151 0
3892 145 158 3680
3893 145 146 3680
3894 145 149 0
3895 145 149 0
3896 145 149 0
3897 145 145 0
3898 145 145 3686
3899 145 145 3686
3900 145 148 3267
3901 145 145 3267
3902 145 145 0
3903 145 155 0
3904 145 146 3694
3905 145 148 3694
3906 145 145 0
3907 145 145 0
3908 145 145 0
3909 145 145 0
3910 145 145 0
3911 145 149 0
3912 145 145 0
3913 145 148 0
3914 145 145 0
3915 146 150 0
3916 146 155 0
3917 146 147 0
3918 146 154 0
3919 146 148 0
3920 146 147 0
3921 146 149 0
3922 146 146 0
3923 146 146 0
3924 146 153 0
3925 146 149 0
3926 146 146 3864
3927 146 146 3864
3928 146 150 3866
3929 146 146 3866
3930 146 146 0
3931 146 146 0
3932 146 148 0
3933 146 146 0
3934 146 146 3732
3935 146 146 3732
3936 146 149 3325
3937 146 146 3325
3938 146 146 3598
3939 146 148 3598
3940 146 146 0
3941 146 146 0
3942 146 146 0
3943 146 146 0
3944 146 149 0
3945 146 146 0
3946 146 152 3752
3947 146 146 3752
3948 146 146 3751
3949 146 150 3751
3950 146 148 3840
3951 146 149 3840
3952 146 146 3616
3953 146 148 3616
3954 146 150 3759
3955 146 146 3759
3956 146 148 3817
3957 146 148 3817
3958 146 146 3766
3959 146 151 3766
3960 146 150 3681
3961 146 146 3681
3962 146 148 3690
3963 146 147 3690
3964 146 148 3899
3965 146 150 3899
3966 146 150 0
3967 146 146 0
3968 146 146 3698
3969 146 157 3698
3970 146 146 0
3971 146 150 0
3972 146 146 3475
3973 146 150 3475
3974 146 146 3847
3975 146 150 3847
3976 146 146 3689
3977 146 150 3689
3978 146 146 0
3979 146 146 0
3980 146 146 0
3981 146 146 0
3982 146 146 0
3983 146 151 0
3984 146 146 0
3985 146 146 0
3986 146 146 0
3987 146 146 0
3988 146 147 0
3989 146 146 0
3990 146 146 0
3991 147 148 0
3992 147 149 0
3993 147 151 0
3994 147 147 0
3995 147 153 0
3996 147 155 0
3997 147 150 0
3998 147 149 0
3999 147 149 0
4000 147 149 0
4001 147 148 0
4002 147 150 0
4003 147 151 0
4004 147 147 3860
4005 147 147 3860
4006 147 147 3930
4007 147 147 3930
4008 147 153 3700
4009 147 147 3700
4010 147 151 3655
4011 147 147 3655
4012 147 147 3802
4013 147 147 3802
4014 147 147 3980
4015 147 148 3980
4016 147 147 3880
4017 147 148 3880
4018 147 147 3808
4019 147 149 3808
4020 147 149 0
4021 147 149 0
4022 147 151 3665
4023 147 154 3665
4024 147 155 3938
4025 147 147 3938
4026 147 147 3942
4027 147 147 3942
4028 147 148 3811
4029 147 149 3811
4030 147 148 3577
4031 147 148 3577
4032 147 147 3756
4033 147 147 3756
4034 147 147 3820
4035 147 147 3820
4036 147 156 3754
4037 147 148 3754
4038 147 147 3842
4039 147 148 3842
4040 147 150 0
4041 147 147 0
4042 147 151 3760
4043 147 147 3760
4044 147 157 3904
4045 147 147 3904
4046 147 151 3767
4047 147 147 3767
4048 147 151 0
4049 147 147 0
4050 147 150 3945
4051 147 147 3945
4052 147 147 0
4053 147 147 0
4054 147 153 0
4055 147 149 0
4056 147 148 0
4057 147 150 0
4058 147 150 0
4059 147 147 0
4060 147 147 0
4061 148 153 0
4062 148 152 0
4063 148 154 0
4064 148 148 0
4065 148 152 0
4066 148 148 0
4067 148 149 0
4068 148 152 0
4069 148 151 0
4070 148 148 0
4071 148 151 0
4072 148 152 0
4073 148 148 4004
4074 148 150 4004
4075 148 152 0
4076 148 152 0
4077 148 152 0
4078 148 148 0
4079 148 148 3513
4080 148 150 3513
4081 148 152 4006
4082 148 148 4006
4083 148 148 0
4084 148 148 0
4085 148 148 3868
4086 148 149 3868
4087 148 148 3872
4088 148 148 3872
4089 148 149 0
4090 148 148 0
4091 148 149 3861
4092 148 148 3861
4093 148 148 4012
4094 148 154 4012
4095 148 149 3886
4096 148 148 3886
4097 148 152 4026
4098 148 149 4026
4099 148 148 3823
4100 148 148 3823
4101 148 150 3806
4102 148 148 3806
4103 148 151 4032
4104 148 155 4032
4105 148 151 0
4106 148 148 0
4107 148 149 4035
4108 148 148 4035
4109 148 152 3770
4110 148 150 3770
4111 148 149 0
4112 148 148 0
4113 148 148 0
4114 148 149 0
4115 148 148 0
4116 148 148 0
4117 148 148 0
4118 149 153 0
4119 149 151 0
4120 149 153 0
4121 149 149 0
4122 149 152 0
4123 149 149 0
4124 149 149 0
4125 149 149 0
4126 149 150 0
4127 149 153 0
4128 149 153 3865
4129 149 149 3865
4130 149 153 3093
4131 149 153 3093
4132 149 150 4084
4133 149 149 4084
4134 149 153 3661
4135 149 153 3661
4136 149 153 3593
4137 149 153 3593
4138 149 149 3939
4139 149 151 3939
4140 149 149 3932
4141 149 151 3932
4142 149 152 4015
4143 149 149 4015
4144 149 149 4100
4145 149 153 4100
4146 149 149 3804
4147 149 151 3804
4148 149 150 0
4149 149 149 0
4150 149 151 4093
4151 149 149 4093
4152 149 149 0
4153 149 151 0
4154 149 152 0
4155 149 149 0
4156 149 149 4028
4157 149 150 4028
4158 149 153 4099
4159 149 149 4099
4160 149 149 0
4161 149 149 0
4162 149 149 3610
4163 149 149 3610
4164 149 149 3913
4165 149 149 3913
4166 149 149 4030
4167 149 149 4030
4168 149 152 3841
4169 149 149 3841
4170 149 149 3953
4171 149 149 3953
4172 149 149 3956
4173 149 150 3956
4174 149 149 3962
4175 149 151 3962
4176 149 149 3905
4177 149 155 3905
4178 149 151 0
4179 149 152 0
4180 149 149 0
4181 149 150 0
4182 149 151 0
4183 149 149 0
4184 149 149 0
4185 149 151 0
4186 149 149 0
4187 149 149 0
4188 149 150 0
4189 149 150 0
4190 150 151 0
4191 150 150 0
4192 150 152 0
4193 150 155 0
4194 150 150 0
4195 150 153 0
4196 150 150 0
4197 150 152 0
4198 150 153 0
4199 150 151 0
4200 150 150 0
4201 150 153 0
4202 150 150 0
4203 150 150 4086
4204 150 150 4086
4205 150 150 4149
4206 150 150 4149
4207 150 151 4138
4208 150 150 4138
4209 150 154 4089
4210 150 151 4089
4211 150 150 0
4212 150 154 0
4213 150 150 3883
4214 150 151 3883
4215 150 155 0
4216 150 150 0
4217 150 151 4095
4218 150 150 4095
4219 150 154 4091
4220 150 150 4091
4221 150 152 3595
4222 150 150 3595
4223 150 150 4020
4224 150 153 4020
4225 150 150 3936
4226 150 151 3936
4227 150 151 4019
4228 150 150 4019
4229 150 150 0
4230 150 150 0
4231 150 152 3522
4232 150 150 3522
4233 150 154 0
4234 150 150 0
4235 150 150 3008
4236 150 151 3008
4237 150 150 0
4238 150 153 0
4239 150 151 4029
4240 150 150 4029
4241 150 151 3744
4242 150 151 3744
4243 150 150 0
4244 150 150 3944
4245 150 159 3944
4246 150 150 4166
4247 150 150 4166
4248 150 152 4114
4249 150 150 4114
4250 150 152 3895
4251 150 152 3895
4252 150 151 4164
4253 150 152 4164
4254 150 159 4170
4255 150 153 4170
4256 150 152 3457
4257 150 151 3457
4258 150 151 0
4259 150 151 0
4260 150 152 4187
4261 150 154 4187
4262 150 151 4107
4263 150 154 4107
4264 150 150 0
4265 150 153 0
4266 150 150 0
4267 150 150 0
4268 150 153 0
4269 150 152 0
4270 150 150 0
4271 150 150 0
4272 150 154 0
4273 150 150 0
4274 150 154 0
4275 150 150 0
4276 151 153 0
4277 151 151 0
4278 151 155 0
4279 151 154 0
4280 151 160 0
4281 151 155 0
4282 151 155 0
4283 151 155 0
4284 151 155 0
4285 151 154 0
4286 151 151 4074
4287 151 152 4074
4288 151 151 4080
4289 151 156 4080
4290 151 151 0
4291 151 156 0
4292 151 151 4132
4293 151 155 4132
4294 151 151 3527
4295 151 154 3527
4296 151 154 4204
4297 151 151 4204
4298 151 153 4205
4299 151 151 4205
4300 151 151 3673
4301 151 152 3673
4302 151 151 4267
4303 151 151 4267
4304 151 155 4148
4305 151 151 4148
4306 151 151 0
4307 151 151 0
4308 151 151 4157
4309 151 151 4157
4310 151 154 4181
4311 151 151 4181
4312 151 151 4229
4313 151 151 4229
4314 151 154 4101
4315 151 151 4101
4316 151 152 4247
4317 151 153 4247
4318 151 151 3750
4319 151 151 3750
4320 151 151 0
4321 151 156 0
4322 151 151 0
4323 151 154 0
4324 151 151 4058
4325 151 154 4058
4326 151 154 3975
4327 151 155 3975
4328 151 151 3966
4329 151 153 3966
4330 151 151 0
4331 151 152 0
4332 151 151 4057
4333 151 151 4057
4334 151 151 3772
4335 151 153 3772
4336 151 151 4050
4337 151 152 4050
4338 151 153 4110
4339 151 151 4110
4340 151 152 0
4341 151 151 0
4342 151 151 0
4343 151 153 0
4344 151 151 0
4345 151 152 0
4346 151 151 0
4347 151 151 0
4348 152 153 0
4349 152 153 0
4350 152 153 0
4351 152 156 0
4352 152 152 0
4353 152 152 0
4354 152 156 0
4355 152 156 0
4356 152 152 4199
4357 152 156 4199
4358 152 152 4178
4359 152 152 4178
4360 152 154 0
4361 152 156 0
4362 152 152 3836
4363 152 154 3836
4364 152 153 4207
4365 152 153 4207
4366 152 160 4286
4367 152 152 4286
4368 152 152 4214
4369 152 152 4214
4370 152 153 0
4371 152 153 0
4372 152 154 4141
4373 152 152 4141
4374 152 152 4217
4375 152 152 4217
4376 152 152 4153
4377 152 152 4153
4378 152 152 4147
4379 152 154 4147
4380 152 154 4306
4381 152 152 4306
4382 152 152 4313
4383 152 154 4313
4384 152 152 4242
4385 152 152 4242
4386 152 152 4311
4387 152 152 4311
4388 152 153 3891
4389 152 152 3891
4390 152 152 4239
4391 152 155 4239
4392 152 155 4241
4393 152 152 4241
4394 152 162 4236
4395 152 152 4236
4396 152 157 0
4397 152 152 0
4398 152 154 4185
4399 152 158 4185
4400 152 152 4318
4401 152 155 4318
4402 152 152 4258
4403 152 152 4258
4404 152 155 4262
4405 152 152 4262
4406 152 155 3983
4407 152 152 3983
4408 152 153 4103
4409 152 152 4103
4410 152 152 4333
4411 152 152 4333
4412 152 152 0
4413 152 152 0
4414 152 152 0
4415 152 152 0
4416 152 152 4175
4417 152 152 4175
4418 152 152 4328
4419 152 156 4328
4420 152 152 4257
4421 152 156 4257
4422 152 153 4334
4423 152 152 4334
4424 152 152 4332
4425 152 154 4332
4426 152 154 0
4427 152 156 0
4428 152 158 0
4429 152 152 0
4430 152 154 0
4431 152 152 0
4432 152 158 0
4433 152 152 0
4434 152 153 0
4435 152 152 0
4436 152 152 0
4437 152 153 0
4438 152 152 0
4439 152 153 0
4440 153 154 0
4441 153 153 0
4442 153 154 0
4443 153 153 0
4444 153 153 0
4445 153 153 0
4446 153 153 0
4447 153 153 0
4448 153 154 0
4449 153 153 0
4450 153 154 4340
4451 153 153 4340
4452 153 153 4287
4453 153 156 4287
4454 153 157 4368
4455 153 156 4368
4456 153 153 4377
4457 153 155 4377
4458 153 158 4374
4459 153 153 4374
4460 153 156 4378
4461 153 153 4378
4462 153 154 0
4463 153 154 0
4464 153 153 4179
4465 153 155 4179
4466 153 153 4097
4467 153 156 4097
4468 153 153 4316
4469 153 153 4316
4470 153 157 4269
4471 153 159 4269
4472 153 153 4384
4473 153 153 4384
4474 153 155 4248
4475 153 153 4248
4476 153 160 0
4477 153 153 0
4478 153 153 4231
4479 153 154 4231
4480 153 155 3946
4481 153 153 3946
4482 153 153 4409
4483 153 157 4409
4484 153 155 4390
4485 153 153 4390
4486 153 153 0
4487 153 153 0
4488 153 155 4400
4489 153 153 4400
4490 153 155 4253
4491 153 153 4253
4492 153 155 4221
4493 153 153 4221
4494 153 153 4250
4495 153 154 4250
4496 153 157 4415
4497 153 153 4415
4498 153 153 0
4499 153 154 0
4500 153 157 4256
4501 153 157 4256
4502 153 154 0
4503 153 154 0
4504 153 156 4403
4505 153 154 4403
4506 153 153 4438
4507 153 153 4438
4508 153 154 4331
4509 153 153 4331
4510 153 153 4337
4511 153 157 4337
4512 153 153 0
4513 153 157 0
4514 153 157 0
4515 153 153 0
4516 153 164 0
4517 153 153 0
4518 153 153 0
4519 153 153 0
4520 153 153 0
4521 153 154 0
4522 153 153 0
4523 153 154 0
4524 153 153 0
4525 154 155 0
4526 154 156 0
4527 154 154 0
4528 154 155 0
4529 154 156 0
4530 154 156 0
4531 154 156 0
4532 154 158 0
4533 154 154 4130
4534 154 154 4130
4535 154 158 4201
4536 154 155 4201
4537 154 155 0
4538 154 154 0
4539 154 157 4128
4540 154 154 4128
4541 154 155 0
4542 154 154 0
4543 154 154 4134
4544 154 154 4134
4545 154 154 4370
4546 154 154 4370
4547 154 154 4365
4548 154 154 4365
4549 154 155 0
4550 154 154 0
4551 154 163 4456
4552 154 154 4456
4553 154 154 4343
4554 154 154 4343
4555 154 156 4515
4556 154 154 4515
4557 154 154 4472
4558 154 154 4472
4559 154 163 4136
4560 154 154 4136
4561 154 154 4224
4562 154 154 4224
4563 154 156 4468
4564 154 154 4468
4565 154 156 0
4566 154 159 0
4567 154 156 4388
4568 154 154 4388
4569 154 154 0
4570 154 156 0
4571 154 154 4486
4572 154 154 4486
4573 154 154 0
4574 154 155 0
4575 154 154 4054
4576 154 154 4054
4577 154 154 0
4578 154 154 0
4579 154 155 4268
4580 154 154 4268
4581 154 160 4317
4582 154 154 4317
4583 154 159 4238
4584 154 156 4238
4585 154 159 4494
4586 154 154 4494
4587 154 154 0
4588 154 155 0
4589 154 154 0
4590 154 154 0
4591 154 155 4255
4592 154 154 4255
4593 154 154 0
4594 154 154 0
4595 154 154 4265
4596 154 154 4265
4597 154 154 4524
4598 154 158 4524
4599 154 154 4335
4600 154 155 4335
4601 154 154 4422
4602 154 154 4422
4603 154 155 0
4604 154 154 0
4605 154 154 0
4606 154 154 0
4607 154 154 0
4608 154 154 0
4609 154 154 0
4610 154 154 0
4611 154 154 0
4612 154 155 0
4613 154 155 0
4614 154 157 0
4615 154 154 0
4616 154 156 0
4617 154 154 0
4618 154 154 0
4619 154 162 0
4620 154 154 0
4621 154 154 0
4622 154 155 0
4623 154 154 0
4624 155 156 0
4625 155 159 0
4626 155 155 0
4627 155 159 0
4628 155 155 0
4629 155 155 0
4630 155 156 0
4631 155 155 0
4632 155 156 0
4633 155 156 4533
4634 155 155 4533
4635 155 155 4538
4636 155 157 4538
4637 155 156 4544
4638 155 155 4544
4639 155 158 4450
4640 155 155 4450
4641 155 158 4426
4642 155 155 4426
4643 155 158 4360
4644 155 155 4360
4645 155 158 4094
4646 155 155 4094
4647 155 158 4543
4648 155 155 4543
4649 155 155 4448
4650 155 155 4448
4651 155 155 4296
4652 155 155 4296
4653 155 155 4463
4654 155 157 4463
4655 155 155 4610
4656 155 159 4610
4657 155 156 0
4658 155 155 0
4659 155 155 4548
4660 155 155 4548
4661 155 156 4575
4662 155 155 4575
4663 155 155 0
4664 155 159 0
4665 155 156 4430
4666 155 155 4430
4667 155 155 4372
4668 155 155 4372
4669 155 156 4380
4670 155 155 4380
4671 155 155 4023
4672 155 155 4023
4673 155 157 4558
4674 155 155 4558
4675 155 155 4611
4676 155 157 4611
4677 155 155 4557
4678 155 155 4557
4679 155 155 4383
4680 155 155 4383
4681 155 155 4462
4682 155 156 4462
4683 155 159 0
4684 155 155 0
4685 155 155 4505
4686 155 157 4505
4687 155 157 4571
4688 155 155 4571
4689 155 159 4576
4690 155 158 4576
4691 155 159 4495
4692 155 155 4495
4693 155 155 4521
4694 155 157 4521
4695 155 155 4323
4696 155 155 4323
4697 155 155 4314
4698 155 155 4314
4699 155 155 4398
4700 155 155 4398
4701 155 155 4499
4702 155 155 4499
4703 155 155 4425
4704 155 159 4425
4705 155 156 4502
4706 155 155 4502
4707 155 155 0
4708 155 155 0
4709 155 157 3832
4710 155 157 3832
4711 155 155 0
4712 155 155 0
4713 155 156 4593
4714 155 155 4593
4715 155 159 4602
4716 155 158 4602
4717 155 156 4596
4718 155 156 4596
4719 155 155 4326
4720 155 157 4326
4721 155 155 4508
4722 155 158 4508
4723 155 155 4594
4724 155 155 4594
4725 155 156 0
4726 155 159 0
4727 155 155 0
4728 155 155 0
4729 155 155 0
4730 155 155 0
4731 155 155 0
4732 155 155 0
4733 155 155 0
4734 155 160 0
4735 155 159 0
4736 155 156 0
4737 156 158 0
4738 156 156 0
4739 156 160 0
4740 156 161 0
4741 156 157 0
4742 156 157 0
4743 156 157 4652
4744 156 157 4652
4745 156 156 4634
4746 156 156 4634
4747 156 156 4541
4748 156 157 4541
4749 156 156 4650
4750 156 157 4650
4751 156 156 4536
4752 156 156 4536
4753 156 157 4667
4754 156 156 4667
4755 156 157 4549
4756 156 163 4549
4757 156 156 4728
4758 156 156 4728
4759 156 156 4457
4760 156 156 4457
4761 156 157 4215
4762 156 156 4215
4763 156 156 4659
4764 156 156 4659
4765 156 156 0
4766 156 157 0
4767 156 156 4653
4768 156 156 4653
4769 156 160 4672
4770 156 156 4672
4771 156 157 4537
4772 156 156 4537
4773 156 160 0
4774 156 156 0
4775 156 156 4668
4776 156 159 4668
4777 156 156 4304
4778 156 156 4304
4779 156 157 4391
4780 156 158 4391
4781 156 158 4024
4782 156 156 4024
4783 156 157 4677
4784 156 156 4677
4785 156 156 4679
4786 156 156 4679
4787 156 157 4480
4788 156 156 4480
4789 156 157 4104
4790 156 156 4104
4791 156 156 4670
4792 156 156 4670
4793 156 160 4731
4794 156 157 4731
4795 156 158 4612
4796 156 156 4612
4797 156 156 4698
4798 156 156 4698
4799 156 156 4490
4800 156 156 4490
4801 156 156 4613
4802 156 156 4613
4803 156 157 0
4804 156 158 0
4805 156 156 0
4806 156 157 0
4807 156 156 4678
4808 156 160 4678
4809 156 156 4588
4810 156 158 4588
4811 156 158 4488
4812 156 156 4488
4813 156 158 4484
4814 156 156 4484
4815 156 159 4492
4816 156 156 4492
4817 156 159 4401
4818 156 159 4401
4819 156 156 4697
4820 156 160 4697
4821 156 156 4701
4822 156 159 4701
4823 156 156 4706
4824 156 156 4706
4825 156 159 4695
4826 156 156 4695
4827 156 157 4699
4828 156 156 4699
4829 156 156 4392
4830 156 156 4392
4831 156 161 4733
4832 156 156 4733
4833 156 156 4406
4834 156 160 4406
4835 156 157 4714
4836 156 156 4714
4837 156 156 4711
4838 156 156 4711
4839 156 156 4707
4840 156 158 4707
4841 156 156 4177
4842 156 162 4177
4843 156 156 4603
4844 156 156 4603
4845 156 156 4600
4846 156 156 4600
4847 156 156 0
4848 156 156 0
4849 156 156 4702
4850 156 156 4702
4851 156 156 3903
4852 156 158 3903
4853 156 157 4723
4854 156 157 4723
4855 156 160 4404
4856 156 156 4404
4857 156 157 0
4858 156 157 0
4859 156 156 0
4860 156 159 0
4861 156 156 0
4862 156 160 0
4863 156 156 0
4864 156 156 0
4865 156 156 0
4866 156 157 0
4867 156 157 0
4868 156 156 0
4869 156 156 0
4870 156 156 0
4871 156 156 0
4872 157 159 0
4873 157 158 0
4874 157 158 0
4875 157 162 0
4876 157 159 4357
4877 157 157 4357
4878 157 157 4745
4879 157 157 4745
4880 157 157 4453
4881 157 157 4453
4882 157 157 0
4883 157 160 0
4884 157 157 4637
4885 157 158 4637
4886 157 157 4747
4887 157 161 4747
4888 157 160 4289
4889 157 160 4289
4890 157 157 0
4891 157 157 0
4892 157 157 4291
4893 157 157 4291
4894 157 158 4757
4895 157 157 4757
4896 157 157 4759
4897 157 157 4759
4898 157 157 4669
4899 157 157 4669
4900 157 157 4772
4901 157 157 4772
4902 157 157 4802
4903 157 157 4802
4904 157 157 4788
4905 157 157 4788
4906 157 158 4657
4907 157 158 4657
4908 157 157 4767
4909 157 157 4767
4910 157 157 4785
4911 157 157 4785
4912 157 159 4814
4913 157 158 4814
4914 157 159 4777
4915 157 157 4777
4916 157 157 4798
4917 157 158 4798
4918 157 158 4665
4919 157 157 4665
4920 157 157 4565
4921 157 160 4565
4922 157 160 4567
4923 157 157 4567
4924 157 157 0
4925 157 158 0
4926 157 157 3674
4927 157 157 3674
4928 157 158 4616
4929 157 157 4616
4930 157 158 4830
4931 157 158 4830
4932 157 157 4790
4933 157 159 4790
4934 157 157 0
4935 157 157 0
4936 157 157 0
4937 157 157 0
4938 157 158 4570
4939 157 157 4570
4940 157 157 4823
4941 157 157 4823
4942 157 157 4504
4943 157 157 4504
4944 157 157 4819
4945 157 157 4819
4946 157 157 0
4947 157 162 0
4948 157 158 4847
4949 157 157 4847
4950 157 157 4826
4951 157 157 4826
4952 157 157 4584
4953 157 159 4584
4954 157 157 4555
4955 157 162 4555
4956 157 157 0
4957 157 157 0
4958 157 157 4705
4959 157 157 4705
4960 157 159 4843
4961 157 157 4843
4962 157 157 4419
4963 157 158 4419
4964 157 158 4850
4965 157 160 4850
4966 157 164 4421
4967 157 157 4421
4968 157 159 4846
4969 157 157 4846
4970 157 157 4717
4971 157 157 4717
4972 157 159 4736
4973 157 157 4736
4974 157 157 0
4975 157 157 0
4976 157 158 0
4977 157 158 0
4978 157 158 0
4979 157 157 0
4980 157 157 0
4981 157 157 0
4982 157 157 0
4983 157 157 0
4984 157 157 0
4985 157 157 0
4986 157 157 0
4987 157 164 0
4988 157 157 0
4989 157 159 0
4990 157 157 0
4991 157 158 0
4992 157 157 0
4993 157 158 0
4994 157 158 0
4995 157 157 0
4996 157 158 0
4997 158 159 0
4998 158 163 0
4999 158 160 0
5000 158 159 0
5001 158 160 0
5002 158 158 0
5003 158 159 4878
5004 158 158 4878
5005 158 158 4877
5006 158 158 4877
5007 158 158 4880
5008 158 158 4880
5009 158 159 4454
5010 158 158 4454
5011 158 158 4882
5012 158 162 4882
5013 158 158 4636
5014 158 158 4636
5015 158 162 4743
5016 158 161 4743
5017 158 161 4513
5018 158 158 4513
5019 158 158 4539
5020 158 159 4539
5021 158 158 4858
5022 158 158 4858
5023 158 159 4879
5024 158 158 4879
5025 158 158 4897
5026 158 158 4897
5027 158 158 4890
5028 158 166 4890
5029 158 158 4898
5030 158 158 4898
5031 158 158 4904
5032 158 158 4904
5033 158 158 4909
5034 158 158 4909
5035 158 158 4766
5036 158 158 4766
5037 158 158 4654
5038 158 159 4654
5039 158 158 4748
5040 158 158 4748
5041 158 160 4857
5042 158 158 4857
5043 158 158 4514
5044 158 159 4514
5045 158 158 4979
5046 158 158 4979
5047 158 158 4893
5048 158 162 4893
5049 158 158 4673
5050 158 158 4673
5051 158 158 4755
5052 158 159 4755
5053 158 161 4761
5054 158 158 4761
5055 158 158 4905
5056 158 159 4905
5057 158 158 4771
5058 158 158 4771
5059 158 163 4794
5060 158 158 4794
5061 158 158 4910
5062 158 158 4910
5063 158 158 4926
5064 158 158 4926
5065 158 158 4936
5066 158 160 4936
5067 158 158 4614
5068 158 159 4614
5069 158 159 4935
5070 158 158 4935
5071 158 158 4779
5072 158 159 4779
5073 158 159 4866
5074 158 158 4866
5075 158 158 4929
5076 158 158 4929
5077 158 158 4396
5078 158 158 4396
5079 158 162 4959
5080 158 158 4959
5081 158 158 4944
5082 158 158 4944
5083 158 158 4686
5084 158 158 4686
5085 158 159 4806
5086 158 158 4806
5087 158 159 4470
5088 158 160 4470
5089 158 158 4835
5090 158 158 4835
5091 158 158 4827
5092 158 159 4827
5093 158 158 4500
5094 158 158 4500
5095 158 159 4942
5096 158 159 4942
5097 158 159 4962
5098 158 158 4962
5099 158 158 4720
5100 158 160 4720
5101 158 159 4970
5102 158 158 4970
5103 158 160 4956
5104 158 158 4956
5105 158 163 3969
5106 158 158 3969
5107 158 158 4710
5108 158 158 4710
5109 158 158 4044
5110 158 158 4044
5111 158 161 4975
5112 158 158 4975
5113 158 158 4853
5114 158 158 4853
5115 158 158 0
5116 158 160 0
5117 158 158 0
5118 158 158 0
5119 158 162 0
5120 158 158 0
5121 158 161 0
5122 158 158 0
5123 158 158 0
5124 158 158 0
5125 158 162 0
5126 158 158 0
5127 158 160 0
5128 158 159 0
5129 158 158 0
5130 158 159 0
5131 158 158 0
5132 158 158 0
5133 158 158 0
5134 159 161 0
5135 159 161 0
5136 159 159 5014
5137 159 159 5014
5138 159 159 4885
5139 159 160 4885
5140 159 159 4976
5141 159 159 4976
5142 159 159 5008
5143 159 159 5008
5144 159 161 4645
5145 159 163 4645
5146 159 161 4639
5147 159 160 4639
5148 159 159 4643
5149 159 160 4643
5150 159 162 5006
5151 159 159 5006
5152 159 159 4641
5153 159 163 4641
5154 159 159 5025
5155 159 162 5025
5156 159 159 5029
5157 159 160 5029
5158 159 159 5011
5159 159 159 5011
5160 159 162 5021
5161 159 159 5021
5162 159 160 4458
5163 159 159 4458
5164 159 159 4647
5165 159 161 4647
5166 159 159 5026
5167 159 162 5026
5168 159 159 5034
5169 159 160 5034
5170 159 160 0
5171 159 161 0
5172 159 159 5018
5173 159 159 5018
5174 159 163 4535
5175 159 159 4535
5176 159 160 5039
5177 159 161 5039
5178 159 159 5118
5179 159 159 5118
5180 159 159 5047
5181 159 161 5047
5182 159 159 5035
5183 159 159 5035
5184 159 159 4399
5185 159 159 4399
5186 159 162 4906
5187 159 159 4906
5188 159 159 5060
5189 159 159 5060
5190 159 160 4428
5191 159 159 4428
5192 159 159 4432
5193 159 161 4432
5194 159 160 5055
5195 159 159 5055
5196 159 159 4913
5197 159 161 4913
5198 159 161 4780
5199 159 159 4780
5200 159 163 4781
5201 159 159 4781
5202 159 163 5064
5203 159 159 5064
5204 159 159 5070
5205 159 159 5070
5206 159 160 5062
5207 159 159 5062
5208 159 159 4917
5209 159 159 4917
5210 159 159 4930
5211 159 159 4930
5212 159 159 5084
5213 159 159 5084
5214 159 159 4938
5215 159 161 4938
5216 159 163 5071
5217 159 159 5071
5218 159 159 5124
5219 159 161 5124
5220 159 159 4907
5221 159 159 4907
5222 159 159 4928
5223 159 159 4928
5224 159 159 5077
5225 159 159 5077
5226 159 159 4918
5227 159 160 4918
5228 159 159 5075
5229 159 159 5075
5230 159 161 4804
5231 159 159 4804
5232 159 159 4813
5233 159 159 4813
5234 159 159 4931
5235 159 160 4931
5236 159 160 4810
5237 159 159 4810
5238 159 160 4840
5239 159 162 4840
5240 159 162 5081
5241 159 159 5081
5242 159 159 4963
5243 159 161 4963
5244 159 159 5102
5245 159 160 5102
5246 159 161 5132
5247 159 159 5132
5248 159 163 4948
5249 159 159 4948
5250 159 159 4811
5251 159 160 4811
5252 159 159 4722
5253 159 163 4722
5254 159 159 4716
5255 159 159 4716
5256 159 159 5107
5257 159 159 5107
5258 159 159 4991
5259 159 160 4991
5260 159 159 5113
5261 159 159 5113
5262 159 160 4852
5263 159 161 4852
5264 159 160 5109
5265 159 159 5109
5266 159 159 0
5267 159 159 0
5268 159 159 0
5269 159 159 0
5270 159 159 0
5271 159 162 0
5272 159 162 0
5273 159 159 0
5274 159 159 0
5275 159 159 0
5276 159 159 0
5277 159 159 0
5278 159 159 0
5279 159 163 0
5280 159 159 0
5281 159 159 0
5282 159 160 0
5283 159 160 0
5284 160 160 0
5285 160 160 0
5286 160 160 0
5287 160 160 0
5288 160 160 0
5289 160 162 0
5290 160 162 0
5291 160 160 4876
5292 160 160 4876
5293 160 163 5136
5294 160 160 5136
5295 160 161 5156
5296 160 160 5156
5297 160 162 5142
5298 160 160 5142
5299 160 160 5009
5300 160 161 5009
5301 160 160 5020
5302 160 161 5020
5303 160 161 4860
5304 160 161 4860
5305 160 164 4656
5306 160 160 4656
5307 160 160 5023
5308 160 161 5023
5309 160 160 0
5310 160 160 0
5311 160 160 5164
5312 160 160 5164
5313 160 160 5172
5314 160 162 5172
5315 160 160 4912
5316 160 163 4912
5317 160 160 5038
5318 160 161 5038
5319 160 160 4664
5320 160 160 4664
5321 160 160 4776
5322 160 163 4776
5323 160 169 5159
5324 160 160 5159
5325 160 160 5188
5326 160 160 5188
5327 160 163 4471
5328 160 160 4471
5329 160 160 0
5330 160 160 0
5331 160 164 5179
5332 160 160 5179
5333 160 163 5178
5334 160 160 5178
5335 160 160 5204
5336 160 161 5204
5337 160 164 5207
5338 160 161 5207
5339 160 160 5191
5340 160 162 5191
5341 160 160 5056
5342 160 162 5056
5343 160 160 5209
5344 160 160 5209
5345 160 160 4583
5346 160 161 4583
5347 160 162 4914
5348 160 161 4914
5349 160 160 5220
5350 160 160 5220
5351 160 163 5278
5352 160 160 5278
5353 160 160 5222
5354 160 160 5222
5355 160 163 5280
5356 160 160 5280
5357 160 160 5211
5358 160 160 5211
5359 160 162 5073
5360 160 160 5073
5361 160 160 5072
5362 160 160 5072
5363 160 161 5223
5364 160 160 5223
5365 160 161 0
5366 160 160 0
5367 160 161 4815
5368 160 160 4815
5369 160 161 5069
5370 160 160 5069
5371 160 160 4691
5372 160 163 4691
5373 160 160 5095
5374 160 160 5095
5375 160 160 4953
5376 160 160 4953
5377 160 160 5225
5378 160 160 5225
5379 160 160 5096
5380 160 160 5096
5381 160 160 4822
5382 160 160 4822
5383 160 160 5237
5384 160 160 5237
5385 160 160 5244
5386 160 161 5244
5387 160 160 5255
5388 160 161 5255
5389 160 161 4704
5390 160 160 4704
5391 160 164 4933
5392 160 161 4933
5393 160 163 4825
5394 160 160 4825
5395 160 160 5130
5396 160 160 5130
5397 160 160 5261
5398 160 160 5261
5399 160 160 4817
5400 160 160 4817
5401 160 160 5254
5402 160 160 5254
5403 160 160 5256
5404 160 160 5256
5405 160 160 5257
5406 160 160 5257
5407 160 162 4972
5408 160 160 4972
5409 160 160 4735
5410 160 164 4735
5411 160 163 0
5412 160 160 0
5413 160 160 0
5414 160 164 0
5415 160 162 0
5416 160 160 0
5417 160 160 0
5418 160 161 0
5419 160 161 0
5420 160 160 0
5421 160 160 0
5422 160 161 0
5423 160 160 0
5424 160 160 0
5425 160 160 0
5426 160 160 0
5427 160 161 0
5428 160 164 0
5429 160 161 0
5430 160 161 0
5431 160 160 0
5432 160 160 0
5433 160 162 0
5434 160 160 0
5435 161 161 0
5436 161 161 0
5437 161 163 0
5438 161 163 0
5439 161 165 0
5440 161 163 0
5441 161 161 0
5442 161 162 0
5443 161 161 0
5444 161 162 5149
5445 161 162 5149
5446 161 161 5292
5447 161 161 5292
5448 161 161 0
5449 161 161 0
5450 161 162 4889
5451 161 161 4889
5452 161 161 4888
5453 161 161 4888
5454 161 161 5147
5455 161 162 5147
5456 161 161 5139
5457 161 161 5139
5458 161 161 5307
5459 161 163 5307
5460 161 161 5291
5461 161 162 5291
5462 161 161 5041
5463 161 164 5041
5464 161 162 5309
5465 161 161 5309
5466 161 161 5313
5467 161 161 5313
5468 161 161 5162
5469 161 165 5162
5470 161 161 5311
5471 161 163 5311
5472 161 161 5315
5473 161 161 5315
5474 161 162 5330
5475 161 161 5330
5476 161 161 5324
5477 161 162 5324
5478 161 163 5317
5479 161 161 5317
5480 161 161 5298
5481 161 161 5298
5482 161 161 5320
5483 161 161 5320
5484 161 163 5326
5485 161 161 5326
5486 161 161 5206
5487 161 161 5206
5488 161 161 5169
5489 161 161 5169
5490 161 161 5356
5491 161 161 5356
5492 161 164 4921
5493 161 161 4921
5494 161 161 5341
5495 161 161 5341
5496 161 161 5116
5497 161 161 5116
5498 161 163 5329
5499 161 161 5329
5500 161 161 4769
5501 161 165 4769
5502 161 162 5319
5503 161 161 5319
5504 161 161 5354
5505 161 163 5354
5506 161 163 5344
5507 161 162 5344
5508 161 161 5357
5509 161 161 5357
5510 161 161 5328
5511 161 161 5328
5512 161 161 4581
5513 161 161 4581
5514 161 162 5349
5515 161 161 5349
5516 161 167 5353
5517 161 161 5353
5518 161 162 0
5519 161 161 0
5520 161 163 0
5521 161 164 0
5522 161 162 5362
5523 161 163 5362
5524 161 161 5235
5525 161 162 5235
5526 161 162 5283
5527 161 161 5283
5528 161 161 5371
5529 161 162 5371
5530 161 163 5227
5531 161 161 5227
5532 161 161 5236
5533 161 164 5236
5534 161 161 5431
5535 161 161 5431
5536 161 161 5262
5537 161 161 5262
5538 161 163 5238
5539 161 161 5238
5540 161 162 5127
5541 161 161 5127
5542 161 161 5381
5543 161 161 5381
5544 161 161 0
5545 161 162 0
5546 161 161 5379
5547 161 161 5379
5548 161 161 5408
5549 161 165 5408
5550 161 161 0
5551 161 161 0
5552 161 161 5401
5553 161 161 5401
5554 161 161 5251
5555 161 161 5251
5556 161 161 5385
5557 161 161 5385
5558 161 163 5395
5559 161 161 5395
5560 161 161 4965
5561 161 161 4965
5562 161 161 5399
5563 161 162 5399
5564 161 163 5434
5565 161 162 5434
5566 161 162 5100
5567 161 161 5100
5568 161 163 5405
5569 161 162 5405
5570 161 162 5264
5571 161 161 5264
5572 161 161 5398
5573 161 161 5398
5574 161 161 0
5575 161 161 0
5576 161 163 0
5577 161 161 0
5578 161 162 0
5579 161 161 0
5580 161 161 0
5581 161 161 0
5582 161 161 0
5583 161 162 0
5584 161 161 0
5585 161 161 0
5586 161 161 0
5587 161 161 0
5588 161 164 0
5589 161 161 0
5590 162 163 0
5591 162 164 5451
5592 162 162 5451
5593 162 166 4887
5594 162 163 4887
5595 162 162 5300
5596 162 162 5300
5597 162 162 5449
5598 162 162 5449
5599 162 165 5304
5600 162 162 5304
5601 162 164 5144
5602 162 164 5144
5603 162 162 5303
5604 162 162 5303
5605 162 170 5302
5606 162 163 5302
5607 162 163 5017
5608 162 165 5017
5609 162 162 5462
5610 162 165 5462
5611 162 162 5146
5612 162 162 5146
5613 162 162 5295
5614 162 162 5295
5615 162 164 5470
5616 162 163 5470
5617 162 163 5308
5618 162 162 5308
5619 162 162 5318
5620 162 162 5318
5621 162 162 5481
5622 162 162 5481
5623 162 162 5171
5624 162 162 5171
5625 162 163 5476
5626 162 162 5476
5627 162 162 5165
5628 162 162 5165
5629 162 162 5486
5630 162 164 5486
5631 162 162 5181
5632 162 163 5181
5633 162 162 5177
5634 162 162 5177
5635 162 165 5016
5636 162 162 5016
5637 162 163 5418
5638 162 162 5418
5639 162 162 5488
5640 162 163 5488
5641 162 163 5503
5642 162 162 5503
5643 162 162 5482
5644 162 162 5482
5645 162 162 5466
5646 162 162 5466
5647 162 164 5419
5648 162 162 5419
5649 162 162 5473
5650 162 162 5473
5651 162 163 5197
5652 162 162 5197
5653 162 163 5497
5654 162 162 5497
5655 162 162 5499
5656 162 163 5499
5657 162 162 5121
5658 162 162 5121
5659 162 165 5510
5660 162 162 5510
5661 162 162 5513
5662 162 164 5513
5663 162 162 5585
5664 162 162 5585
5665 162 162 5219
5666 162 162 5219
5667 162 162 5509
5668 162 162 5509
5669 162 164 5487
5670 162 162 5487
5671 162 163 0
5672 162 165 0
5673 162 162 5515
5674 162 162 5515
5675 162 162 5392
5676 162 162 5392
5677 162 162 5348
5678 162 162 5348
5679 162 162 5215
5680 162 162 5215
5681 162 163 5429
5682 162 163 5429
5683 162 162 5536
5684 162 163 5536
5685 162 165 5365
5686 162 162 5365
5687 162 162 5369
5688 162 162 5369
5689 162 163 5524
5690 162 162 5524
5691 162 162 4831
5692 162 162 4831
5693 162 162 5534
5694 162 163 5534
5695 162 162 5559
5696 162 163 5559
5697 162 162 5388
5698 162 162 5388
5699 162 162 0
5700 162 162 0
5701 162 163 5246
5702 162 163 5246
5703 162 163 5528
5704 162 162 5528
5705 162 163 5550
5706 162 162 5550
5707 162 162 5542
5708 162 162 5542
5709 162 163 5389
5710 162 162 5389
5711 162 163 5567
5712 162 162 5567
5713 162 162 5556
5714 162 165 5556
5715 162 162 5552
5716 162 162 5552
5717 162 163 5243
5718 162 163 5243
5719 162 163 5548
5720 162 163 5548
5721 162 162 5573
5722 162 162 5573
5723 162 162 5363
5724 162 162 5363
5725 162 164 5562
5726 162 162 5562
5727 162 162 5263
5728 162 166 5263
5729 162 162 0
5730 162 163 0
5731 162 162 5111
5732 162 163 5111
5733 162 162 5386
5734 162 162 5386
5735 162 163 5554
5736 162 162 5554
5737 162 163 0
5738 162 163 0
5739 162 162 0
5740 162 163 0
5741 162 162 0
5742 162 165 0
5743 162 162 0
5744 162 163 0
5745 162 162 0
5746 162 162 0
5747 162 162 0
5748 162 162 0
5749 162 162 0
5750 162 162 0
5751 162 162 0
5752 162 162 0
5753 162 162 0
5754 162 162 0
5755 162 163 0
5756 163 165 0
5757 163 163 0
5758 163 163 0
5759 163 166 5444
5760 163 163 5444
5761 163 163 5450
5762 163 164 5450
5763 163 163 5155
5764 163 166 5155
5765 163 163 5614
5766 163 163 5614
5767 163 163 5597
5768 163 163 5597
5769 163 163 5600
5770 163 163 5600
5771 163 163 5618
5772 163 163 5618
5773 163 163 5461
5774 163 163 5461
5775 163 163 5596
5776 163 165 5596
5777 163 163 0
5778 163 163 0
5779 163 165 5464
5780 163 163 5464
5781 163 164 5160
5782 163 163 5160
5783 163 163 5611
5784 163 163 5611
5785 163 163 5150
5786 163 163 5150
5787 163 163 5012
5788 163 163 5012
5789 163 163 5627
5790 163 167 5627
5791 163 164 5613
5792 163 165 5613
5793 163 163 5623
5794 163 163 5623
5795 163 163 5619
5796 163 164 5619
5797 163 164 5650
5798 163 164 5650
5799 163 163 5186
5800 163 165 5186
5801 163 163 5415
5802 163 163 5415
5803 163 167 5621
5804 163 163 5621
5805 163 163 5622
5806 163 163 5622
5807 163 165 5636
5808 163 164 5636
5809 163 164 0
5810 163 166 0
5811 163 163 5631
5812 163 163 5631
5813 163 163 5639
5814 163 163 5639
5815 163 163 5626
5816 163 163 5626
5817 163 163 5645
5818 163 163 5645
5819 163 163 5314
5820 163 163 5314
5821 163 163 5670
5822 163 163 5670
5823 163 164 5746
5824 163 163 5746
5825 163 164 5686
5826 163 163 5686
5827 163 163 5271
5828 163 163 5271
5829 163 164 5748
5830 163 163 5748
5831 163 163 5643
5832 163 164 5643
5833 163 165 5658
5834 163 163 5658
5835 163 163 5749
5836 163 163 5749
5837 163 163 5750
5838 163 164 5750
5839 163 163 5655
5840 163 163 5655
5841 163 172 5660
5842 163 163 5660
5843 163 165 5340
5844 163 163 5340
5845 163 163 5125
5846 163 163 5125
5847 163 163 5673
5848 163 164 5673
5849 163 164 5514
5850 163 163 5514
5851 163 163 5502
5852 163 163 5502
5853 163 163 5518
5854 163 164 5518
5855 163 163 5525
5856 163 163 5525
5857 163 167 4619
5858 163 163 4619
5859 163 163 5699
5860 163 163 5699
5861 163 163 5578
5862 163 164 5578
5863 163 163 5752
5864 163 163 5752
5865 163 166 5359
5866 163 163 5359
5867 163 163 5664
5868 163 163 5664
5869 163 167 5687
5870 163 164 5687
5871 163 164 5665
5872 163 163 5665
5873 163 163 5676
5874 163 163 5676
5875 163 163 5240
5876 163 164 5240
5877 163 164 5522
5878 163 164 5522
5879 163 164 5680
5880 163 163 5680
5881 163 163 5688
5882 163 164 5688
5883 163 163 5723
5884 163 164 5723
5885 163 163 0
5886 163 163 0
5887 163 163 5677
5888 163 163 5677
5889 163 163 5691
5890 163 163 5691
5891 163 168 5710
5892 163 163 5710
5893 163 163 5239
5894 163 165 5239
5895 163 163 5712
5896 163 163 5712
5897 163 163 5708
5898 163 164 5708
5899 163 164 4955
5900 163 163 4955
5901 163 164 5529
5902 163 163 5529
5903 163 163 5715
5904 163 167 5715
5905 163 163 5683
5906 163 163 5683
5907 163 163 5690
5908 163 163 5690
5909 163 166 5700
5910 163 163 5700
5911 163 163 5433
5912 163 164 5433
5913 163 163 0
5914 163 165 0
5915 163 163 5736
5916 163 163 5736
5917 163 163 5563
5918 163 163 5563
5919 163 163 5570
5920 163 163 5570
5921 163 163 4842
5922 163 163 4842
5923 163 163 5407
5924 163 163 5407
5925 163 165 5565
5926 163 163 5565
5927 163 163 0
5928 163 163 0
5929 163 164 0
5930 163 163 0
5931 163 163 0
5932 163 163 0
5933 163 163 0
5934 163 163 0
5935 163 164 0
5936 163 165 0
5937 163 165 0
5938 163 163 0
5939 163 163 0
5940 163 164 0
5941 163 163 0
5942 163 163 0
5943 163 163 0
5944 163 163 0
5945 163 166 0
5946 163 164 0
5947 163 165 0
5948 163 163 0
5949 164 170 0
5950 164 164 0
5951 164 165 0
5952 164 166 0
5953 164 165 5773
5954 164 164 5773
5955 164 164 5763
5956 164 164 5763
5957 164 164 5769
5958 164 164 5769
5959 164 164 5771
5960 164 166 5771
5961 164 165 5617
5962 164 164 5617
5963 164 164 5765
5964 164 164 5765
5965 164 164 5775
5966 164 166 5775
5967 164 168 5778
5968 164 168 5778
5969 164 170 5784
5970 164 165 5784
5971 164 164 5768
5972 164 165 5768
5973 164 165 5607
5974 164 164 5607
5975 164 164 5411
5976 164 166 5411
5977 164 164 0
5978 164 165 0
5979 164 164 5740
5980 164 166 5740
5981 164 164 5789
5982 164 164 5789
5983 164 165 5785
5984 164 164 5785
5985 164 164 5594
5986 164 165 5594
5987 164 164 5471
5988 164 164 5471
5989 164 167 5799
5990 164 164 5799
5991 164 164 5783
5992 164 164 5783
5993 164 164 5793
5994 164 167 5793
5995 164 167 4756
5996 164 164 4756
5997 164 164 5801
5998 164 164 5801
5999 164 164 5641
6000 164 165 5641
6001 164 168 5484
6002 164 164 5484
6003 164 164 5174
6004 164 164 5174
6005 164 164 5811
6006 164 168 5811
6007 164 165 5805
6008 164 164 5805
6009 164 168 5606
6010 164 164 5606
6011 164 165 5816
6012 164 164 5816
6013 164 166 5333
6014 164 170 5333
6015 164 164 5327
6016 164 165 5327
6017 164 164 4551
6018 164 164 4551
6019 164 164 5813
6020 164 164 5813
6021 164 164 5819
6022 164 165 5819
6023 164 164 5059
6024 164 164 5059
6025 164 164 5821
6026 164 164 5821
6027 164 164 5316
6028 164 164 5316
6029 164 164 5498
6030 164 165 5498
6031 164 185 5200
6032 164 164 5200
6033 164 164 5830
6034 164 164 5830
6035 164 164 5835
6036 164 164 5835
6037 164 164 5538
6038 164 164 5538
6039 164 166 5794
6040 164 164 5794
6041 164 164 5279
6042 164 164 5279
6043 164 164 0
6044 164 164 0
6045 164 164 5837
6046 164 164 5837
6047 164 164 5874
6048 164 164 5874
6049 164 164 5216
6050 164 166 5216
6051 164 165 5640
6052 164 164 5640
6053 164 165 5852
6054 164 164 5852
6055 164 164 5840
6056 164 168 5840
6057 164 166 5853
6058 164 164 5853
6059 164 165 5855
6060 164 164 5855
6061 164 164 5671
6062 164 164 5671
6063 164 164 5506
6064 164 165 5506
6065 164 165 5682
6066 164 164 5682
6067 164 164 5355
6068 164 164 5355
6069 164 166 5885
6070 164 164 5885
6071 164 164 5845
6072 164 166 5845
6073 164 164 5888
6074 164 165 5888
6075 164 164 5850
6076 164 164 5850
6077 164 165 5939
6078 164 165 5939
6079 164 164 5755
6080 164 164 5755
6081 164 165 5684
6082 164 164 5684
6083 164 164 5863
6084 164 165 5863
6085 164 164 5880
6086 164 164 5880
6087 164 165 5701
6088 164 164 5701
6089 164 166 5530
6090 164 166 5530
6091 164 164 5705
6092 164 164 5705
6093 164 164 5883
6094 164 165 5883
6095 164 164 5689
6096 164 165 5689
6097 164 164 5694
6098 164 167 5694
6099 164 164 5942
6100 164 165 5942
6101 164 164 5943
6102 164 164 5943
6103 164 164 5920
6104 164 164 5920
6105 164 164 0
6106 164 164 0
6107 164 164 5703
6108 164 165 5703
6109 164 164 0
6110 164 164 0
6111 164 166 5696
6112 164 164 5696
6113 164 166 5889
6114 164 164 5889
6115 164 164 5564
6116 164 164 5564
6117 164 164 5711
6118 164 164 5711
6119 164 165 5896
6120 164 164 5896
6121 164 169 5393
6122 164 164 5393
6123 164 175 5730
6124 164 164 5730
6125 164 164 5906
6126 164 164 5906
6127 164 164 5905
6128 164 164 5905
6129 164 164 5717
6130 164 164 5717
6131 164 165 5719
6132 164 165 5719
6133 164 164 5907
6134 164 164 5907
6135 164 166 5917
6136 164 164 5917
6137 164 166 5735
6138 164 164 5735
6139 164 165 5737
6140 164 164 5737
6141 164 165 5709
6142 164 166 5709
6143 164 164 5948
6144 164 164 5948
6145 164 164 0
6146 164 168 0
6147 164 165 5520
6148 164 164 5520
6149 164 164 5105
6150 164 164 5105
6151 164 164 5923
6152 164 165 5923
6153 164 164 0
6154 164 164 0
6155 164 164 0
6156 164 164 0
6157 164 164 0
6158 164 164 0
6159 164 164 0
6160 164 164 0
6161 164 164 0
6162 164 169 0
6163 164 165 0
6164 164 169 0
6165 164 167 0
6166 164 169 0
6167 164 164 0
6168 165 165 0
6169 165 165 0
6170 165 169 0
6171 165 165 0
6172 165 166 5809
6173 165 165 5809
6174 165 165 5957
6175 165 165 5957
6176 165 165 5959
6177 165 165 5959
6178 165 166 5964
6179 165 165 5964
6180 165 165 5601
6181 165 165 5601
6182 165 168 5602
6183 165 165 5602
6184 165 166 5955
6185 165 165 5955
6186 165 165 5977
6187 165 165 5977
6188 165 165 5975
6189 165 165 5975
6190 165 166 5591
6191 165 167 5591
6192 165 166 5781
6193 165 165 5781
6194 165 165 5762
6195 165 166 5762
6196 165 165 5630
6197 165 166 5630
6198 165 165 5929
6199 165 167 5929
6200 165 165 5958
6201 165 166 5958
6202 165 165 5985
6203 165 165 5985
6204 165 165 5808
6205 165 166 5808
6206 165 165 0
6207 165 165 0
6208 165 165 5991
6209 165 166 5991
6210 165 165 6012
6211 165 170 6012
6212 165 165 5988
6213 165 165 5988
6214 165 165 5414
6215 165 170 5414
6216 165 165 6155
6217 165 165 6155
6218 165 166 6023
6219 165 165 6023
6220 165 165 5838
6221 165 166 5838
6222 165 166 6017
6223 165 165 6017
6224 165 165 5647
6225 165 166 5647
6226 165 165 5797
6227 165 165 5797
6228 165 165 5935
6229 165 165 5935
6230 165 165 6003
6231 165 165 6003
6232 165 165 5331
6233 165 165 5331
6234 165 165 5999
6235 165 165 5999
6236 165 165 6021
6237 165 166 6021
6238 165 165 6025
6239 165 165 6025
6240 165 166 5825
6241 165 165 5825
6242 165 165 6005
6243 165 165 6005
6244 165 166 5796
6245 165 165 5796
6246 165 165 6033
6247 165 165 6033
6248 165 165 5463
6249 165 165 5463
6250 165 166 6029
6251 165 165 6029
6252 165 166 6041
6253 165 167 6041
6254 165 165 5871
6255 165 165 5871
6256 165 165 6043
6257 165 165 6043
6258 165 169 6062
6259 165 165 6062
6260 165 165 6045
6261 165 165 6045
6262 165 165 6047
6263 165 166 6047
6264 165 165 5849
6265 165 165 5849
6266 165 166 6046
6267 165 165 6046
6268 165 166 6052
6269 165 165 6052
6270 165 165 6036
6271 165 165 6036
6272 165 169 6083
6273 165 165 6083
6274 165 165 5829
6275 165 168 5829
6276 165 165 6114
6277 165 165 6114
6278 165 166 6044
6279 165 166 6044
6280 165 166 4987
6281 165 165 4987
6282 165 166 6079
6283 165 165 6079
6284 165 167 5669
6285 165 165 5669
6286 165 165 5862
6287 165 167 5862
6288 165 166 6073
6289 165 165 6073
6290 165 165 5877
6291 165 165 5877
6292 165 165 5879
6293 165 165 5879
6294 165 165 6110
6295 165 172 6110
6296 165 165 6085
6297 165 166 6085
6298 165 165 6095
6299 165 165 6095
6300 165 165 5854
6301 165 168 5854
6302 165 166 6080
6303 165 165 6080
6304 165 165 6106
6305 165 165 6106
6306 165 169 5898
6307 165 165 5898
6308 165 165 5884
6309 165 166 5884
6310 165 165 6070
6311 165 165 6070
6312 165 167 6140
6313 165 165 6140
6314 165 165 5901
6315 165 165 5901
6316 165 165 6144
6317 165 166 6144
6318 165 165 6115
6319 165 165 6115
6320 165 166 5946
6321 165 166 5946
6322 165 166 6130
6323 165 165 6130
6324 165 165 6133
6325 165 165 6133
6326 165 166 6082
6327 165 165 6082
6328 165 165 6088
6329 165 165 6088
6330 165 168 5912
6331 165 165 5912
6332 165 165 5725
6333 165 165 5725
6334 165 174 6149
6335 165 166 6149
6336 165 166 6167
6337 165 165 6167
6338 165 165 6148
6339 165 165 6148
6340 165 168 0
6341 165 165 0
6342 165 165 0
6343 165 165 0
6344 165 165 0
6345 165 166 0
6346 165 167 0
6347 165 166 0
6348 165 166 0
6349 165 169 0
6350 165 165 0
6351 165 165 0
6352 165 166 0
6353 165 165 0
6354 165 165 0
6355 165 165 0
6356 165 166 0
6357 165 165 0
6358 165 166 0
6359 165 165 0
6360 165 165 0
6361 165 167 0
6362 165 165 0
6363 165 165 0
6364 165 165 0
6365 166 180 0
6366 166 167 6181
6367 166 166 6181
6368 166 166 6194
6369 166 166 6194
6370 166 166 6174
6371 166 166 6174
6372 166 169 5970
6373 166 166 5970
6374 166 167 5972
6375 166 167 5972
6376 166 168 5608
6377 166 166 5608
6378 166 170 5599
6379 166 166 5599
6380 166 168 0
6381 166 175 0
6382 166 166 5792
6383 166 166 5792
6384 166 166 5973
6385 166 166 5973
6386 166 166 6188
6387 166 166 6188
6388 166 167 6342
6389 166 166 6342
6390 166 166 5961
6391 166 166 5961
6392 166 166 6176
6393 166 166 6176
6394 166 166 5953
6395 166 168 5953
6396 166 169 5776
6397 166 166 5776
6398 166 166 6212
6399 166 166 6212
6400 166 166 5742
6401 166 166 5742
6402 166 167 6206
6403 166 167 6206
6404 166 166 6204
6405 166 168 6204
6406 166 166 5978
6407 166 166 5978
6408 166 166 6007
6409 166 168 6007
6410 166 168 6216
6411 166 166 6216
6412 166 168 6011
6413 166 166 6011
6414 166 166 6234
6415 166 166 6234
6416 166 170 6016
6417 166 166 6016
6418 166 166 6187
6419 166 166 6187
6420 166 168 6230
6421 166 166 6230
6422 166 167 6217
6423 166 166 6217
6424 166 166 5469
6425 166 166 5469
6426 166 166 6238
6427 166 166 6238
6428 166 166 6223
6429 166 166 6223
6430 166 166 6224
6431 166 166 6224
6432 166 166 6226
6433 166 166 6226
6434 166 167 6351
6435 166 166 6351
6436 166 166 6245
6437 166 166 6245
6438 166 166 6030
6439 166 166 6030
6440 166 166 6232
6441 166 166 6232
6442 166 166 5936
6443 166 167 5936
6444 166 166 5501
6445 166 166 5501
6446 166 166 6246
6447 166 167 6246
6448 166 167 6255
6449 166 166 6255
6450 166 167 6257
6451 166 166 6257
6452 166 166 5635
6453 166 166 5635
6454 166 168 5672
6455 166 167 5672
6456 166 166 6249
6457 166 167 6249
6458 166 166 6064
6459 166 166 6064
6460 166 168 6229
6461 166 166 6229
6462 166 167 6243
6463 166 167 6243
6464 166 166 6251
6465 166 168 6251
6466 166 166 5833
6467 166 166 5833
6468 166 167 6254
6469 166 166 6254
6470 166 166 5937
6471 166 169 5937
6472 166 167 0
6473 166 166 0
6474 166 167 5659
6475 166 166 5659
6476 166 166 6353
6477 166 166 6353
6478 166 166 6289
6479 166 166 6289
6480 166 166 6354
6481 166 166 6354
6482 166 167 6271
6483 166 166 6271
6484 166 168 6265
6485 166 166 6265
6486 166 166 6292
6487 166 166 6292
6488 166 167 6357
6489 166 166 6357
6490 166 166 6276
6491 166 166 6276
6492 166 166 6269
6493 166 167 6269
6494 166 166 6065
6495 166 167 6065
6496 166 166 6294
6497 166 168 6294
6498 166 166 6300
6499 166 167 6300
6500 166 166 6285
6501 166 166 6285
6502 166 168 6081
6503 166 167 6081
6504 166 166 6359
6505 166 166 6359
6506 166 168 6077
6507 166 166 6077
6508 166 167 6298
6509 166 166 6298
6510 166 166 6163
6511 166 166 6163
6512 166 166 6310
6513 166 166 6310
6514 166 167 5685
6515 166 166 5685
6516 166 167 6363
6517 166 166 6363
6518 166 171 6304
6519 166 170 6304
6520 166 166 6303
6521 166 166 6303
6522 166 166 6087
6523 166 166 6087
6524 166 167 6318
6525 166 167 6318
6526 166 166 6078
6527 166 166 6078
6528 166 167 6324
6529 166 166 6324
6530 166 166 6364
6531 166 167 6364
6532 166 166 6323
6533 166 166 6323
6534 166 166 5914
6535 166 170 5914
6536 166 166 6139
6537 166 166 6139
6538 166 166 6141
6539 166 166 6141
6540 166 167 6328
6541 166 166 6328
6542 166 166 6132
6543 166 167 6132
6544 166 168 6338
6545 166 166 6338
6546 166 166 6147
6547 166 166 6147
6548 166 166 6152
6549 166 166 6152
6550 166 167 0
6551 166 168 0
6552 166 166 0
6553 166 166 0
6554 166 167 0
6555 166 166 0
6556 166 169 0
6557 166 166 0
6558 166 167 0
6559 166 166 0
6560 166 166 0
6561 166 170 0
6562 166 166 0
6563 166 168 0
6564 166 166 0
6565 166 166 0
6566 167 167 6382
6567 167 167 6382
6568 167 167 5759
6569 167 167 5759
6570 167 169 5966
6571 167 169 5966
6572 167 168 6377
6573 167 167 6377
6574 167 167 6192
6575 167 167 6192
6576 167 167 6172
6577 167 171 6172
6578 167 167 6370
6579 167 168 6370
6580 167 168 6178
6581 167 169 6178
6582 167 167 5593
6583 167 167 5593
6584 167 167 6387
6585 167 168 6387
6586 167 167 6190
6587 167 167 6190
6588 167 167 6197
6589 167 169 6197
6590 167 167 5960
6591 167 167 5960
6592 167 167 6386
6593 167 169 6386
6594 167 167 6419
6595 167 169 6419
6596 167 167 6394
6597 167 167 6394
6598 167 167 6384
6599 167 167 6384
6600 167 170 5764
6601 167 167 5764
6602 167 167 6399
6603 167 167 6399
6604 167 170 6400
6605 167 167 6400
6606 167 169 6421
6607 167 168 6421
6608 167 167 6225
6609 167 171 6225
6610 167 167 6209
6611 167 167 6209
6612 167 168 6439
6613 167 167 6439
6614 167 168 6427
6615 167 170 6427
6616 167 169 6348
6617 167 167 6348
6618 167 167 5810
6619 167 167 5810
6620 167 167 6436
6621 167 167 6436
6622 167 169 6013
6623 167 167 6013
6624 167 167 6237
6625 167 167 6237
6626 167 167 6218
6627 167 168 6218
6628 167 167 6222
6629 167 169 6222
6630 167 167 6431
6631 167 167 6431
6632 167 168 6449
6633 167 167 6449
6634 167 167 6477
6635 167 167 6477
6636 167 167 6240
6637 167 167 6240
6638 167 167 6458
6639 167 167 6458
6640 167 169 6435
6641 167 167 6435
6642 167 168 6050
6643 167 168 6050
6644 167 171 0
6645 167 167 0
6646 167 167 6444
6647 167 167 6444
6648 167 168 6446
6649 167 167 6446
6650 167 169 6452
6651 167 167 6452
6652 167 168 6221
6653 167 167 6221
6654 167 167 6263
6655 167 167 6263
6656 167 167 6432
6657 167 167 6432
6658 167 169 6437
6659 167 167 6437
6660 167 167 6467
6661 167 167 6467
6662 167 168 6244
6663 167 168 6244
6664 167 167 6352
6665 167 170 6352
6666 167 167 6483
6667 167 167 6483
6668 167 167 5028
6669 167 168 5028
6670 167 170 6479
6671 167 169 6479
6672 167 167 6057
6673 167 169 6057
6674 167 167 6470
6675 167 167 6470
6676 167 167 6356
6677 167 167 6356
6678 167 167 6489
6679 167 167 6489
6680 167 167 6559
6681 167 167 6559
6682 167 167 6280
6683 167 167 6280
6684 167 167 6429
6685 167 168 6429
6686 167 167 6288
6687 167 167 6288
6688 167 167 6480
6689 167 170 6480
6690 167 167 6511
6691 167 170 6511
6692 167 167 6069
6693 167 167 6069
6694 167 167 6560
6695 167 167 6560
6696 167 167 6481
6697 167 168 6481
6698 167 167 5865
6699 167 170 5865
6700 167 167 6486
6701 167 167 6486
6702 167 167 6512
6703 167 168 6512
6704 167 167 6297
6705 167 167 6297
6706 167 167 6250
6707 167 167 6250
6708 167 167 6309
6709 167 169 6309
6710 167 167 6509
6711 167 167 6509
6712 167 168 6562
6713 167 168 6562
6714 167 167 6113
6715 167 167 6113
6716 167 167 6500
6717 167 168 6500
6718 167 167 6504
6719 167 167 6504
6720 167 168 6089
6721 167 169 6089
6722 167 167 6526
6723 167 167 6526
6724 167 168 6510
6725 167 167 6510
6726 167 168 6282
6727 167 167 6282
6728 167 168 5909
6729 167 167 5909
6730 167 167 6317
6731 167 168 6317
6732 167 167 6522
6733 167 167 6522
6734 167 167 6549
6735 167 168 6549
6736 167 167 6326
6737 167 167 6326
6738 167 169 6137
6739 167 167 6137
6740 167 169 6546
6741 167 167 6546
6742 167 167 6530
6743 167 167 6530
6744 167 167 6521
6745 167 167 6521
6746 167 167 6322
6747 167 168 6322
6748 167 167 6536
6749 167 167 6536
6750 167 172 6142
6751 167 167 6142
6752 167 167 6542
6753 167 167 6542
6754 167 169 6336
6755 167 168 6336
6756 167 167 6538
6757 167 167 6538
6758 167 168 0
6759 167 167 0
6760 167 167 0
6761 167 168 0
6762 167 171 0
6763 167 168 0
6764 167 168 0
6765 167 167 0
6766 167 168 0
6767 167 167 0
6768 167 169 0
6769 167 171 0
6770 167 167 0
6771 167 167 0
6772 167 167 0
6773 167 167 0
6774 167 167 0
6775 167 168 0
6776 167 167 0
6777 167 167 0
6778 167 168 0
6779 167 167 0
6780 167 167 0
6781 167 167 0
6782 167 167 0
6783 167 167 0
6784 168 169 0
6785 168 169 0
6786 168 168 6596
6787 168 170 6596
6788 168 168 6569
6789 168 168 6569
6790 168 168 6388
6791 168 170 6388
6792 168 169 6578
6793 168 168 6578
6794 168 168 6590
6795 168 168 6590
6796 168 168 6575
6797 168 168 6575
6798 168 168 6576
6799 168 168 6576
6800 168 169 6574
6801 168 169 6574
6802 168 168 6588
6803 168 168 6588
6804 168 172 6598
6805 168 171 6598
6806 168 168 6586
6807 168 172 6586
6808 168 168 6594
6809 168 168 6594
6810 168 168 6759
6811 168 168 6759
6812 168 168 6374
6813 168 168 6374
6814 168 168 6457
6815 168 169 6457
6816 168 168 5989
6817 168 169 5989
6818 168 168 5995
6819 168 168 5995
6820 168 170 6630
6821 168 169 6630
6822 168 168 6434
6823 168 169 6434
6824 168 168 6633
6825 168 171 6633
6826 168 168 6403
6827 168 168 6403
6828 168 168 6636
6829 168 169 6636
6830 168 168 6554
6831 168 168 6554
6832 168 168 6620
6833 168 168 6620
6834 168 169 6618
6835 168 170 6618
6836 168 168 6657
6837 168 168 6657
6838 168 168 6668
6839 168 168 6668
6840 168 168 6613
6841 168 168 6613
6842 168 169 6651
6843 168 168 6651
6844 168 169 6653
6845 168 168 6653
6846 168 168 6647
6847 168 175 6647
6848 168 168 6450
6849 168 168 6450
6850 168 169 6253
6851 168 169 6253
6852 168 169 6468
6853 168 168 6468
6854 168 168 5857
6855 168 170 5857
6856 168 168 6474
6857 168 170 6474
6858 168 169 6674
6859 168 168 6674
6860 168 169 6686
6861 168 169 6686
6862 168 168 6772
6863 168 169 6772
6864 168 168 6679
6865 168 169 6679
6866 168 168 6773
6867 168 168 6773
6868 168 168 6678
6869 168 168 6678
6870 168 168 6447
6871 168 168 6447
6872 168 168 6482
6873 168 168 6482
6874 168 170 6682
6875 168 168 6682
6876 168 169 6659
6877 168 169 6659
6878 168 168 5516
6879 168 172 5516
6880 168 168 6690
6881 168 168 6690
6882 168 168 6692
6883 168 170 6692
6884 168 170 6503
6885 168 168 6503
6886 168 168 6462
6887 168 168 6462
6888 168 168 6704
6889 168 168 6704
6890 168 169 6700
6891 168 168 6700
6892 168 170 6495
6893 168 172 6495
6894 168 168 6287
6895 168 170 6287
6896 168 168 6723
6897 168 168 6723
6898 168 169 6508
6899 168 169 6508
6900 168 168 6714
6901 168 168 6714
6902 168 168 6727
6903 168 168 6727
6904 168 168 6516
6905 168 172 6516
6906 168 169 6719
6907 168 168 6719
6908 168 169 6514
6909 168 168 6514
6910 168 169 6732
6911 168 168 6732
6912 168 168 6730
6913 168 168 6730
6914 168 168 6543
6915 168 168 6543
6916 168 169 6734
6917 168 168 6734
6918 168 168 6524
6919 168 172 6524
6920 168 171 6165
6921 168 168 6165
6922 168 171 6737
6923 168 168 6737
6924 168 170 6706
6925 168 168 6706
6926 168 168 6783
6927 168 168 6783
6928 168 170 6531
6929 168 168 6531
6930 168 168 6745
6931 168 171 6745
6932 168 168 6711
6933 168 168 6711
6934 168 172 6748
6935 168 168 6748
6936 168 171 6756
6937 168 168 6756
6938 168 168 6742
6939 168 168 6742
6940 168 168 0
6941 168 168 0
6942 168 168 0
6943 168 168 0
6944 168 168 0
6945 168 168 0
6946 168 168 0
6947 168 168 0
6948 168 168 0
6949 168 168 0
6950 168 168 0
6951 168 168 0
6952 168 169 0
6953 168 168 0
6954 168 168 0
6955 168 168 0
6956 168 172 0
6957 168 168 0
6958 168 168 0
6959 168 168 0
6960 168 168 0
6961 168 169 0
6962 168 169 0
6963 168 168 0
6964 168 168 0
6965 169 170 0
6966 169 169 0
6967 169 169 0
6968 169 169 6786
6969 169 169 6786
6970 169 169 6789
6971 169 169 6789
6972 169 172 6806
6973 169 169 6806
6974 169 169 6802
6975 169 169 6802
6976 169 169 6376
6977 169 169 6376
6978 169 169 6585
6979 169 169 6585
6980 169 170 6940
6981 169 169 6940
6982 169 169 6798
6983 169 169 6798
6984 169 169 6380
6985 169 169 6380
6986 169 169 6794
6987 169 169 6794
6988 169 169 6758
6989 169 169 6758
6990 169 173 6813
6991 169 172 6813
6992 169 170 5968
6993 169 173 5968
6994 169 169 6808
6995 169 170 6808
6996 169 169 6579
6997 169 169 6579
6998 169 171 6395
6999 169 169 6395
7000 169 170 6663
7001 169 169 6663
7002 169 170 6405
7003 169 169 6405
7004 169 169 6795
7005 169 170 6795
7006 169 169 6812
7007 169 169 6812
7008 169 169 6182
7009 169 169 6182
7010 169 170 6420
7011 169 169 6420
7012 169 169 6612
7013 169 172 6612
7014 169 169 6409
7015 169 170 6409
7016 169 170 6763
7017 169 169 6763
7018 169 170 6412
7019 169 169 6412
7020 169 170 6001
7021 169 169 6001
7022 169 169 6818
7023 169 169 6818
7024 169 169 6945
7025 169 169 6945
7026 169 169 6614
7027 169 169 6614
7028 169 169 6822
7029 169 169 6822
7030 169 172 6006
7031 169 169 6006
7032 169 169 6009
7033 169 169 6009
7034 169 170 6826
7035 169 170 6826
7036 169 169 6764
7037 169 170 6764
7038 169 169 6946
7039 169 173 6946
7040 169 169 6947
7041 169 169 6947
7042 169 169 6830
7043 169 169 6830
7044 169 169 6607
7045 169 169 6607
7046 169 169 6465
7047 169 171 6465
7048 169 172 6832
7049 169 169 6832
7050 169 169 6632
7051 169 171 6632
7052 169 169 6454
7053 169 169 6454
7054 169 169 6836
7055 169 169 6836
7056 169 169 6840
7057 169 173 6840
7058 169 170 6848
7059 169 169 6848
7060 169 172 6652
7061 169 170 6652
7062 169 169 6828
7063 169 169 6828
7064 169 173 6838
7065 169 169 6838
7066 169 169 6642
7067 169 169 6642
7068 169 170 6662
7069 169 170 6662
7070 169 171 6648
7071 169 169 6648
7072 169 170 6953
7073 169 169 6953
7074 169 170 6955
7075 169 169 6955
7076 169 169 6870
7077 169 170 6870
7078 169 169 6871
7079 169 169 6871
7080 169 171 6885
7081 169 169 6885
7082 169 170 6864
7083 169 169 6864
7084 169 169 6872
7085 169 171 6872
7086 169 169 6867
7087 169 169 6867
7088 169 171 6697
7089 169 169 6697
7090 169 169 6775
7091 169 169 6775
7092 169 169 6868
7093 169 169 6868
7094 169 170 6882
7095 169 170 6882
7096 169 172 6886
7097 169 169 6886
7098 169 169 6888
7099 169 169 6888
7100 169 169 6275
7101 169 170 6275
7102 169 169 6880
7103 169 173 6880
7104 169 170 6900
7105 169 169 6900
7106 169 169 5891
7107 169 170 5891
7108 169 169 6497
7109 169 169 6497
7110 169 173 6875
7111 169 169 6875
7112 169 169 6717
7113 169 169 6717
7114 169 170 6902
7115 169 169 6902
7116 169 169 6960
7117 169 169 6960
7118 169 169 6506
7119 169 169 6506
7120 169 170 6712
7121 169 170 6712
7122 169 170 6726
7123 169 171 6726
7124 169 169 6894
7125 169 170 6894
7126 169 170 6887
7127 169 169 6887
7128 169 172 6724
7129 169 169 6724
7130 169 170 6937
7131 169 169 6937
7132 169 169 6728
7133 169 170 6728
7134 169 171 6731
7135 169 172 6731
7136 169 172 6933
7137 169 169 6933
7138 169 169 6755
7139 169 169 6755
7140 169 169 6713
7141 169 169 6713
7142 169 169 6747
7143 169 171 6747
7144 169 170 6939
7145 169 169 6939
7146 169 169 6935
7147 169 173 6935
7148 169 171 6915
7149 169 173 6915
7150 169 169 6735
7151 169 169 6735
7152 169 169 0
7153 169 169 0
7154 169 171 0
7155 169 169 0
7156 169 170 0
7157 169 169 0
7158 169 169 0
7159 169 169 0
7160 169 170 0
7161 169 169 0
7162 169 170 0
7163 169 169 0
7164 169 169 0
7165 169 170 0
7166 169 170 0
7167 169 169 0
7168 169 171 0
7169 169 169 0
7170 169 169 0
7171 170 175 0
7172 170 170 0
7173 170 170 0
7174 170 171 6581
7175 170 170 6581
7176 170 171 6983
7177 170 170 6983
7178 170 171 6372
7179 170 170 6372
7180 170 170 6988
7181 170 171 6988
7182 170 170 6593
7183 170 170 6593
7184 170 171 6978
7185 170 170 6978
7186 170 170 6571
7187 170 170 6571
7188 170 170 6977
7189 170 170 6977
7190 170 170 6974
7191 170 171 6974
7192 170 170 6792
7193 170 170 6792
7194 170 170 6984
7195 170 170 6984
7196 170 170 6994
7197 170 170 6994
7198 170 171 6801
7199 170 171 6801
7200 170 171 7042
7201 170 170 7042
7202 170 170 6987
7203 170 170 6987
7204 170 170 6800
7205 170 170 6800
7206 170 170 6996
7207 170 171 6996
7208 170 170 0
7209 170 174 0
7210 170 171 7017
7211 170 170 7017
7212 170 170 7024
7213 170 170 7024
7214 170 170 6606
7215 170 170 6606
7216 170 171 7022
7217 170 170 7022
7218 170 170 7009
7219 170 170 7009
7220 170 170 6985
7221 170 170 6985
7222 170 171 7028
7223 170 170 7028
7224 170 170 6817
7225 170 170 6817
7226 170 170 7032
7227 170 170 7032
7228 170 172 6616
7229 170 170 6616
7230 170 170 7008
7231 170 170 7008
7232 170 170 7038
7233 170 172 7038
7234 170 170 7012
7235 170 170 7012
7236 170 170 7050
7237 170 170 7050
7238 170 171 6979
7239 170 170 6979
7240 170 170 6834
7241 170 170 6834
7242 170 170 6629
7243 170 170 6629
7244 170 170 7040
7245 170 170 7040
7246 170 170 6821
7247 170 170 6821
7248 170 171 7054
7249 170 170 7054
7250 170 170 7044
7251 170 170 7044
7252 170 170 7066
7253 170 172 7066
7254 170 170 7049
7255 170 174 7049
7256 170 170 5323
7257 170 170 5323
7258 170 170 7021
7259 170 171 7021
7260 170 170 6842
7261 170 170 6842
7262 170 173 7052
7263 170 176 7052
7264 170 170 6768
7265 170 171 6768
7266 170 171 7062
7267 170 171 7062
7268 170 170 7065
7269 170 172 7065
7270 170 172 6952
7271 170 170 6952
7272 170 171 6622
7273 170 170 6622
7274 170 170 6829
7275 170 171 6829
7276 170 170 0
7277 170 171 0
7278 170 170 7071
7279 170 170 7071
7280 170 170 6162
7281 170 172 6162
7282 170 170 6823
7283 170 170 6823
7284 170 170 7076
7285 170 170 7076
7286 170 170 6860
7287 170 170 6860
7288 170 170 6890
7289 170 170 6890
7290 170 170 6671
7291 170 170 6671
7292 170 170 7092
7293 170 170 7092
7294 170 170 7115
7295 170 170 7115
7296 170 172 7124
7297 170 170 7124
7298 170 170 6640
7299 170 170 6640
7300 170 170 6863
7301 170 170 6863
7302 170 172 7075
7303 170 171 7075
7304 170 172 6876
7305 170 171 6876
7306 170 170 7090
7307 170 170 7090
7308 170 170 6865
7309 170 170 6865
7310 170 172 7099
7311 170 170 7099
7312 170 170 7116
7313 170 170 7116
7314 170 170 7169
7315 170 171 7169
7316 170 170 6709
7317 170 170 6709
7318 170 170 7118
7319 170 170 7118
7320 170 170 7109
7321 170 170 7109
7322 170 170 6306
7323 170 170 6306
7324 170 170 6898
7325 170 170 6898
7326 170 170 6908
7327 170 170 6908
7328 170 170 6121
7329 170 170 6121
7330 170 172 6721
7331 170 174 6721
7332 170 174 0
7333 170 170 0
7334 170 170 7140
7335 170 170 7140
7336 170 171 7146
7337 170 170 7146
7338 170 172 6166
7339 170 170 6166
7340 170 174 7139
7341 170 170 7139
7342 170 171 0
7343 170 171 0
7344 170 172 6740
7345 170 170 6740
7346 170 174 0
7347 170 172 0
7348 170 171 7113
7349 170 170 7113
7350 170 171 0
7351 170 170 0
7352 170 170 0
7353 170 170 0
7354 170 170 0
7355 170 170 0
7356 170 170 0
7357 170 170 0
7358 170 170 0
7359 170 171 0
7360 170 170 0
7361 170 171 0
7362 170 170 0
7363 170 170 0
7364 170 171 0
7365 170 170 0
7366 171 172 0
7367 171 171 7188
7368 171 171 7188
7369 171 172 7203
7370 171 171 7203
7371 171 171 7179
7372 171 171 7179
7373 171 171 7016
7374 171 171 7016
7375 171 172 7182
7376 171 171 7182
7377 171 171 6992
7378 171 172 6992
7379 171 171 7193
7380 171 175 7193
7381 171 171 7190
7382 171 171 7190
7383 171 171 7197
7384 171 171 7197
7385 171 172 7206
7386 171 171 7206
7387 171 171 7000
7388 171 172 7000
7389 171 171 7186
7390 171 172 7186
7391 171 172 7213
7392 171 171 7213
7393 171 173 6980
7394 171 171 6980
7395 171 172 7194
7396 171 172 7194
7397 171 171 5969
7398 171 171 5969
7399 171 173 7214
7400 171 171 7214
7401 171 172 5605
7402 171 171 5605
7403 171 171 7205
7404 171 171 7205
7405 171 173 7002
7406 171 174 7002
7407 171 172 7212
7408 171 171 7212
7409 171 171 6378
7410 171 171 6378
7411 171 172 7020
7412 171 171 7020
7413 171 171 7005
7414 171 171 7005
7415 171 172 6215
7416 171 172 6215
7417 171 171 7226
7418 171 171 7226
7419 171 172 7018
7420 171 172 7018
7421 171 172 7232
7422 171 172 7232
7423 171 171 7224
7424 171 171 7224
7425 171 171 7061
7426 171 171 7061
7427 171 173 7243
7428 171 171 7243
7429 171 171 7246
7430 171 171 7246
7431 171 171 6604
7432 171 172 6604
7433 171 172 7037
7434 171 171 7037
7435 171 172 6014
7436 171 171 6014
7437 171 171 7035
7438 171 171 7035
7439 171 171 7256
7440 171 179 7256
7441 171 172 7258
7442 171 173 7258
7443 171 171 7230
7444 171 171 7230
7445 171 172 7241
7446 171 171 7241
7447 171 175 6416
7448 171 171 6416
7449 171 171 7234
7450 171 171 7234
7451 171 172 7082
7452 171 172 7082
7453 171 173 6615
7454 171 172 6615
7455 171 172 7264
7456 171 171 7264
7457 171 172 7284
7458 171 172 7284
7459 171 173 6857
7460 171 171 6857
7461 171 175 0
7462 171 171 0
7463 171 171 7244
7464 171 171 7244
7465 171 171 7251
7466 171 172 7251
7467 171 171 7301
7468 171 172 7301
7469 171 171 7068
7470 171 171 7068
7471 171 171 6665
7472 171 173 6665
7473 171 171 7236
7474 171 171 7236
7475 171 171 7162
7476 171 172 7162
7477 171 171 7274
7478 171 171 7274
7479 171 171 7282
7480 171 171 7282
7481 171 171 7069
7482 171 171 7069
7483 171 171 7278
7484 171 171 7278
7485 171 171 7280
7486 171 175 7280
7487 171 171 6689
7488 171 172 6689
7489 171 171 7074
7490 171 171 7074
7491 171 171 7094
7492 171 172 7094
7493 171 171 6855
7494 171 171 6855
7495 171 172 6691
7496 171 171 6691
7497 171 171 7125
7498 171 171 7125
7499 171 171 7286
7500 171 171 7286
7501 171 171 6699
7502 171 171 6699
7503 171 171 7288
7504 171 172 7288
7505 171 171 7292
7506 171 173 7292
7507 171 171 7114
7508 171 175 7114
7509 171 171 7107
7510 171 171 7107
7511 171 171 7358
7512 171 172 7358
7513 171 171 7298
7514 171 171 7298
7515 171 172 7306
7516 171 171 7306
7517 171 171 7308
7518 171 171 7308
7519 171 173 7101
7520 171 171 7101
7521 171 171 6892
7522 171 173 6892
7523 171 171 7104
7524 171 171 7104
7525 171 171 0
7526 171 172 0
7527 171 171 7318
7528 171 171 7318
7529 171 171 7320
7530 171 172 7320
7531 171 171 7324
7532 171 171 7324
7533 171 175 7072
7534 171 171 7072
7535 171 171 6883
7536 171 171 6883
7537 171 172 7313
7538 171 171 7313
7539 171 171 7293
7540 171 171 7293
7541 171 171 7314
7542 171 172 7314
7543 171 171 7317
7544 171 171 7317
7545 171 171 7322
7546 171 171 7322
7547 171 171 7122
7548 171 177 7122
7549 171 172 6670
7550 171 171 6670
7551 171 172 7126
7552 171 171 7126
7553 171 171 6924
7554 171 173 6924
7555 171 171 7312
7556 171 175 7312
7557 171 171 7328
7558 171 171 7328
7559 171 171 7333
7560 171 171 7333
7561 171 173 7133
7562 171 172 7133
7563 171 172 7130
7564 171 171 7130
7565 171 172 6535
7566 171 171 6535
7567 171 171 7334
7568 171 171 7334
7569 171 175 6928
7570 171 172 6928
7571 171 171 0
7572 171 172 0
7573 171 171 0
7574 171 171 0
7575 171 171 0
7576 171 171 0
7577 171 172 0
7578 171 171 0
7579 171 171 0
7580 171 172 0
7581 171 171 0
7582 171 171 0
7583 171 171 0
7584 171 171 0
7585 171 171 0
7586 171 171 0
7587 171 171 0
7588 171 171 0
7589 171 172 0
7590 171 176 0
7591 171 171 0
7592 172 175 0
7593 172 174 0
7594 172 173 0
7595 172 173 7372
7596 172 173 7372
7597 172 172 7184
7598 172 174 7184
7599 172 173 7174
7600 172 172 7174
7601 172 172 7371
7602 172 172 7371
7603 172 172 7373
7604 172 172 7373
7605 172 172 7198
7606 172 172 7198
7607 172 172 7367
7608 172 172 7367
7609 172 172 7379
7610 172 173 7379
7611 172 172 7207
7612 172 172 7207
7613 172 172 7384
7614 172 172 7384
7615 172 174 7370
7616 172 172 7370
7617 172 172 7181
7618 172 172 7181
7619 172 172 6577
7620 172 172 6577
7621 172 172 7409
7622 172 172 7409
7623 172 172 7394
7624 172 172 7394
7625 172 172 7191
7626 172 172 7191
7627 172 173 7414
7628 172 172 7414
7629 172 172 7397
7630 172 173 7397
7631 172 172 7402
7632 172 173 7402
7633 172 172 7210
7634 172 172 7210
7635 172 172 6805
7636 172 172 6805
7637 172 172 7377
7638 172 172 7377
7639 172 172 7200
7640 172 172 7200
7641 172 172 7238
7642 172 175 7238
7643 172 172 7403
7644 172 172 7403
7645 172 174 7216
7646 172 172 7216
7647 172 172 7430
7648 172 172 7430
7649 172 172 7449
7650 172 174 7449
7651 172 172 7578
7652 172 172 7578
7653 172 173 7423
7654 172 172 7423
7655 172 172 7417
7656 172 173 7417
7657 172 175 6825
7658 172 172 6825
7659 172 172 7438
7660 172 173 7438
7661 172 172 7436
7662 172 174 7436
7663 172 172 7400
7664 172 172 7400
7665 172 172 7222
7666 172 172 7222
7667 172 172 7259
7668 172 172 7259
7669 172 176 7439
7670 172 172 7439
7671 172 173 7154
7672 172 172 7154
7673 172 172 7425
7674 172 172 7425
7675 172 172 7465
7676 172 172 7465
7677 172 172 7444
7678 172 172 7444
7679 172 172 6769
7680 172 172 6769
7681 172 172 7477
7682 172 173 7477
7683 172 172 7248
7684 172 174 7248
7685 172 176 7047
7686 172 172 7047
7687 172 172 7483
7688 172 172 7483
7689 172 173 7272
7690 172 172 7272
7691 172 173 7456
7692 172 172 7456
7693 172 172 7489
7694 172 172 7489
7695 172 173 7482
7696 172 172 7482
7697 172 172 7471
7698 172 172 7471
7699 172 173 7496
7700 172 173 7496
7701 172 174 7464
7702 172 172 7464
7703 172 172 7267
7704 172 172 7267
7705 172 172 7085
7706 172 175 7085
7707 172 172 7474
7708 172 173 7474
7709 172 172 7493
7710 172 172 7493
7711 172 174 7265
7712 172 172 7265
7713 172 172 7499
7714 172 172 7499
7715 172 172 7514
7716 172 173 7514
7717 172 172 7487
7718 172 172 7487
7719 172 172 7502
7720 172 172 7502
7721 172 173 7517
7722 172 172 7517
7723 172 172 7277
7724 172 172 7277
7725 172 172 7524
7726 172 173 7524
7727 172 172 7513
7728 172 172 7513
7729 172 172 7088
7730 172 172 7088
7731 172 172 7588
7732 172 173 7588
7733 172 172 7535
7734 172 172 7535
7735 172 173 7510
7736 172 172 7510
7737 172 172 7361
7738 172 173 7361
7739 172 172 7168
7740 172 172 7168
7741 172 172 7527
7742 172 172 7527
7743 172 172 7359
7744 172 172 7359
7745 172 172 6518
7746 172 172 6518
7747 172 172 7543
7748 172 172 7543
7749 172 172 7545
7750 172 172 7545
7751 172 173 7509
7752 172 172 7509
7753 172 172 6922
7754 172 172 6922
7755 172 172 7591
7756 172 174 7591
7757 172 172 6920
7758 172 172 6920
7759 172 172 7303
7760 172 172 7303
7761 172 172 7559
7762 172 173 7559
7763 172 172 7553
7764 172 172 7553
7765 172 172 7503
7766 172 172 7503
7767 172 172 7315
7768 172 173 7315
7769 172 174 7143
7770 172 172 7143
7771 172 172 7364
7772 172 172 7364
7773 172 173 7336
7774 172 173 7336
7775 172 173 7558
7776 172 172 7558
7777 172 173 7532
7778 172 172 7532
7779 172 174 7123
7780 172 175 7123
7781 172 172 7529
7782 172 172 7529
7783 172 172 7567
7784 172 172 7567
7785 172 172 6936
7786 172 172 6936
7787 172 173 0
7788 172 172 0
7789 172 172 0
7790 172 172 0
7791 172 172 0
7792 172 174 0
7793 172 172 0
7794 172 172 0
7795 172 174 0
7796 172 173 0
7797 172 176 0
7798 172 172 0
7799 172 172 0
7800 172 172 0
7801 172 172 0
7802 172 172 0
7803 172 172 0
7804 173 174 0
7805 173 173 7617
7806 173 173 7617
7807 173 173 7605
7808 173 174 7605
7809 173 175 7607
7810 173 173 7607
7811 173 175 7572
7812 173 173 7572
7813 173 174 7602
7814 173 173 7602
7815 173 173 7388
7816 173 173 7388
7817 173 173 7603
7818 173 173 7603
7819 173 173 6991
7820 173 173 6991
7821 173 173 7375
7822 173 173 7375
7823 173 173 7391
7824 173 174 7391
7825 173 174 7623
7826 173 173 7623
7827 173 173 7609
7828 173 173 7609
7829 173 173 7611
7830 173 173 7611
7831 173 174 7651
7832 173 173 7651
7833 173 173 7640
7834 173 174 7640
7835 173 173 7369
7836 173 173 7369
7837 173 173 7395
7838 173 174 7395
7839 173 173 7385
7840 173 173 7385
7841 173 173 7629
7842 173 174 7629
7843 173 173 7604
7844 173 174 7604
7845 173 173 6972
7846 173 173 6972
7847 173 173 7652
7848 173 173 7652
7849 173 173 7631
7850 173 173 7631
7851 173 173 7606
7852 173 174 7606
7853 173 173 7635
7854 173 175 7635
7855 173 174 7643
7856 173 173 7643
7857 173 173 7407
7858 173 173 7407
7859 173 173 7620
7860 173 176 7620
7861 173 178 7396
7862 173 173 7396
7863 173 173 7639
7864 173 173 7639
7865 173 174 7644
7866 173 173 7644
7867 173 175 7411
7868 173 173 7411
7869 173 174 7577
7870 173 173 7577
7871 173 173 7648
7872 173 173 7648
7873 173 173 7419
7874 173 173 7419
7875 173 173 6807
7876 173 173 6807
7877 173 173 7415
7878 173 173 7415
7879 173 173 7416
7880 173 173 7416
7881 173 173 7621
7882 173 177 7621
7883 173 173 7421
7884 173 176 7421
7885 173 173 7692
7886 173 173 7692
7887 173 173 7628
7888 173 173 7628
7889 173 173 7649
7890 173 173 7649
7891 173 173 7667
7892 173 173 7667
7893 173 173 7580
7894 173 173 7580
7895 173 173 7663
7896 173 173 7663
7897 173 173 7048
7898 173 173 7048
7899 173 175 7696
7900 173 176 7696
7901 173 173 7451
7902 173 173 7451
7903 173 173 7435
7904 173 173 7435
7905 173 174 7441
7906 173 173 7441
7907 173 173 7677
7908 173 173 7677
7909 173 173 7679
7910 173 173 7679
7911 173 173 7233
7912 173 174 7233
7913 173 173 7455
7914 173 173 7455
7915 173 173 7683
7916 173 173 7683
7917 173 173 7675
7918 173 174 7675
7919 173 173 7665
7920 173 173 7665
7921 173 173 7253
7922 173 173 7253
7923 173 173 7457
7924 173 174 7457
7925 173 174 7013
7926 173 173 7013
7927 173 174 7687
7928 173 173 7687
7929 173 173 7228
7930 173 173 7228
7931 173 174 7710
7932 173 173 7710
7933 173 175 7060
7934 173 174 7060
7935 173 173 7686
7936 173 173 7686
7937 173 174 7654
7938 173 173 7654
7939 173 173 7466
7940 173 174 7466
7941 173 173 7717
7942 173 173 7717
7943 173 173 7697
7944 173 175 7697
7945 173 173 7476
7946 173 174 7476
7947 173 173 7452
7948 173 173 7452
7949 173 173 7705
7950 173 175 7705
7951 173 173 7680
7952 173 175 7680
7953 173 174 7709
7954 173 173 7709
7955 173 173 7703
7956 173 173 7703
7957 173 173 7713
7958 173 173 7713
7959 173 174 7698
7960 173 174 7698
7961 173 173 6956
7962 173 174 6956
7963 173 175 7526
7964 173 173 7526
7965 173 173 7504
7966 173 175 7504
7967 173 173 7302
7968 173 173 7302
7969 173 173 7719
7970 173 174 7719
7971 173 174 7770
7972 173 175 7770
7973 173 173 7744
7974 173 173 7744
7975 173 173 7733
7976 173 174 7733
7977 173 174 7515
7978 173 173 7515
7979 173 173 7741
7980 173 173 7741
7981 173 173 7530
7982 173 173 7530
7983 173 175 7589
7984 173 173 7589
7985 173 173 7492
7986 173 173 7492
7987 173 173 7753
7988 173 174 7753
7989 173 173 6905
7990 173 173 6905
7991 173 173 7304
7992 173 174 7304
7993 173 173 7800
7994 173 173 7800
7995 173 173 5841
7996 173 173 5841
7997 173 173 7296
7998 173 173 7296
7999 173 173 7739
8000 173 173 7739
8001 173 173 7488
8002 173 173 7488
8003 173 176 0
8004 173 173 0
8005 173 173 7748
8006 173 175 7748
8007 173 177 7096
8008 173 175 7096
8009 173 173 7765
8010 173 173 7765
8011 173 173 7764
8012 173 173 7764
8013 173 173 7771
8014 173 173 7771
8015 173 174 7128
8016 173 174 7128
8017 173 175 7757
8018 173 173 7757
8019 173 173 6750
8020 173 174 6750
8021 173 175 7759
8022 173 173 7759
8023 173 173 7330
8024 173 173 7330
8025 173 173 7135
8026 173 176 7135
8027 173 174 7136
8028 173 173 7136
8029 173 173 7542
8030 173 173 7542
8031 173 173 7801
8032 173 173 7801
8033 173 173 7761
8034 173 173 7761
8035 173 173 7782
8036 173 173 7782
8037 173 174 7802
8038 173 173 7802
8039 173 173 7783
8040 173 173 7783
8041 173 174 7785
8042 173 173 7785
8043 173 173 7565
8044 173 173 7565
8045 173 173 0
8046 173 173 0
8047 173 174 0
8048 173 173 0
8049 173 175 0
8050 173 174 0
8051 173 173 0
8052 173 173 0
8053 173 174 0
8054 173 173 0
8055 173 175 0
8056 173 173 0
8057 173 173 0
8058 173 175 0
8059 174 177 0
8060 174 177 0
8061 174 177 0
8062 174 174 7805
8063 174 175 7805
8064 174 174 7787
8065 174 174 7787
8066 174 174 7814
8067 174 174 7814
8068 174 174 7817
8069 174 174 7817
8070 174 175 7595
8071 174 174 7595
8072 174 174 7821
8073 174 175 7821
8074 174 174 6993
8075 174 174 6993
8076 174 175 7823
8077 174 174 7823
8078 174 174 7393
8079 174 176 7393
8080 174 174 7828
8081 174 174 7828
8082 174 174 7610
8083 174 174 7610
8084 174 174 7837
8085 174 174 7837
8086 174 174 7836
8087 174 174 7836
8088 174 174 7872
8089 174 174 7872
8090 174 174 7815
8091 174 174 7815
8092 174 175 7820
8093 174 174 7820
8094 174 174 7849
8095 174 175 7849
8096 174 174 7846
8097 174 174 7846
8098 174 174 7839
8099 174 174 7839
8100 174 174 7442
8101 174 176 7442
8102 174 174 7653
8103 174 175 7653
8104 174 176 0
8105 174 174 0
8106 174 174 7847
8107 174 175 7847
8108 174 174 7632
8109 174 176 7632
8110 174 178 6990
8111 174 174 6990
8112 174 174 7868
8113 174 174 7868
8114 174 176 7904
8115 174 174 7904
8116 174 174 7930
8117 174 174 7930
8118 174 174 7895
8119 174 174 7895
8120 174 174 7399
8121 174 174 7399
8122 174 174 7874
8123 174 174 7874
8124 174 174 7922
8125 174 174 7922
8126 174 174 7879
8127 174 174 7879
8128 174 174 7660
8129 174 174 7660
8130 174 174 7427
8131 174 175 7427
8132 174 174 7682
8133 174 174 7682
8134 174 174 7887
8135 174 175 7887
8136 174 174 7889
8137 174 174 7889
8138 174 175 7656
8139 174 174 7656
8140 174 174 7911
8141 174 174 7911
8142 174 177 7848
8143 174 174 7848
8144 174 176 7689
8145 174 174 7689
8146 174 175 7262
8147 174 174 7262
8148 174 174 7910
8149 174 174 7910
8150 174 175 7453
8151 174 174 7453
8152 174 175 7913
8153 174 174 7913
8154 174 174 7920
8155 174 174 7920
8156 174 175 7897
8157 174 174 7897
8158 174 175 7708
8159 174 175 7708
8160 174 174 7886
8161 174 174 7886
8162 174 174 7671
8163 174 174 7671
8164 174 174 7939
8165 174 174 7939
8166 174 174 7947
8167 174 174 7947
8168 174 174 7902
8169 174 175 7902
8170 174 174 7459
8171 174 175 7459
8172 174 174 7955
8173 174 174 7955
8174 174 174 7936
8175 174 177 7936
8176 174 174 7957
8177 174 174 7957
8178 174 174 7472
8179 174 175 7472
8180 174 174 7943
8181 174 174 7943
8182 174 174 7926
8183 174 174 7926
8184 174 176 7700
8185 174 178 7700
8186 174 176 7961
8187 174 174 7961
8188 174 174 7945
8189 174 174 7945
8190 174 174 7735
8191 174 177 7735
8192 174 175 8022
8193 174 180 8022
8194 174 175 7796
8195 174 174 7796
8196 174 178 7103
8197 174 174 7103
8198 174 174 7738
8199 174 175 7738
8200 174 175 7967
8201 174 174 7967
8202 174 174 7969
8203 174 176 7969
8204 174 175 7721
8205 174 174 7721
8206 174 174 7519
8207 174 176 7519
8208 174 175 7974
8209 174 174 7974
8210 174 174 7982
8211 174 174 7982
8212 174 174 7985
8213 174 175 7985
8214 174 174 7039
8215 174 174 7039
8216 174 174 7999
8217 174 174 7999
8218 174 174 8002
8219 174 175 8002
8220 174 175 7965
8221 174 174 7965
8222 174 174 7979
8223 174 174 7979
8224 174 174 7732
8225 174 175 7732
8226 174 174 7973
8227 174 174 7973
8228 174 175 8056
8229 174 174 8056
8230 174 174 7995
8231 174 174 7995
8232 174 176 7996
8233 174 174 7996
8234 174 174 7997
8235 174 175 7997
8236 174 174 7987
8237 174 174 7987
8238 174 174 7956
8239 174 174 7956
8240 174 174 7990
8241 174 174 7990
8242 174 176 7991
8243 174 174 7991
8244 174 174 7942
8245 174 174 7942
8246 174 175 7993
8247 174 174 7993
8248 174 174 8018
8249 174 174 8018
8250 174 174 8038
8251 174 174 8038
8252 174 174 8030
8253 174 174 8030
8254 174 174 7561
8255 174 174 7561
8256 174 174 8004
8257 174 175 8004
8258 174 174 8012
8259 174 174 8012
8260 174 174 7554
8261 174 174 7554
8262 174 174 7768
8263 174 174 7768
8264 174 175 8013
8265 174 174 8013
8266 174 174 7751
8267 174 174 7751
8268 174 174 8036
8269 174 174 8036
8270 174 175 7994
8271 174 174 7994
8272 174 174 7775
8273 174 174 7775
8274 174 174 8023
8275 174 174 8023
8276 174 174 8033
8277 174 174 8033
8278 174 174 8040
8279 174 176 8040
8280 174 174 7773
8281 174 174 7773
8282 174 175 8010
8283 174 175 8010
8284 174 174 8043
8285 174 174 8043
8286 174 174 7777
8287 174 174 7777
8288 174 174 7774
8289 174 174 7774
8290 174 174 0
8291 174 174 0
8292 174 174 0
8293 174 176 0
8294 174 174 0
8295 174 174 0
8296 174 174 0
8297 174 174 0
8298 174 174 0
8299 174 174 0
8300 174 174 0
8301 174 174 0
8302 174 175 0
8303 174 174 0
8304 174 174 0
8305 174 174 0
8306 174 174 0
8307 175 176 0
8308 175 175 0
8309 175 176 0
8310 175 175 0
8311 175 175 7598
8312 175 175 7598
8313 175 175 8074
8314 175 175 8074
8315 175 175 8066
8316 175 175 8066
8317 175 176 7824
8318 175 175 7824
8319 175 175 7838
8320 175 175 7838
8321 175 175 8088
8322 175 175 8088
8323 175 175 8086
8324 175 178 8086
8325 175 175 8090
8326 175 176 8090
8327 175 175 7813
8328 175 176 7813
8329 175 175 7852
8330 175 175 7852
8331 175 175 8071
8332 175 178 8071
8333 175 175 8080
8334 175 175 8080
8335 175 176 7831
8336 175 175 7831
8337 175 175 7834
8338 175 175 7834
8339 175 175 8067
8340 175 175 8067
8341 175 175 8068
8342 175 175 8068
8343 175 176 8094
8344 175 175 8094
8345 175 176 8047
8346 175 175 8047
8347 175 175 8096
8348 175 176 8096
8349 175 175 7825
8350 175 175 7825
8351 175 175 8083
8352 175 175 8083
8353 175 175 8098
8354 175 175 8098
8355 175 176 8100
8356 175 178 8100
8357 175 176 8077
8358 175 175 8077
8359 175 175 7842
8360 175 178 7842
8361 175 177 7406
8362 175 177 7406
8363 175 175 7255
8364 175 177 7255
8365 175 175 8112
8366 175 175 8112
8367 175 175 8050
8368 175 175 8050
8369 175 175 8128
8370 175 175 8128
8371 175 176 8116
8372 175 178 8116
8373 175 175 7645
8374 175 175 7645
8375 175 175 7869
8376 175 175 7869
8377 175 175 8130
8378 175 175 8130
8379 175 176 8118
8380 175 175 8118
8381 175 175 8120
8382 175 175 8120
8383 175 175 8136
8384 175 177 8136
8385 175 175 8105
8386 175 175 8105
8387 175 175 8122
8388 175 177 8122
8389 175 175 8126
8390 175 175 8126
8391 175 176 7662
8392 175 176 7662
8393 175 175 8132
8394 175 175 8132
8395 175 175 8160
8396 175 177 8160
8397 175 176 8297
8398 175 175 8297
8399 175 175 8124
8400 175 176 8124
8401 175 176 7912
8402 175 176 7912
8403 175 175 8141
8404 175 176 8141
8405 175 175 7924
8406 175 175 7924
8407 175 175 8139
8408 175 175 8139
8409 175 179 8197
8410 175 175 8197
8411 175 176 8129
8412 175 175 8129
8413 175 175 8148
8414 175 175 8148
8415 175 175 7795
8416 175 180 7795
8417 175 175 8143
8418 175 176 8143
8419 175 175 8163
8420 175 175 8163
8421 175 175 7918
8422 175 175 7918
8423 175 175 7792
8424 175 175 7792
8425 175 175 7925
8426 175 175 7925
8427 175 175 7960
8428 175 176 7960
8429 175 175 8172
8430 175 175 8172
8431 175 175 8181
8432 175 175 8181
8433 175 175 7927
8434 175 175 7927
8435 175 176 7953
8436 175 175 7953
8437 175 175 7937
8438 175 175 7937
8439 175 176 8176
8440 175 175 8176
8441 175 175 7701
8442 175 175 7701
8443 175 176 8245
8444 175 175 8245
8445 175 175 7971
8446 175 175 7971
8447 175 175 8222
8448 175 175 8222
8449 175 181 8224
8450 175 177 8224
8451 175 175 8211
8452 175 176 8211
8453 175 175 8301
8454 175 175 8301
8455 175 175 8214
8456 175 178 8214
8457 175 175 7976
8458 175 176 7976
8459 175 175 8216
8460 175 175 8216
8461 175 175 7970
8462 175 177 7970
8463 175 175 7977
8464 175 177 7977
8465 175 175 8226
8466 175 175 8226
8467 175 175 8233
8468 175 175 8233
8469 175 175 8248
8470 175 176 8248
8471 175 175 8263
8472 175 177 8263
8473 175 176 8212
8474 175 175 8212
8475 175 175 8234
8476 175 175 8234
8477 175 176 8250
8478 175 176 8250
8479 175 175 8260
8480 175 175 8260
8481 175 175 7331
8482 175 175 7331
8483 175 178 8255
8484 175 175 8255
8485 175 175 8237
8486 175 175 8237
8487 175 175 8020
8488 175 175 8020
8489 175 175 8277
8490 175 175 8277
8491 175 175 8027
8492 175 175 8027
8493 175 175 8253
8494 175 176 8253
8495 175 175 7756
8496 175 175 7756
8497 175 177 8281
8498 175 175 8281
8499 175 176 8015
8500 175 176 8015
8501 175 175 8041
8502 175 177 8041
8503 175 175 8272
8504 175 175 8272
8505 175 175 8275
8506 175 175 8275
8507 175 177 7769
8508 175 175 7769
8509 175 176 8268
8510 175 175 8268
8511 175 175 8284
8512 175 175 8284
8513 175 175 8286
8514 175 176 8286
8515 175 175 8306
8516 175 176 8306
8517 175 175 7340
8518 175 175 7340
8519 175 176 0
8520 175 176 0
8521 175 175 0
8522 175 175 0
8523 175 175 0
8524 175 176 0
8525 175 175 0
8526 175 175 0
8527 175 175 0
8528 175 178 0
8529 175 175 0
8530 175 175 0
8531 175 176 0
8532 175 175 0
8533 175 175 0
8534 175 175 0
8535 176 177 0
8536 176 176 0
8537 176 176 8314
8538 176 176 8314
8539 176 176 8311
8540 176 177 8311
8541 176 176 8330
8542 176 176 8330
8543 176 180 8346
8544 176 178 8346
8545 176 176 7380
8546 176 176 7380
8547 176 176 8334
8548 176 177 8334
8549 176 176 8319
8550 176 178 8319
8551 176 176 8063
8552 176 176 8063
8553 176 176 8315
8554 176 176 8315
8555 176 176 8341
8556 176 176 8341
8557 176 176 8329
8558 176 178 8329
8559 176 176 8344
8560 176 177 8344
8561 176 176 8313
8562 176 179 8313
8563 176 176 8076
8564 176 177 8076
8565 176 176 8322
8566 176 177 8322
8567 176 178 8337
8568 176 176 8337
8569 176 176 8325
8570 176 176 8325
8571 176 176 8342
8572 176 176 8342
8573 176 176 8073
8574 176 176 8073
8575 176 176 7854
8576 176 176 7854
8577 176 182 8349
8578 176 177 8349
8579 176 176 8353
8580 176 177 8353
8581 176 183 6381
8582 176 176 6381
8583 176 176 8049
8584 176 176 8049
8585 176 177 0
8586 176 176 0
8587 176 176 8095
8588 176 176 8095
8589 176 176 8373
8590 176 176 8373
8591 176 176 8354
8592 176 177 8354
8593 176 176 8135
8594 176 176 8135
8595 176 177 8359
8596 176 177 8359
8597 176 176 8385
8598 176 176 8385
8599 176 176 8092
8600 176 176 8092
8601 176 176 8382
8602 176 176 8382
8603 176 177 0
8604 176 176 0
8605 176 181 8131
8606 176 176 8131
8607 176 177 8399
8608 176 176 8399
8609 176 176 8365
8610 176 184 8365
8611 176 179 8369
8612 176 176 8369
8613 176 176 7447
8614 176 182 7447
8615 176 177 7461
8616 176 176 7461
8617 176 176 8138
8618 176 176 8138
8619 176 178 8386
8620 176 178 8386
8621 176 177 7657
8622 176 176 7657
8623 176 177 7706
8624 176 176 7706
8625 176 176 8150
8626 176 176 8150
8627 176 176 8394
8628 176 176 8394
8629 176 176 8158
8630 176 176 8158
8631 176 179 8414
8632 176 176 8414
8633 176 176 0
8634 176 176 0
8635 176 176 8152
8636 176 176 8152
8637 176 179 8419
8638 176 176 8419
8639 176 176 8380
8640 176 176 8380
8641 176 176 8424
8642 176 176 8424
8643 176 176 8156
8644 176 176 8156
8645 176 176 8179
8646 176 177 8179
8647 176 177 8436
8648 176 184 8436
8649 176 176 8146
8650 176 176 8146
8651 176 177 8378
8652 176 176 8378
8653 176 176 8421
8654 176 176 8421
8655 176 178 6847
8656 176 176 6847
8657 176 176 7899
8658 176 176 7899
8659 176 176 8433
8660 176 176 8433
8661 176 176 8427
8662 176 178 8427
8663 176 176 7533
8664 176 176 7533
8665 176 178 8171
8666 176 176 8171
8667 176 176 8426
8668 176 176 8426
8669 176 176 8169
8670 176 177 8169
8671 176 176 7950
8672 176 176 7950
8673 176 176 8413
8674 176 178 8413
8675 176 177 7508
8676 176 176 7508
8677 176 178 7933
8678 176 176 7933
8679 176 176 8441
8680 176 177 8441
8681 176 176 8420
8682 176 176 8420
8683 176 176 8159
8684 176 178 8159
8685 176 176 8415
8686 176 176 8415
8687 176 176 8429
8688 176 176 8429
8689 176 176 8192
8690 176 176 8192
8691 176 176 7944
8692 176 176 7944
8693 176 176 8447
8694 176 179 8447
8695 176 176 8199
8696 176 176 8199
8697 176 176 8235
8698 176 177 8235
8699 176 178 8504
8700 176 178 8504
8701 176 176 8200
8702 176 180 8200
8703 176 177 8463
8704 176 176 8463
8705 176 177 8453
8706 176 177 8453
8707 176 177 8496
8708 176 176 8496
8709 176 176 8055
8710 176 180 8055
8711 176 176 8488
8712 176 176 8488
8713 176 177 7966
8714 176 176 7966
8715 176 177 8228
8716 176 177 8228
8717 176 176 8451
8718 176 176 8451
8719 176 176 7983
8720 176 176 7983
8721 176 177 8457
8722 176 176 8457
8723 176 176 8459
8724 176 176 8459
8725 176 176 8461
8726 176 177 8461
8727 176 176 8220
8728 176 176 8220
8729 176 176 8006
8730 176 176 8006
8731 176 176 8246
8732 176 176 8246
8733 176 176 8219
8734 176 176 8219
8735 176 179 8487
8736 176 176 8487
8737 176 176 6123
8738 176 176 6123
8739 176 176 8495
8740 176 176 8495
8741 176 178 8017
8742 176 176 8017
8743 176 176 8283
8744 176 178 8283
8745 176 176 8489
8746 176 177 8489
8747 176 176 8481
8748 176 176 8481
8749 176 176 8225
8750 176 176 8225
8751 176 176 8270
8752 176 176 8270
8753 176 176 8492
8754 176 176 8492
8755 176 177 8476
8756 176 176 8476
8757 176 177 8506
8758 176 178 8506
8759 176 176 8480
8760 176 176 8480
8761 176 177 8517
8762 176 176 8517
8763 176 176 8511
8764 176 176 8511
8765 176 177 8058
8766 176 176 8058
8767 176 176 8513
8768 176 176 8513
8769 176 176 0
8770 176 177 0
8771 176 176 8498
8772 176 176 8498
8773 176 179 0
8774 176 178 0
8775 176 176 0
8776 176 176 0
8777 176 176 0
8778 176 176 0
8779 176 176 0
8780 176 176 0
8781 176 176 0
8782 176 176 0
8783 176 176 0
8784 176 177 0
8785 176 176 0
8786 176 181 0
8787 176 176 0
8788 176 176 0
8789 176 176 0
8790 176 176 0
8791 176 176 0
8792 176 176 0
8793 176 176 0
8794 176 176 0
8795 176 177 0
8796 176 177 0
8797 176 176 0
8798 176 177 0
8799 176 177 0
8800 176 176 0
8801 176 177 0
8802 176 176 0
8803 176 176 0
8804 176 178 0
8805 176 176 0
8806 176 176 0
8807 176 180 0
8808 177 181 0
8809 177 177 0
8810 177 177 8576
8811 177 178 8576
8812 177 177 8553
8813 177 177 8553
8814 177 178 8328
8815 177 177 8328
8816 177 177 8539
8817 177 179 8539
8818 177 177 8317
8819 177 177 8317
8820 177 177 8546
8821 177 177 8546
8822 177 177 8549
8823 177 177 8549
8824 177 178 8568
8825 177 177 8568
8826 177 181 8561
8827 177 179 8561
8828 177 177 8079
8829 177 177 8079
8830 177 177 8545
8831 177 177 8545
8832 177 179 7860
8833 177 177 7860
8834 177 177 8335
8835 177 177 8335
8836 177 177 8565
8837 177 177 8565
8838 177 177 8551
8839 177 178 8551
8840 177 178 8557
8841 177 178 8557
8842 177 177 8775
8843 177 179 8775
8844 177 177 8571
8845 177 177 8571
8846 177 178 8776
8847 177 181 8776
8848 177 177 8357
8849 177 179 8357
8850 177 178 8589
8851 177 177 8589
8852 177 177 8355
8853 177 177 8355
8854 177 180 8293
8855 177 177 8293
8856 177 177 8591
8857 177 177 8591
8858 177 177 8593
8859 177 177 8593
8860 177 177 8602
8861 177 177 8602
8862 177 178 8587
8863 177 178 8587
8864 177 177 8779
8865 177 177 8779
8866 177 177 8632
8867 177 177 8632
8868 177 177 8780
8869 177 177 8780
8870 177 180 8643
8871 177 177 8643
8872 177 177 8109
8873 177 178 8109
8874 177 178 8781
8875 177 178 8781
8876 177 177 8391
8877 177 178 8391
8878 177 177 8371
8879 177 177 8371
8880 177 177 8652
8881 177 177 8652
8882 177 179 8379
8883 177 177 8379
8884 177 177 8597
8885 177 177 8597
8886 177 179 8609
8887 177 177 8609
8888 177 186 8625
8889 177 177 8625
8890 177 177 8783
8891 177 177 8783
8892 177 180 8617
8893 177 177 8617
8894 177 179 8144
8895 177 177 8144
8896 177 178 8622
8897 177 177 8622
8898 177 177 8401
8899 177 178 8401
8900 177 177 8636
8901 177 179 8636
8902 177 180 8638
8903 177 177 8638
8904 177 178 8629
8905 177 177 8629
8906 177 187 8184
8907 177 177 8184
8908 177 181 8633
8909 177 177 8633
8910 177 178 8618
8911 177 177 8618
8912 177 177 8659
8913 177 178 8659
8914 177 177 8788
8915 177 177 8788
8916 177 177 8411
8917 177 178 8411
8918 177 178 8418
8919 177 177 8418
8920 177 177 8686
8921 177 177 8686
8922 177 177 8627
8923 177 177 8627
8924 177 177 8688
8925 177 177 8688
8926 177 178 8653
8927 177 177 8653
8928 177 177 8789
8929 177 178 8789
8930 177 178 8692
8931 177 178 8692
8932 177 177 8682
8933 177 181 8682
8934 177 178 7685
8935 177 177 7685
8936 177 178 8645
8937 177 177 8645
8938 177 177 8791
8939 177 177 8791
8940 177 178 8709
8941 177 177 8709
8942 177 180 8439
8943 177 177 8439
8944 177 180 8203
8945 177 178 8203
8946 177 177 8667
8947 177 177 8667
8948 177 179 8207
8949 177 177 8207
8950 177 178 8668
8951 177 177 8668
8952 177 177 8671
8953 177 179 8671
8954 177 177 8458
8955 177 177 8458
8956 177 177 8708
8957 177 177 8708
8958 177 178 7263
8959 177 178 7263
8960 177 177 8695
8961 177 177 8695
8962 177 178 8691
8963 177 177 8691
8964 177 177 8689
8965 177 177 8689
8966 177 177 8672
8967 177 178 8672
8968 177 177 8800
8969 177 177 8800
8970 177 177 8452
8971 177 177 8452
8972 177 177 8729
8973 177 178 8729
8974 177 177 8477
8975 177 177 8477
8976 177 177 8697
8977 177 178 8697
8978 177 178 8470
8979 177 178 8470
8980 177 178 8734
8981 177 177 8734
8982 177 177 8003
8983 177 180 8003
8984 177 177 8701
8985 177 177 8701
8986 177 177 8725
8987 177 177 8725
8988 177 179 8443
8989 177 177 8443
8990 177 177 8683
8991 177 177 8683
8992 177 178 8717
8993 177 179 8717
8994 177 177 8719
8995 177 177 8719
8996 177 177 8712
8997 177 177 8712
8998 177 177 8242
8999 177 178 8242
9000 177 177 8738
9001 177 178 8738
9002 177 178 8731
9003 177 177 8731
9004 177 177 8727
9005 177 177 8727
9006 177 177 8531
9007 177 178 8531
9008 177 177 8764
9009 177 178 8764
9010 177 177 8736
9011 177 181 8736
9012 177 177 8724
9013 177 177 8724
9014 177 177 8748
9015 177 177 8748
9016 177 177 8739
9017 177 177 8739
9018 177 183 0
9019 177 177 0
9020 177 177 8026
9021 177 177 8026
9022 177 180 8509
9023 177 178 8509
9024 177 177 8754
9025 177 177 8754
9026 177 177 8751
9027 177 177 8751
9028 177 178 8768
9029 177 177 8768
9030 177 181 0
9031 177 177 0
9032 177 179 8772
9033 177 177 8772
9034 177 178 8749
9035 177 177 8749
9036 177 177 8730
9037 177 178 8730
9038 177 179 8279
9039 177 177 8279
9040 177 178 8494
9041 177 178 8494
9042 177 177 8769
9043 177 177 8769
9044 177 177 0
9045 177 179 0
9046 177 180 0
9047 177 178 0
9048 177 177 0
9049 177 177 0
9050 177 177 0
9051 177 177 0
9052 177 177 0
9053 177 177 0
9054 177 177 0
9055 177 177 0
9056 177 177 0
9057 177 177 0
9058 177 177 0
9059 177 177 0
9060 177 177 0
9061 177 177 0
9062 177 177 0
9063 177 177 0
9064 177 177 0
9065 178 178 8833
9066 178 178 8833
9067 178 179 8822
9068 178 178 8822
9069 178 178 8856
9070 178 180 8856
9071 178 178 8812
9072 178 178 8812
9073 178 178 8816
9074 178 178 8816
9075 178 178 8578
9076 178 178 8578
9077 178 179 8818
9078 178 178 8818
9079 178 178 8362
9080 178 178 8362
9081 178 178 8829
9082 178 182 8829
9083 178 179 8830
9084 178 178 8830
9085 178 179 8820
9086 178 179 8820
9087 178 178 8825
9088 178 178 8825
9089 178 178 8838
9090 178 178 8838
9091 178 179 8844
9092 178 178 8844
9093 178 178 8560
9094 178 179 8560
9095 178 181 8834
9096 178 178 8834
9097 178 178 8566
9098 178 178 8566
9099 178 179 8860
9100 178 178 8860
9101 178 178 8852
9102 178 178 8852
9103 178 178 8866
9104 178 178 8866
9105 178 178 8580
9106 178 178 8580
9107 178 180 8595
9108 178 178 8595
9109 178 178 8364
9110 178 182 8364
9111 178 179 8585
9112 178 178 8585
9113 178 179 8361
9114 178 178 8361
9115 178 179 8646
9116 178 178 8646
9117 178 178 8388
9118 178 178 8388
9119 178 179 8879
9120 178 179 8879
9121 178 178 8876
9122 178 180 8876
9123 178 178 8890
9124 178 178 8890
9125 178 178 8868
9126 178 181 8868
9127 178 178 8623
9128 178 180 8623
9129 178 178 7882
9130 178 179 7882
9131 178 178 8615
9132 178 178 8615
9133 178 178 8925
9134 178 178 8925
9135 178 178 8935
9136 178 178 8935
9137 178 178 8864
9138 178 178 8864
9139 178 178 8898
9140 178 179 8898
9141 178 178 8900
9142 178 178 8900
9143 178 179 8939
9144 178 178 8939
9145 178 178 8915
9146 178 179 8915
9147 178 178 8865
9148 178 179 8865
9149 178 178 8175
9150 178 178 8175
9151 178 178 9050
9152 178 178 9050
9153 178 179 8142
9154 178 178 8142
9155 178 178 8922
9156 178 180 8922
9157 178 178 0
9158 178 178 0
9159 178 178 8963
9160 178 178 8963
9161 178 179 8647
9162 178 180 8647
9163 178 178 8675
9164 178 178 8675
9165 178 178 8651
9166 178 178 8651
9167 178 178 9052
9168 178 178 9052
9169 178 178 8949
9170 178 178 8949
9171 178 179 9053
9172 178 178 9053
9173 178 179 8920
9174 178 178 8920
9175 178 178 8985
9176 178 178 8985
9177 178 178 8927
9178 178 178 8927
9179 178 178 8464
9180 178 178 8464
9181 178 178 8968
9182 178 178 8968
9183 178 178 8954
9184 178 178 8954
9185 178 179 8956
9186 178 178 8956
9187 178 178 8799
9188 178 180 8799
9189 178 178 8989
9190 178 178 8989
9191 178 179 8191
9192 178 179 8191
9193 178 179 8796
9194 178 178 8796
9195 178 179 8713
9196 178 178 8713
9197 178 178 0
9198 178 178 0
9199 178 180 8984
9200 178 178 8984
9201 178 180 8987
9202 178 178 8987
9203 178 179 8705
9204 178 178 8705
9205 178 179 8994
9206 178 178 8994
9207 178 178 0
9208 178 178 0
9209 178 178 8996
9210 178 178 8996
9211 178 178 8943
9212 178 178 8943
9213 178 179 9000
9214 178 180 9000
9215 178 179 7548
9216 178 178 7548
9217 178 178 9012
9218 178 178 9012
9219 178 178 8472
9220 178 178 8472
9221 178 178 8974
9222 178 180 8974
9223 178 178 8801
9224 178 180 8801
9225 178 178 8007
9226 178 179 8007
9227 178 178 9006
9228 178 178 9006
9229 178 178 8716
9230 178 182 8716
9231 178 179 8765
9232 178 179 8765
9233 178 178 9005
9234 178 179 9005
9235 178 181 8757
9236 178 178 8757
9237 178 181 8746
9238 178 178 8746
9239 178 178 8991
9240 178 181 8991
9241 178 178 9024
9242 178 178 9024
9243 178 179 9036
9244 178 178 9036
9245 178 179 9026
9246 178 187 9026
9247 178 178 9031
9248 178 178 9031
9249 178 179 8755
9250 178 178 8755
9251 178 178 8761
9252 178 179 8761
9253 178 180 8507
9254 178 178 8507
9255 178 178 8502
9256 178 178 8502
9257 178 179 0
9258 178 178 0
9259 178 178 0
9260 178 178 0
9261 178 179 0
9262 178 178 0
9263 178 178 0
9264 178 178 0
9265 178 178 0
9266 178 178 0
9267 178 180 0
9268 178 178 0
9269 178 178 0
9270 178 178 0
9271 178 178 0
9272 178 179 0
9273 178 178 0
9274 178 178 0
9275 178 178 0
9276 178 178 0
9277 178 178 0
9278 178 178 0
9279 178 178 0
9280 178 178 0
9281 179 182 0
9282 179 182 9079
9283 179 179 9079
9284 179 179 9069
9285 179 180 9069
9286 179 179 9071
9287 179 179 9071
9288 179 179 9072
9289 179 179 9072
9290 179 180 8814
9291 179 179 8814
9292 179 181 8840
9293 179 179 8840
9294 179 179 9073
9295 179 179 9073
9296 179 180 8841
9297 179 179 8841
9298 179 179 9075
9299 179 179 9075
9300 179 179 8811
9301 179 180 8811
9302 179 179 9065
9303 179 181 9065
9304 179 179 9087
9305 179 180 9087
9306 179 179 8774
9307 179 179 8774
9308 179 179 8332
9309 179 179 8332
9310 179 179 9104
9311 179 179 9104
9312 179 181 9260
9313 179 180 9260
9314 179 179 8567
9315 179 179 8567
9316 179 180 9089
9317 179 179 9089
9318 179 179 8863
9319 179 179 8863
9320 179 179 8550
9321 179 179 8550
9322 179 179 9116
9323 179 179 9116
9324 179 179 8356
9325 179 179 8356
9326 179 179 8850
9327 179 185 8850
9328 179 180 9101
9329 179 180 9101
9330 179 181 9106
9331 179 179 9106
9332 179 180 9105
9333 179 179 9105
9334 179 180 8873
9335 179 179 8873
9336 179 180 9109
9337 179 179 9109
9338 179 181 9118
9339 179 183 9118
9340 179 183 8544
9341 179 179 8544
9342 179 179 9114
9343 179 179 9114
9344 179 180 9136
9345 179 179 9136
9346 179 181 9121
9347 179 180 9121
9348 179 179 9047
9349 179 179 9047
9350 179 179 9100
9351 179 179 9100
9352 179 179 9125
9353 179 179 9125
9354 179 180 9103
9355 179 181 9103
9356 179 179 9166
9357 179 181 9166
9358 179 180 9098
9359 179 179 9098
9360 179 179 9123
9361 179 179 9123
9362 179 179 8926
9363 179 182 8926
9364 179 180 8875
9365 179 179 8875
9366 179 179 8619
9367 179 179 8619
9368 179 179 9137
9369 179 179 9137
9370 179 180 9139
9371 179 179 9139
9372 179 180 9264
9373 179 179 9264
9374 179 179 9149
9375 179 179 9149
9376 179 180 8929
9377 179 179 8929
9378 179 182 8896
9379 179 181 8896
9380 179 179 9145
9381 179 179 9145
9382 179 179 9265
9383 179 180 9265
9384 179 179 8917
9385 179 179 8917
9386 179 180 9155
9387 179 179 9155
9388 179 180 8910
9389 179 179 8910
9390 179 181 8655
9391 179 179 8655
9392 179 179 9142
9393 179 180 9142
9394 179 181 9157
9395 179 179 9157
9396 179 179 8528
9397 179 179 8528
9398 179 179 8360
9399 179 179 8360
9400 179 179 8936
9401 179 180 8936
9402 179 180 8372
9403 179 179 8372
9404 179 181 8899
9405 179 179 8899
9406 179 181 8665
9407 179 180 8665
9408 179 179 9163
9409 179 179 9163
9410 179 180 9175
9411 179 179 9175
9412 179 180 9169
9413 179 179 9169
9414 179 179 9268
9415 179 179 9268
9416 179 179 8684
9417 179 180 8684
9418 179 179 8677
9419 179 179 8677
9420 179 179 9165
9421 179 179 9165
9422 179 179 9189
9423 179 179 9189
9424 179 179 9167
9425 179 180 9167
9426 179 179 8950
9427 179 179 8950
9428 179 179 8662
9429 179 183 8662
9430 179 181 8958
9431 179 180 8958
9432 179 181 8918
9433 179 179 8918
9434 179 179 9187
9435 179 181 9187
9436 179 179 8962
9437 179 180 8962
9438 179 179 8967
9439 179 179 8967
9440 179 179 9181
9441 179 179 9181
9442 179 179 8940
9443 179 179 8940
9444 179 179 8999
9445 179 180 8999
9446 179 179 9204
9447 179 179 9204
9448 179 180 8674
9449 179 180 8674
9450 179 180 8196
9451 179 179 8196
9452 179 179 9273
9453 179 179 9273
9454 179 179 8185
9455 179 179 8185
9456 179 180 8456
9457 179 179 8456
9458 179 179 9184
9459 179 179 9184
9460 179 179 9174
9461 179 179 9174
9462 179 179 8977
9463 179 180 8977
9464 179 179 9196
9465 179 179 9196
9466 179 179 9228
9467 179 179 9228
9468 179 183 8973
9469 179 179 8973
9470 179 180 9197
9471 179 179 9197
9472 179 179 8992
9473 179 182 8992
9474 179 180 8978
9475 179 179 8978
9476 179 179 9220
9477 179 179 9220
9478 179 179 9221
9479 179 180 9221
9480 179 182 9207
9481 179 179 9207
9482 179 180 9212
9483 179 179 9212
9484 179 179 9276
9485 179 182 9276
9486 179 179 9190
9487 179 179 9190
9488 179 179 9002
9489 179 180 9002
9490 179 180 8483
9491 179 179 8483
9492 179 179 8744
9493 179 183 8744
9494 179 179 9278
9495 179 180 9278
9496 179 179 8700
9497 179 179 8700
9498 179 180 9007
9499 179 179 9007
9500 179 179 9238
9501 179 181 9238
9502 179 179 9236
9503 179 179 9236
9504 179 179 9241
9505 179 179 9241
9506 179 180 9208
9507 179 179 9208
9508 179 179 9255
9509 179 179 9255
9510 179 189 8741
9511 179 179 8741
9512 179 180 9034
9513 179 179 9034
9514 179 180 9040
9515 179 179 9040
9516 179 179 9028
9517 179 180 9028
9518 179 179 9251
9519 179 179 9251
9520 179 180 9248
9521 179 179 9248
9522 179 179 0
9523 179 179 0
9524 179 180 0
9525 179 184 0
9526 179 179 0
9527 179 179 0
9528 179 180 0
9529 179 179 0
9530 179 180 0
9531 179 179 0
9532 179 179 0
9533 179 179 0
9534 179 179 0
9535 179 181 0
9536 179 179 0
9537 180 180 9288
9538 180 182 9288
9539 180 180 8843
9540 180 181 8843
9541 180 186 9300
9542 180 181 9300
9543 180 180 9291
9544 180 180 9291
9545 180 181 9257
9546 180 180 9257
9547 180 180 9294
9548 180 181 9294
9549 180 181 9299
9550 180 180 9299
9551 180 180 8827
9552 180 180 8827
9553 180 180 9077
9554 180 180 9077
9555 180 181 9083
9556 180 180 9083
9557 180 180 9085
9558 180 180 9085
9559 180 180 9067
9560 180 180 9067
9561 180 181 9333
9562 180 180 9333
9563 180 180 9094
9564 180 180 9094
9565 180 180 9295
9566 180 180 9295
9567 180 180 9343
9568 180 180 9343
9569 180 182 9314
9570 180 180 9314
9571 180 182 9304
9572 180 181 9304
9573 180 182 9522
9574 180 180 9522
9575 180 181 9318
9576 180 180 9318
9577 180 182 9324
9578 180 180 9324
9579 180 180 9311
9580 180 180 9311
9581 180 180 9045
9582 180 180 9045
9583 180 180 9321
9584 180 180 9321
9585 180 182 9322
9586 180 180 9322
9587 180 180 9119
9588 180 180 9119
9589 180 180 8882
9590 180 180 8882
9591 180 180 9111
9592 180 180 9111
9593 180 180 8611
9594 180 180 8611
9595 180 180 9326
9596 180 184 9326
9597 180 182 8886
9598 180 180 8886
9599 180 182 9148
9600 180 182 9148
9601 180 183 9130
9602 180 180 9130
9603 180 180 9349
9604 180 180 9349
9605 180 180 9387
9606 180 180 9387
9607 180 180 9360
9608 180 180 9360
9609 180 181 9099
9610 180 180 9099
9611 180 181 9335
9612 180 180 9335
9613 180 180 9365
9614 180 180 9365
9615 180 180 9382
9616 180 181 9382
9617 180 180 9140
9618 180 180 9140
9619 180 181 9371
9620 180 180 9371
9621 180 180 8894
9622 180 180 8894
9623 180 181 9385
9624 180 180 9385
9625 180 180 9153
9626 180 180 9153
9627 180 180 9395
9628 180 180 9395
9629 180 180 9526
9630 180 180 9526
9631 180 180 9146
9632 180 181 9146
9633 180 182 7440
9634 180 180 7440
9635 180 180 9161
9636 180 180 9161
9637 180 180 9173
9638 180 180 9173
9639 180 180 9362
9640 180 180 9362
9641 180 180 9400
9642 180 181 9400
9643 180 180 8988
9644 180 181 8988
9645 180 181 9420
9646 180 182 9420
9647 180 180 8637
9648 180 180 8637
9649 180 180 9375
9650 180 184 9375
9651 180 183 9527
9652 180 180 9527
9653 180 181 9424
9654 180 180 9424
9655 180 180 9414
9656 180 180 9414
9657 180 180 9416
9658 180 180 9416
9659 180 182 9467
9660 180 180 9467
9661 180 181 9426
9662 180 180 9426
9663 180 181 9436
9664 180 181 9436
9665 180 181 9455
9666 180 180 9455
9667 180 182 9462
9668 180 180 9462
9669 180 182 9272
9670 180 180 9272
9671 180 180 9444
9672 180 180 9444
9673 180 182 9195
9674 180 181 9195
9675 180 180 9439
9676 180 181 9439
9677 180 180 8993
9678 180 182 8993
9679 180 180 9452
9680 180 181 9452
9681 180 180 9532
9682 180 180 9532
9683 180 182 9191
9684 180 181 9191
9685 180 180 9465
9686 180 180 9465
9687 180 180 9476
9688 180 180 9476
9689 180 181 9427
9690 180 183 9427
9691 180 180 9478
9692 180 180 9478
9693 180 183 9205
9694 180 180 9205
9695 180 181 9491
9696 180 180 9491
9697 180 180 8948
9698 180 180 8948
9699 180 180 9519
9700 180 183 9519
9701 180 181 8694
9702 180 180 8694
9703 180 182 9171
9704 180 180 9171
9705 180 180 9203
9706 180 180 9203
9707 180 180 9215
9708 180 180 9215
9709 180 180 9461
9710 180 180 9461
9711 180 180 9486
9712 180 180 9486
9713 180 182 9213
9714 180 180 9213
9715 180 180 9469
9716 180 180 9469
9717 180 181 9226
9718 180 180 9226
9719 180 180 9451
9720 180 180 9451
9721 180 180 9503
9722 180 181 9503
9723 180 180 9245
9724 180 180 9245
9725 180 180 9505
9726 180 182 9505
9727 180 184 9232
9728 180 180 9232
9729 180 181 8735
9730 180 180 8735
9731 180 181 9038
9732 180 180 9038
9733 180 180 9536
9734 180 180 9536
9735 180 180 9032
9736 180 180 9032
9737 180 182 9509
9738 180 181 9509
9739 180 181 9249
9740 180 180 9249
9741 180 183 9252
9742 180 180 9252
9743 180 181 0
9744 180 181 0
9745 180 180 0
9746 180 180 0
9747 180 180 0
9748 180 180 0
9749 180 181 0
9750 180 181 0
9751 180 181 0
9752 180 180 0
9753 180 180 0
9754 180 180 0
9755 180 180 0
9756 180 180 0
9757 181 183 0
9758 181 181 0
9759 181 181 9562
9760 181 181 9562
9761 181 182 9544
9762 181 183 9544
9763 181 182 9296
9764 181 182 9296
9765 181 181 9551
9766 181 182 9551
9767 181 181 9553
9768 181 181 9553
9769 181 181 9557
9770 181 181 9557
9771 181 181 9567
9772 181 183 9567
9773 181 181 9560
9774 181 181 9560
9775 181 181 9305
9776 181 181 9305
9777 181 181 9586
9778 181 181 9586
9779 181 182 9543
9780 181 181 9543
9781 181 182 9563
9782 181 181 9563
9783 181 181 9301
9784 181 181 9301
9785 181 182 9566
9786 181 181 9566
9787 181 181 9580
9788 181 181 9580
9789 181 188 9552
9790 181 181 9552
9791 181 181 9584
9792 181 182 9584
9793 181 181 8870
9794 181 181 8870
9795 181 181 9328
9796 181 183 9328
9797 181 181 9354
9798 181 181 9354
9799 181 181 9107
9800 181 181 9107
9801 181 181 9745
9802 181 183 9745
9803 181 181 8854
9804 181 181 8854
9805 181 181 9313
9806 181 181 9313
9807 181 181 9583
9808 181 183 9583
9809 181 183 9344
9810 181 181 9344
9811 181 182 9746
9812 181 182 9746
9813 181 182 9524
9814 181 181 9524
9815 181 182 9604
9816 181 182 9604
9817 181 182 8902
9818 181 181 8902
9819 181 182 9607
9820 181 181 9607
9821 181 187 8892
9822 181 181 8892
9823 181 181 9613
9824 181 181 9613
9825 181 181 9588
9826 181 181 9588
9827 181 181 9626
9828 181 181 9626
9829 181 181 9606
9830 181 181 9606
9831 181 181 9747
9832 181 181 9747
9833 181 181 9615
9834 181 181 9615
9835 181 181 9128
9836 181 181 9128
9837 181 181 9370
9838 181 181 9370
9839 181 181 9347
9840 181 181 9347
9841 181 182 9372
9842 181 182 9372
9843 181 181 9627
9844 181 181 9627
9845 181 181 9629
9846 181 181 9629
9847 181 181 9376
9848 181 182 9376
9849 181 184 9364
9850 181 181 9364
9851 181 181 9631
9852 181 181 9631
9853 181 182 9635
9854 181 181 9635
9855 181 181 9386
9856 181 181 9386
9857 181 181 9639
9858 181 181 9639
9859 181 182 8983
9860 181 181 8983
9861 181 182 9748
9862 181 181 9748
9863 181 182 9402
9864 181 181 9402
9865 181 184 9267
9866 181 181 9267
9867 181 181 8944
9868 181 182 8944
9869 181 185 9675
9870 181 181 9675
9871 181 183 9657
9872 181 183 9657
9873 181 181 9407
9874 181 181 9407
9875 181 181 9637
9876 181 182 9637
9877 181 181 9188
9878 181 181 9188
9879 181 181 9393
9880 181 183 9393
9881 181 182 9156
9882 181 181 9156
9883 181 181 9647
9884 181 181 9647
9885 181 182 9655
9886 181 181 9655
9887 181 189 0
9888 181 182 0
9889 181 181 9682
9890 181 182 9682
9891 181 181 9410
9892 181 182 9410
9893 181 182 9681
9894 181 181 9681
9895 181 182 8942
9896 181 183 8942
9897 181 181 9445
9898 181 182 9445
9899 181 181 9688
9900 181 181 9688
9901 181 182 9702
9902 181 182 9702
9903 181 181 9456
9904 181 182 9456
9905 181 181 9638
9906 181 182 9638
9907 181 181 9756
9908 181 181 9756
9909 181 181 9474
9910 181 181 9474
9911 181 182 9712
9912 181 182 9712
9913 181 181 9470
9914 181 181 9470
9915 181 181 9450
9916 181 181 9450
9917 181 181 9707
9918 181 182 9707
9919 181 181 9463
9920 181 181 9463
9921 181 181 9709
9922 181 181 9709
9923 181 183 9199
9924 181 181 9199
9925 181 181 9698
9926 181 181 9698
9927 181 181 9685
9928 181 181 9685
9929 181 181 9214
9930 181 181 9214
9931 181 181 9706
9932 181 182 9706
9933 181 182 9489
9934 181 181 9489
9935 181 181 9201
9936 181 182 9201
9937 181 181 9704
9938 181 181 9704
9939 181 183 9715
9940 181 181 9715
9941 181 181 9490
9942 181 181 9490
9943 181 181 9417
9944 181 182 9417
9945 181 181 9719
9946 181 181 9719
9947 181 181 9708
9948 181 182 9708
9949 181 181 9686
9950 181 183 9686
9951 181 182 9253
9952 181 181 9253
9953 181 182 9723
9954 181 181 9723
9955 181 181 9736
9956 181 181 9736
9957 181 184 9498
9958 181 182 9498
9959 181 181 9716
9960 181 182 9716
9961 181 181 9732
9962 181 181 9732
9963 181 181 9222
9964 181 184 9222
9965 181 182 9506
9966 181 181 9506
9967 181 182 9517
9968 181 181 9517
9969 181 182 0
9970 181 183 0
9971 181 181 0
9972 181 181 0
9973 181 181 0
9974 181 181 0
9975 181 181 0
9976 181 181 0
9977 181 181 0
9978 181 182 0
9979 181 182 0
9980 181 182 0
9981 181 181 0
9982 181 181 0
9983 181 181 0
9984 181 182 0
9985 181 181 0
9986 182 183 0
9987 182 182 0
9988 182 182 0
9989 182 183 0
9990 182 186 0
9991 182 183 9776
9992 182 182 9776
9993 182 182 9555
9994 182 182 9555
9995 182 182 9760
9996 182 182 9760
9997 182 183 9561
9998 182 182 9561
9999 182 182 9540
10000 182 182 9540
10001 182 182 9744
10002 182 184 9744
10003 182 182 9549
10004 182 182 9549
10005 182 182 9548
10006 182 182 9548
10007 182 182 9767
10008 182 183 9767
10009 182 182 9769
10010 182 183 9769
10011 182 182 9773
10012 182 182 9773
10013 182 182 9778
10014 182 182 9778
10015 182 182 9542
10016 182 183 9542
10017 182 184 9095
10018 182 182 9095
10019 182 183 9572
10020 182 183 9572
10021 182 183 9743
10022 182 182 9743
10023 182 182 9783
10024 182 182 9783
10025 182 182 9788
10026 182 182 9788
10027 182 182 9791
10028 182 182 9791
10029 182 182 9312
10030 182 182 9312
10031 182 182 9782
10032 182 183 9782
10033 182 182 9803
10034 182 182 9803
10035 182 183 9799
10036 182 182 9799
10037 182 182 9575
10038 182 182 9575
10039 182 183 9611
10040 182 182 9611
10041 182 182 9795
10042 182 182 9795
10043 182 184 9609
10044 182 182 9609
10045 182 182 9838
10046 182 182 9838
10047 182 183 9827
10048 182 182 9827
10049 182 182 9823
10050 182 182 9823
10051 182 182 9825
10052 182 186 9825
10053 182 186 9837
10054 182 182 9837
10055 182 182 8605
10056 182 185 8605
10057 182 182 9357
10058 182 182 9357
10059 182 182 9806
10060 182 182 9806
10061 182 184 9851
10062 182 182 9851
10063 182 182 9831
10064 182 183 9831
10065 182 182 9379
10066 182 182 9379
10067 182 183 9623
10068 182 184 9623
10069 182 182 9840
10070 182 182 9840
10071 182 182 8786
10072 182 182 8786
10073 182 183 9847
10074 182 183 9847
10075 182 184 9390
10076 182 183 9390
10077 182 184 9632
10078 182 182 9632
10079 182 185 9836
10080 182 182 9836
10081 182 182 9818
10082 182 182 9818
10083 182 184 9406
10084 182 182 9406
10085 182 182 9749
10086 182 182 9749
10087 182 184 9394
10088 182 183 9394
10089 182 182 9897
10090 182 182 9897
10091 182 182 9653
10092 182 182 9653
10093 182 183 9750
10094 182 182 9750
10095 182 182 9883
10096 182 183 9883
10097 182 183 9857
10098 182 182 9857
10099 182 182 9661
10100 182 182 9661
10101 182 182 9663
10102 182 182 9663
10103 182 183 9404
10104 182 182 9404
10105 182 183 9355
10106 182 183 9355
10107 182 182 9430
10108 182 182 9430
10109 182 183 9856
10110 182 182 9856
10111 182 182 9860
10112 182 182 9860
10113 182 182 9674
10114 182 182 9674
10115 182 183 9983
10116 182 183 9983
10117 182 182 9432
10118 182 182 9432
10119 182 182 9644
10120 182 182 9644
10121 182 185 8449
10122 182 183 8449
10123 182 182 9913
10124 182 182 9913
10125 182 182 9903
10126 182 182 9903
10127 182 182 9905
10128 182 183 9905
10129 182 182 9907
10130 182 184 9907
10131 182 183 9909
10132 182 182 9909
10133 182 183 9689
10134 182 182 9689
10135 182 182 9915
10136 182 184 9915
10137 182 187 0
10138 182 182 0
10139 182 182 9942
10140 182 182 9942
10141 182 182 9925
10142 182 182 9925
10143 182 182 9931
10144 182 182 9931
10145 182 183 9680
10146 182 182 9680
10147 182 182 9940
10148 182 182 9940
10149 182 182 9943
10150 182 183 9943
10151 182 182 9916
10152 182 183 9916
10153 182 182 9908
10154 182 182 9908
10155 182 186 9501
10156 182 182 9501
10157 182 184 9963
10158 182 182 9963
10159 182 183 9955
10160 182 182 9955
10161 182 182 9684
10162 182 183 9684
10163 182 182 9729
10164 182 182 9729
10165 182 182 9949
10166 182 182 9949
10167 182 182 9235
10168 182 183 9235
10169 182 183 9717
10170 182 182 9717
10171 182 182 9934
10172 182 182 9934
10173 182 182 9947
10174 182 182 9947
10175 182 182 0
10176 182 182 0
10177 182 182 9535
10178 182 184 9535
10179 182 184 9952
10180 182 182 9952
10181 182 182 9938
10182 182 184 9938
10183 182 182 9731
10184 182 182 9731
10185 182 182 9961
10186 182 182 9961
10187 182 183 0
10188 182 182 0
10189 182 182 0
10190 182 182 0
10191 182 183 0
10192 182 182 0
10193 182 182 0
10194 182 184 0
10195 182 182 0
10196 182 182 0
10197 182 182 0
10198 182 183 0
10199 182 182 0
10200 182 182 0
10201 182 183 0
10202 182 182 0
10203 182 182 0
10204 182 183 0
10205 182 186 0
10206 182 183 0
10207 182 182 0
10208 182 184 0
10209 182 182 0
10210 182 183 0
10211 182 182 0
10212 183 183 10188
10213 183 183 10188
10214 183 183 9761
10215 183 183 9761
10216 183 183 9585
10217 183 183 9585
10218 183 189 9999
10219 183 183 9999
10220 183 183 10001
10221 183 183 10001
10222 183 183 9764
10223 183 185 9764
10224 183 185 10007
10225 183 183 10007
10226 183 183 9785
10227 183 183 9785
10228 183 183 10012
10229 183 184 10012
10230 183 184 9993
10231 183 183 9993
10232 183 183 9792
10233 183 183 9792
10234 183 183 10013
10235 183 183 10013
10236 183 183 9992
10237 183 183 9992
10238 183 183 9779
10239 183 183 9779
10240 183 183 9763
10241 183 185 9763
10242 183 183 10003
10243 183 184 10003
10244 183 183 9766
10245 183 184 9766
10246 183 186 8577
10247 183 183 8577
10248 183 184 10027
10249 183 184 10027
10250 183 183 9538
10251 183 183 9538
10252 183 183 10023
10253 183 184 10023
10254 183 183 10029
10255 183 183 10029
10256 183 185 9573
10257 183 183 9573
10258 183 183 0
10259 183 185 0
10260 183 185 10192
10261 183 184 10192
10262 183 183 9282
10263 183 183 9282
10264 183 186 10033
10265 183 183 10033
10266 183 184 9998
10267 183 183 9998
10268 183 183 9569
10269 183 187 9569
10270 183 183 10031
10271 183 183 10031
10272 183 183 9969
10273 183 185 9969
10274 183 183 10030
10275 183 186 10030
10276 183 184 9597
10277 183 183 9597
10278 183 183 8614
10279 183 183 8614
10280 183 183 9819
10281 183 184 9819
10282 183 183 9812
10283 183 183 9812
10284 183 183 9599
10285 183 183 9599
10286 183 184 10051
10287 183 183 10051
10288 183 184 10045
10289 183 183 10045
10290 183 183 10057
10291 183 184 10057
10292 183 183 9816
10293 183 184 9816
10294 183 184 10044
10295 183 183 10044
10296 183 183 10049
10297 183 183 10049
10298 183 185 9378
10299 183 184 9378
10300 183 183 9817
10301 183 185 9817
10302 183 183 10071
10303 183 183 10071
10304 183 184 10042
10305 183 183 10042
10306 183 183 10070
10307 183 183 10070
10308 183 184 10082
10309 183 183 10082
10310 183 183 0
10311 183 183 0
10312 183 185 9842
10313 183 185 9842
10314 183 185 9859
10315 183 183 9859
10316 183 183 10062
10317 183 184 10062
10318 183 185 9853
10319 183 187 9853
10320 183 183 10095
10321 183 184 10095
10322 183 183 9848
10323 183 185 9848
10324 183 183 10084
10325 183 186 10084
10326 183 185 10085
10327 183 185 10085
10328 183 183 9876
10329 183 183 9876
10330 183 183 0
10331 183 184 0
10332 183 184 9868
10333 183 183 9868
10334 183 185 10099
10335 183 183 10099
10336 183 183 9885
10337 183 183 9885
10338 183 183 10107
10339 183 183 10107
10340 183 185 9890
10341 183 183 9890
10342 183 183 9980
10343 183 188 9980
10344 183 183 10142
10345 183 186 10142
10346 183 183 9683
10347 183 187 9683
10348 183 183 9646
10349 183 183 9646
10350 183 183 9881
10351 183 183 9881
10352 183 183 9892
10353 183 183 9892
10354 183 183 10089
10355 183 183 10089
10356 183 184 10207
10357 183 183 10207
10358 183 183 10125
10359 183 183 10125
10360 183 183 10129
10361 183 184 10129
10362 183 183 10098
10363 183 184 10098
10364 183 183 9895
10365 183 183 9895
10366 183 183 9669
10367 183 183 9669
10368 183 183 10141
10369 183 183 10141
10370 183 184 10120
10371 183 183 10120
10372 183 183 9703
10373 183 183 9703
10374 183 183 10123
10375 183 184 10123
10376 183 184 10135
10377 183 184 10135
10378 183 185 9918
10379 183 183 9918
10380 183 183 10165
10381 183 184 10165
10382 183 183 10102
10383 183 185 10102
10384 183 185 10170
10385 183 183 10170
10386 183 183 9673
10387 183 187 9673
10388 183 186 10134
10389 183 183 10134
10390 183 183 10144
10391 183 184 10144
10392 183 183 9902
10393 183 183 9902
10394 183 183 9984
10395 183 183 9984
10396 183 183 9912
10397 183 183 9912
10398 183 184 10143
10399 183 183 10143
10400 183 183 10147
10401 183 183 10147
10402 183 183 9933
10403 183 183 9933
10404 183 183 10154
10405 183 183 10154
10406 183 184 10176
10407 183 183 10176
10408 183 183 10151
10409 183 183 10151
10410 183 183 10167
10411 183 183 10167
10412 183 183 9958
10413 183 183 9958
10414 183 184 9953
10415 183 183 9953
10416 183 183 10174
10417 183 185 10174
10418 183 183 10211
10419 183 184 10211
10420 183 185 10163
10421 183 183 10163
10422 183 183 9951
10423 183 183 9951
10424 183 185 9726
10425 183 183 9726
10426 183 185 10183
10427 183 183 10183
10428 183 184 9967
10429 183 183 9967
10430 183 189 9965
10431 183 188 9965
10432 183 185 9230
10433 183 183 9230
10434 183 184 9948
10435 183 183 9948
10436 183 183 0
10437 183 183 0
10438 183 184 0
10439 183 184 0
10440 183 187 0
10441 183 183 0
10442 183 183 0
10443 183 189 0
10444 183 185 0
10445 183 183 0
10446 183 183 0
10447 183 183 0
10448 183 186 0
10449 183 183 0
10450 183 183 0
10451 183 183 0
10452 183 183 0
10453 183 183 0
10454 183 183 0
10455 183 183 0
10456 184 184 0
10457 184 184 9991
10458 184 184 9991
10459 184 185 10187
10460 184 184 10187
10461 184 184 10021
10462 184 184 10021
10463 184 184 10242
10464 184 184 10242
10465 184 184 10220
10466 184 185 10220
10467 184 184 10244
10468 184 185 10244
10469 184 184 9796
10470 184 185 9796
10471 184 186 10247
10472 184 184 10247
10473 184 185 10233
10474 184 184 10233
10475 184 184 9997
10476 184 184 9997
10477 184 184 10234
10478 184 185 10234
10479 184 184 10216
10480 184 184 10216
10481 184 184 10250
10482 184 184 10250
10483 184 184 10226
10484 184 184 10226
10485 184 184 10232
10486 184 184 10232
10487 184 184 10254
10488 184 184 10254
10489 184 184 10019
10490 184 184 10019
10491 184 184 10235
10492 184 184 10235
10493 184 185 10271
10494 184 184 10271
10495 184 185 10252
10496 184 184 10252
10497 184 184 10191
10498 184 185 10191
10499 184 187 10274
10500 184 185 10274
10501 184 185 10268
10502 184 184 10268
10503 184 184 10237
10504 184 184 10237
10505 184 184 10258
10506 184 186 10258
10507 184 185 10219
10508 184 189 10219
10509 184 184 9772
10510 184 186 9772
10511 184 184 10277
10512 184 184 10277
10513 184 184 10270
10514 184 185 10270
10515 184 185 10272
10516 184 184 10272
10517 184 184 10039
10518 184 185 10039
10519 184 184 9970
10520 184 185 9970
10521 184 184 10284
10522 184 184 10284
10523 184 184 9340
10524 184 184 9340
10525 184 187 9802
10526 184 184 9802
10527 184 187 10279
10528 184 184 10279
10529 184 184 10106
10530 184 184 10106
10531 184 184 10282
10532 184 184 10282
10533 184 185 9601
10534 184 185 9601
10535 184 185 10292
10536 184 184 10292
10537 184 184 10047
10538 184 184 10047
10539 184 184 10296
10540 184 184 10296
10541 184 184 9808
10542 184 184 9808
10543 184 184 10300
10544 184 184 10300
10545 184 184 10035
10546 184 184 10035
10547 184 184 10302
10548 184 184 10302
10549 184 184 10307
10550 184 184 10307
10551 184 184 10067
10552 184 184 10067
10553 184 185 10328
10554 184 184 10328
10555 184 184 10088
10556 184 184 10088
10557 184 184 10073
10558 184 184 10073
10559 184 184 9651
10560 184 184 9651
10561 184 184 10074
10562 184 184 10074
10563 184 184 10311
10564 184 184 10311
10565 184 185 9880
10566 184 186 9880
10567 184 185 9690
10568 184 184 9690
10569 184 184 10103
10570 184 184 10103
10571 184 184 10105
10572 184 184 10105
10573 184 184 10333
10574 184 185 10333
10575 184 184 10445
10576 184 184 10445
10577 184 184 9429
10578 184 185 9429
10579 184 184 10338
10580 184 184 10338
10581 184 184 10348
10582 184 184 10348
10583 184 185 10109
10584 184 185 10109
10585 184 184 10364
10586 184 185 10364
10587 184 184 10335
10588 184 186 10335
10589 184 184 10322
10590 184 184 10322
10591 184 184 10446
10592 184 184 10446
10593 184 185 10350
10594 184 184 10350
10595 184 185 10353
10596 184 184 10353
10597 184 184 10206
10598 184 184 10206
10599 184 184 9872
10600 184 184 9872
10601 184 184 10329
10602 184 184 10329
10603 184 184 10360
10604 184 184 10360
10605 184 184 0
10606 184 184 0
10607 184 184 9923
10608 184 184 9923
10609 184 184 10366
10610 184 184 10366
10611 184 186 10373
10612 184 184 10373
10613 184 185 10372
10614 184 184 10372
10615 184 188 9468
10616 184 184 9468
10617 184 184 9693
10618 184 184 9693
10619 184 188 10374
10620 184 184 10374
10621 184 184 10397
10622 184 185 10397
10623 184 184 10380
10624 184 185 10380
10625 184 184 10368
10626 184 184 10368
10627 184 185 10390
10628 184 184 10390
10629 184 187 10122
10630 184 184 10122
10631 184 184 10392
10632 184 186 10392
10633 184 184 10394
10634 184 184 10394
10635 184 184 10396
10636 184 185 10396
10637 184 184 9700
10638 184 185 9700
10639 184 184 10451
10640 184 188 10451
10641 184 187 10150
10642 184 184 10150
10643 184 184 10435
10644 184 184 10435
10645 184 184 10402
10646 184 184 10402
10647 184 184 10404
10648 184 184 10404
10649 184 184 10097
10650 184 184 10097
10651 184 185 10410
10652 184 184 10410
10653 184 184 10152
10654 184 184 10152
10655 184 188 10159
10656 184 184 10159
10657 184 184 10421
10658 184 184 10421
10659 184 184 10452
10660 184 184 10452
10661 184 184 10169
10662 184 185 10169
10663 184 186 9493
10664 184 184 9493
10665 184 184 9018
10666 184 188 9018
10667 184 184 10429
10668 184 185 10429
10669 184 186 10418
10670 184 185 10418
10671 184 184 10422
10672 184 185 10422
10673 184 184 9741
10674 184 186 9741
10675 184 185 10427
10676 184 184 10427
10677 184 184 0
10678 184 184 0
10679 184 185 0
10680 184 184 0
10681 184 184 0
10682 184 184 0
10683 184 184 0
10684 184 184 0
10685 184 184 0
10686 184 184 0
10687 184 184 0
10688 184 184 0
10689 184 185 0
10690 184 184 0
10691 184 186 0
10692 184 184 0
10693 184 185 0
10694 184 184 0
10695 184 184 0
10696 185 185 0
10697 185 185 10465
10698 185 185 10465
10699 185 185 10678
10700 185 185 10678
10701 185 185 10457
10702 185 185 10457
10703 185 185 10479
10704 185 185 10479
10705 185 185 10464
10706 185 185 10464
10707 185 185 10467
10708 185 185 10467
10709 185 185 10229
10710 185 185 10229
10711 185 185 10476
10712 185 185 10476
10713 185 185 10475
10714 185 185 10475
10715 185 189 10462
10716 185 185 10462
10717 185 185 10483
10718 185 185 10483
10719 185 186 10230
10720 185 186 10230
10721 185 185 10017
10722 185 185 10017
10723 185 185 10487
10724 185 185 10487
10725 185 185 10489
10726 185 185 10489
10727 185 185 10490
10728 185 185 10490
10729 185 185 10253
10730 185 185 10253
10731 185 185 9596
10732 185 185 9596
10733 185 186 10496
10734 185 185 10496
10735 185 185 10484
10736 185 185 10484
10737 185 185 10248
10738 185 185 10248
10739 185 186 10480
10740 185 186 10480
10741 185 185 10494
10742 185 185 10494
10743 185 185 10276
10744 185 186 10276
10745 185 186 10194
10746 185 187 10194
10747 185 186 10266
10748 185 185 10266
10749 185 185 10511
10750 185 185 10511
10751 185 186 10519
10752 185 189 10519
10753 185 185 10523
10754 185 185 10523
10755 185 185 10043
10756 185 185 10043
10757 185 186 10683
10758 185 187 10683
10759 185 186 10545
10760 185 185 10545
10761 185 185 10438
10762 185 185 10438
10763 185 189 10522
10764 185 188 10522
10765 185 189 10529
10766 185 185 10529
10767 185 185 10249
10768 185 186 10249
10769 185 185 10281
10770 185 185 10281
10771 185 186 8610
10772 185 186 8610
10773 185 186 10288
10774 185 185 10288
10775 185 186 10539
10776 185 186 10539
10777 185 189 10291
10778 185 185 10291
10779 185 185 10537
10780 185 186 10537
10781 185 186 10543
10782 185 185 10543
10783 185 185 10547
10784 185 185 10547
10785 185 185 10560
10786 185 185 10560
10787 185 187 10564
10788 185 187 10564
10789 185 188 10299
10790 185 185 10299
10791 185 185 10293
10792 185 185 10293
10793 185 187 10558
10794 185 185 10558
10795 185 185 10552
10796 185 185 10552
10797 185 185 10550
10798 185 185 10550
10799 185 185 10542
10800 185 187 10542
10801 185 185 10087
10802 185 186 10087
10803 185 186 10544
10804 185 185 10544
10805 185 185 10363
10806 185 185 10363
10807 185 186 10559
10808 185 186 10559
10809 185 185 10075
10810 185 185 10075
10811 185 186 10561
10812 185 185 10561
10813 185 187 10563
10814 185 186 10563
10815 185 185 10083
10816 185 185 10083
10817 185 185 10688
10818 185 185 10688
10819 185 185 10332
10820 185 186 10332
10821 185 189 10317
10822 185 185 10317
10823 185 189 10575
10824 185 186 10575
10825 185 185 10569
10826 185 186 10569
10827 185 186 10571
10828 185 185 10571
10829 185 186 10579
10830 185 189 10579
10831 185 185 10690
10832 185 185 10690
10833 185 187 10626
10834 185 185 10626
10835 185 186 9650
10836 185 188 9650
10837 185 185 10304
10838 185 185 10304
10839 185 185 10600
10840 185 185 10600
10841 185 185 10136
10842 185 185 10136
10843 185 185 10604
10844 185 187 10604
10845 185 185 10609
10846 185 186 10609
10847 185 185 10597
10848 185 186 10597
10849 185 185 10077
10850 185 185 10077
10851 185 185 10692
10852 185 185 10692
10853 185 186 10601
10854 185 185 10601
10855 185 186 10594
10856 185 185 10594
10857 185 188 10605
10858 185 185 10605
10859 185 185 10607
10860 185 185 10607
10861 185 185 10589
10862 185 185 10589
10863 185 185 10370
10864 185 187 10370
10865 185 188 10617
10866 185 185 10617
10867 185 186 10130
10868 185 185 10130
10869 185 186 10649
10870 185 186 10649
10871 185 185 10635
10872 185 185 10635
10873 185 186 10598
10874 185 185 10598
10875 185 185 10631
10876 185 185 10631
10877 185 185 10633
10878 185 185 10633
10879 185 187 10643
10880 185 186 10643
10881 185 185 10646
10882 185 185 10646
10883 185 186 10602
10884 185 186 10602
10885 185 185 10653
10886 185 185 10653
10887 185 185 10391
10888 185 185 10391
10889 185 185 10377
10890 185 185 10377
10891 185 185 10656
10892 185 186 10656
10893 185 189 10406
10894 185 186 10406
10895 185 187 10208
10896 185 185 10208
10897 185 186 9957
10898 185 185 9957
10899 185 185 10179
10900 185 186 10179
10901 185 185 10612
10902 185 185 10612
10903 185 185 10414
10904 185 185 10414
10905 185 185 10664
10906 185 186 10664
10907 185 187 10671
10908 185 185 10671
10909 185 185 10634
10910 185 185 10634
10911 185 185 9964
10912 185 185 9964
10913 185 186 10658
10914 185 185 10658
10915 185 187 10428
10916 185 185 10428
10917 185 185 0
10918 185 185 0
10919 185 185 0
10920 185 185 0
10921 185 186 0
10922 185 185 0
10923 185 185 0
10924 185 186 0
10925 185 189 0
10926 185 186 0
10927 185 187 0
10928 185 186 0
10929 185 185 0
10930 185 188 0
10931 185 185 0
10932 185 185 0
10933 185 188 0
10934 185 186 0
10935 185 186 0
10936 185 185 0
10937 185 186 0
10938 185 185 0
10939 185 185 0
10940 186 186 10459
10941 186 186 10459
10942 186 186 10711
10943 186 186 10711
10944 186 186 10714
10945 186 186 10714
10946 186 187 10702
10947 186 186 10702
10948 186 186 10679
10949 186 187 10679
10950 186 186 10705
10951 186 186 10705
10952 186 186 10466
10953 186 188 10466
10954 186 186 10707
10955 186 186 10707
10956 186 189 10468
10957 186 186 10468
10958 186 187 10224
10959 186 186 10224
10960 186 187 10473
10961 186 187 10473
10962 186 186 10738
10963 186 186 10738
10964 186 186 10699
10965 186 186 10699
10966 186 186 10703
10967 186 186 10703
10968 186 186 10697
10969 186 187 10697
10970 186 186 10493
10971 186 189 10493
10972 186 187 10223
10973 186 186 10223
10974 186 187 10723
10975 186 186 10723
10976 186 186 10495
10977 186 186 10495
10978 186 186 10737
10979 186 189 10737
10980 186 186 10501
10981 186 187 10501
10982 186 186 10725
10983 186 186 10725
10984 186 187 10256
10985 186 187 10256
10986 186 189 10743
10987 186 187 10743
10988 186 186 10755
10989 186 186 10755
10990 186 186 10259
10991 186 188 10259
10992 186 188 10514
10993 186 187 10514
10994 186 186 10753
10995 186 186 10753
10996 186 187 10718
10997 186 189 10718
10998 186 186 10518
10999 186 186 10518
11000 186 186 10761
11001 186 187 10761
11002 186 186 10770
11003 186 186 10770
11004 186 186 10478
11005 186 186 10478
11006 186 186 6031
11007 186 189 6031
11008 186 186 10785
11009 186 187 10785
11010 186 186 10822
11011 186 187 10822
11012 186 186 10298
11013 186 186 10298
11014 186 187 10533
11015 186 187 10533
11016 186 189 10774
11017 186 186 10774
11018 186 186 10056
11019 186 187 10056
11020 186 186 10779
11021 186 186 10779
11022 186 186 10783
11023 186 186 10783
11024 186 186 10838
11025 186 186 10838
11026 186 186 9327
11027 186 186 9327
11028 186 186 10797
11029 186 186 10797
11030 186 186 10791
11031 186 186 10791
11032 186 186 10756
11033 186 186 10756
11034 186 186 10810
11035 186 186 10810
11036 186 187 10796
11037 186 186 10796
11038 186 186 10312
11039 186 186 10312
11040 186 186 10314
11041 186 186 10314
11042 186 188 10806
11043 186 187 10806
11044 186 188 10929
11045 186 187 10929
11046 186 186 10799
11047 186 186 10799
11048 186 186 10817
11049 186 186 10817
11050 186 188 10326
11051 186 186 10326
11052 186 186 10689
11053 186 186 10689
11054 186 186 10782
11055 186 187 10782
11056 186 187 10861
11057 186 186 10861
11058 186 187 10334
11059 186 188 10334
11060 186 186 10851
11061 186 186 10851
11062 186 187 9869
11063 186 186 9869
11064 186 188 10553
11065 186 188 10553
11066 186 186 10801
11067 186 186 10801
11068 186 189 10323
11069 186 186 10323
11070 186 186 10841
11071 186 186 10841
11072 186 187 10340
11073 186 186 10340
11074 186 186 10843
11075 186 187 10843
11076 186 187 10818
11077 186 188 10818
11078 186 187 10567
11079 186 186 10567
11080 186 186 10662
11081 186 186 10662
11082 186 188 10627
11083 186 186 10627
11084 186 186 10849
11085 186 186 10849
11086 186 186 10613
11087 186 189 10613
11088 186 188 10839
11089 186 186 10839
11090 186 189 10842
11091 186 186 10842
11092 186 186 10593
11093 186 186 10593
11094 186 186 10622
11095 186 186 10622
11096 186 186 10586
11097 186 186 10586
11098 186 186 10845
11099 186 186 10845
11100 186 188 10876
11101 186 186 10876
11102 186 187 10693
11103 186 186 10693
11104 186 186 10378
11105 186 187 10378
11106 186 189 10624
11107 186 186 10624
11108 186 188 10887
11109 186 186 10887
11110 186 186 10638
11111 186 186 10638
11112 186 188 10881
11113 186 186 10881
11114 186 186 10938
11115 186 186 10938
11116 186 187 10383
11117 186 186 10383
11118 186 187 10890
11119 186 186 10890
11120 186 186 10885
11121 186 186 10885
11122 186 186 10914
11123 186 186 10914
11124 186 186 10832
11125 186 186 10832
11126 186 186 10636
11127 186 187 10636
11128 186 186 10901
11129 186 186 10901
11130 186 186 10903
11131 186 186 10903
11132 186 186 10426
11133 186 186 10426
11134 186 186 0
11135 186 186 0
11136 186 186 10909
11137 186 186 10909
11138 186 186 10420
11139 186 189 10420
11140 186 186 10672
11141 186 187 10672
11142 186 186 10424
11143 186 186 10424
11144 186 186 10910
11145 186 186 10910
11146 186 186 10911
11147 186 186 10911
11148 186 189 0
11149 186 186 0
11150 186 186 0
11151 186 189 0
11152 186 187 0
11153 186 187 0
11154 186 186 0
11155 186 186 0
11156 186 186 0
11157 186 186 0
11158 186 186 0
11159 186 186 0
11160 186 186 0
11161 186 186 0
11162 186 186 0
11163 186 188 0
11164 186 187 0
11165 187 187 0
11166 187 187 10942
11167 187 187 10942
11168 187 187 10964
11169 187 187 10964
11170 187 187 10968
11171 187 188 10968
11172 187 187 10950
11173 187 187 10950
11174 187 187 10973
11175 187 189 10973
11176 187 187 9541
11177 187 189 9541
11178 187 188 10954
11179 187 187 10954
11180 187 187 10719
11181 187 187 10719
11182 187 189 10944
11183 187 187 10944
11184 187 188 10967
11185 187 187 10967
11186 187 187 10966
11187 187 189 10966
11188 187 187 10948
11189 187 187 10948
11190 187 187 10955
11191 187 187 10955
11192 187 188 10471
11193 187 187 10471
11194 187 188 11150
11195 187 187 11150
11196 187 188 10510
11197 187 189 10510
11198 187 187 10963
11199 187 188 10963
11200 187 187 10983
11201 187 189 10983
11202 187 187 10506
11203 187 189 10506
11204 187 187 10978
11205 187 188 10978
11206 187 187 11005
11207 187 187 11005
11208 187 187 10995
11209 187 187 10995
11210 187 187 10977
11211 187 188 10977
11212 187 187 10745
11213 187 187 10745
11214 187 188 10747
11215 187 187 10747
11216 187 187 10759
11217 187 187 10759
11218 187 188 11004
11219 187 187 11004
11220 187 187 10264
11221 187 187 10264
11222 187 187 10988
11223 187 187 10988
11224 187 187 10990
11225 187 187 10990
11226 187 187 10994
11227 187 188 10994
11228 187 187 10921
11229 187 187 10921
11230 187 188 10052
11231 187 187 10052
11232 187 188 11002
11233 187 187 11002
11234 187 187 10771
11235 187 187 10771
11236 187 188 10773
11237 187 187 10773
11238 187 187 11031
11239 187 187 11031
11240 187 189 10275
11241 187 187 10275
11242 187 187 10781
11243 187 187 10781
11244 187 187 10775
11245 187 187 10775
11246 187 187 10926
11247 187 189 10926
11248 187 187 11154
11249 187 187 11154
11250 187 187 10768
11251 187 189 10768
11252 187 187 11020
11253 187 188 11020
11254 187 188 11022
11255 187 188 11022
11256 187 189 10924
11257 187 187 10924
11258 187 187 11027
11259 187 189 11027
11260 187 187 11032
11261 187 187 11032
11262 187 187 10803
11263 187 187 10803
11264 187 187 11025
11265 187 187 11025
11266 187 187 11156
11267 187 187 11156
11268 187 187 11028
11269 187 188 11028
11270 187 187 10928
11271 187 189 10928
11272 187 187 11053
11273 187 187 11053
11274 187 187 11034
11275 187 189 11034
11276 187 189 10827
11277 187 187 10827
11278 187 187 11039
11279 187 188 11039
11280 187 187 11157
11281 187 187 11157
11282 187 187 11052
11283 187 187 11052
11284 187 188 11046
11285 187 187 11046
11286 187 187 11048
11287 187 187 11048
11288 187 187 10835
11289 187 188 10835
11290 187 187 10691
11291 187 187 10691
11292 187 189 10776
11293 187 188 10776
11294 187 188 11060
11295 187 187 11060
11296 187 189 11061
11297 187 187 11061
11298 187 187 10814
11299 187 187 10814
11300 187 188 11066
11301 187 187 11066
11302 187 188 11054
11303 187 187 11054
11304 187 189 11158
11305 187 187 11158
11306 187 188 10345
11307 187 187 10345
11308 187 187 10820
11309 187 187 10820
11310 187 187 11084
11311 187 187 11084
11312 187 189 11086
11313 187 188 11086
11314 187 187 11071
11315 187 187 11071
11316 187 189 10826
11317 187 187 10826
11318 187 187 11097
11319 187 187 11097
11320 187 187 10663
11321 187 188 10663
11322 187 189 10611
11323 187 187 10611
11324 187 188 10935
11325 187 187 10935
11326 187 187 10448
11327 187 189 10448
11328 187 187 11091
11329 187 187 11091
11330 187 188 11074
11331 187 187 11074
11332 187 187 10855
11333 187 187 10855
11334 187 187 10894
11335 187 188 10894
11336 187 188 10155
11337 187 187 10155
11338 187 189 10588
11339 187 188 10588
11340 187 187 11162
11341 187 187 11162
11342 187 187 11101
11343 187 189 11101
11344 187 187 10883
11345 187 188 10883
11346 187 187 11095
11347 187 187 11095
11348 187 187 10848
11349 187 188 10848
11350 187 187 11104
11351 187 187 11104
11352 187 187 11113
11353 187 187 11113
11354 187 188 11123
11355 187 188 11123
11356 187 189 11114
11357 187 187 11114
11358 187 187 10873
11359 187 187 10873
11360 187 187 11130
11361 187 187 11130
11362 187 187 11120
11363 187 187 11120
11364 187 188 11124
11365 187 187 11124
11366 187 187 11093
11367 187 187 11093
11368 187 187 11142
11369 187 187 11142
11370 187 189 11136
11371 187 187 11136
11372 187 187 0
11373 187 187 0
11374 187 187 11138
11375 187 189 11138
11376 187 187 10900
11377 187 189 10900
11378 187 189 10897
11379 187 188 10897
11380 187 188 11129
11381 187 187 11129
11382 187 189 10674
11383 187 187 10674
11384 187 189 11117
11385 187 187 11117
11386 187 187 11132
11387 187 187 11132
11388 187 188 10880
11389 187 189 10880
11390 187 187 0
11391 187 187 0
11392 187 187 0
11393 187 189 0
11394 187 187 0
11395 187 187 0
11396 187 187 0
11397 187 187 0
11398 187 187 0
11399 187 188 0
11400 187 187 0
11401 187 187 0
11402 187 187 0
11403 187 187 0
11404 187 187 0
11405 187 187 0
11406 187 188 0
11407 187 187 0
11408 187 187 0
11409 187 187 0
11410 187 187 0
11411 187 188 0
11412 188 188 10946
11413 188 189 10946
11414 188 188 11176
11415 188 188 11176
11416 188 188 10958
11417 188 188 10958
11418 188 189 11190
11419 188 188 11190
11420 188 188 11390
11421 188 188 11390
11422 188 188 11391
11423 188 188 11391
11424 188 188 11188
11425 188 188 11188
11426 188 188 11172
11427 188 189 11172
11428 188 188 10969
11429 188 188 10969
11430 188 189 10972
11431 188 188 10972
11432 188 189 10960
11433 188 189 10960
11434 188 188 11152
11435 188 188 11152
11436 188 188 11180
11437 188 189 11180
11438 188 189 11198
11439 188 188 11198
11440 188 188 11185
11441 188 188 11185
11442 188 188 11193
11443 188 189 11193
11444 188 188 10996
11445 188 189 10996
11446 188 188 10974
11447 188 188 10974
11448 188 188 10993
11449 188 188 10993
11450 188 189 11212
11451 188 188 11212
11452 188 189 10984
11453 188 188 10984
11454 188 189 11394
11455 188 188 11394
11456 188 188 11189
11457 188 188 11189
11458 188 188 11229
11459 188 188 11229
11460 188 189 11210
11461 188 189 11210
11462 188 188 10527
11463 188 188 10527
11464 188 189 11222
11465 188 188 11222
11466 188 188 11395
11467 188 188 11395
11468 188 189 10987
11469 188 188 10987
11470 188 188 10525
11471 188 188 10525
11472 188 188 11252
11473 188 188 11252
11474 188 188 10269
11475 188 188 10269
11476 188 188 11209
11477 188 188 11209
11478 188 189 11235
11479 188 188 11235
11480 188 188 8906
11481 188 189 8906
11482 188 188 11014
11483 188 189 11014
11484 188 188 11019
11485 188 189 11019
11486 188 188 11242
11487 188 188 11242
11488 188 188 11153
11489 188 188 11153
11490 188 189 11011
11491 188 188 11011
11492 188 188 11246
11493 188 188 11246
11494 188 188 11238
11495 188 188 11238
11496 188 188 10440
11497 188 188 10440
11498 188 188 11297
11499 188 189 11297
11500 188 188 11266
11501 188 188 11266
11502 188 189 11268
11503 188 188 11268
11504 188 188 11249
11505 188 188 11249
11506 188 188 11301
11507 188 188 11301
11508 188 188 11262
11509 188 188 11262
11510 188 189 10793
11511 188 189 10793
11512 188 188 9821
11513 188 188 9821
11514 188 189 11058
11515 188 188 11058
11516 188 188 10787
11517 188 188 10787
11518 188 188 0
11519 188 188 0
11520 188 189 10981
11521 188 188 10981
11522 188 188 11274
11523 188 189 11274
11524 188 189 11009
11525 188 188 11009
11526 188 188 11036
11527 188 189 11036
11528 188 188 10813
11529 188 189 10813
11530 188 188 11280
11531 188 189 11280
11532 188 188 11286
11533 188 188 11286
11534 188 188 11078
11535 188 188 11078
11536 188 189 10319
11537 188 189 10319
11538 188 189 11298
11539 188 188 11298
11540 188 188 11282
11541 188 189 11282
11542 188 188 11288
11543 188 189 11288
11544 188 188 11062
11545 188 189 11062
11546 188 188 11403
11547 188 189 11403
11548 188 188 11328
11549 188 188 11328
11550 188 189 11072
11551 188 188 11072
11552 188 189 10800
11553 188 188 10800
11554 188 188 11305
11555 188 188 11305
11556 188 188 11308
11557 188 188 11308
11558 188 188 11311
11559 188 189 11311
11560 188 188 11333
11561 188 189 11333
11562 188 188 11291
11563 188 188 11291
11564 188 188 11323
11565 188 188 11323
11566 188 188 11102
11567 188 188 11102
11568 188 188 11314
11569 188 188 11314
11570 188 189 10137
11571 188 188 10137
11572 188 188 10347
11573 188 188 10347
11574 188 188 11273
11575 188 189 11273
11576 188 188 11409
11577 188 189 11409
11578 188 188 11347
11579 188 188 11347
11580 188 188 11043
11581 188 188 11043
11582 188 189 11055
11583 188 188 11055
11584 188 189 10387
11585 188 188 10387
11586 188 189 11410
11587 188 188 11410
11588 188 189 11337
11589 188 188 11337
11590 188 188 11350
11591 188 188 11350
11592 188 189 11358
11593 188 188 11358
11594 188 189 10629
11595 188 188 10629
11596 188 188 10641
11597 188 188 10641
11598 188 189 11342
11599 188 188 11342
11600 188 188 10879
11601 188 189 10879
11602 188 188 11352
11603 188 188 11352
11604 188 188 11319
11605 188 188 11319
11606 188 188 11383
11607 188 188 11383
11608 188 188 11362
11609 188 188 11362
11610 188 188 11367
11611 188 189 11367
11612 188 189 10895
11613 188 188 10895
11614 188 188 11368
11615 188 188 11368
11616 188 188 11127
11617 188 188 11127
11618 188 189 11164
11619 188 188 11164
11620 188 188 9246
11621 188 189 9246
11622 188 189 10907
11623 188 188 10907
11624 188 188 11385
11625 188 188 11385
11626 188 188 11371
11627 188 188 11371
11628 188 188 11372
11629 188 188 11372
11630 188 188 11365
11631 188 188 11365
11632 188 188 11387
11633 188 189 11387
11634 188 188 0
11635 188 188 0
11636 188 189 0
11637 188 189 0
11638 188 188 0
11639 188 189 0
11640 188 188 0
11641 188 188 0
11642 188 188 0
11643 188 189 0
11644 188 188 0
11645 188 188 0
11646 188 189 0
11647 188 188 0
11648 188 189 0
11649 188 188 0
11650 188 188 0
11651 188 188 0
11652 188 188 0
11653 188 188 0
11654 188 188 0
11655 188 189 0
11656 189 189 0
11657 189 189 0
11658 189 189 11412
11659 189 189 11412
11660 189 189 11426
11661 189 189 11426
11662 189 189 11416
11663 189 189 11416
11664 189 189 11435
11665 189 189 11435
11666 189 189 11420
11667 189 189 11420
11668 189 189 11428
11669 189 189 11428
11670 189 189 11171
11671 189 189 11171
11672 189 189 11414
11673 189 189 11414
11674 189 189 11178
11675 189 189 11178
11676 189 189 11211
11677 189 189 11211
11678 189 189 11199
11679 189 189 11199
11680 189 189 11184
11681 189 189 11184
11682 189 189 11424
11683 189 189 11424
11684 189 189 11449
11685 189 189 11449
11686 189 189 10953
11687 189 189 10953
11688 189 189 11192
11689 189 189 11192
11690 189 189 11196
11691 189 189 11196
11692 189 189 11453
11693 189 189 11453
11694 189 189 11635
11695 189 189 11635
11696 189 189 11194
11697 189 189 11194
11698 189 189 11446
11699 189 189 11446
11700 189 189 11214
11701 189 189 11214
11702 189 189 11440
11703 189 189 11440
11704 189 189 11448
11705 189 189 11448
11706 189 189 11415
11707 189 189 11415
11708 189 189 11469
11709 189 189 11469
11710 189 189 11458
11711 189 189 11458
11712 189 189 11467
11713 189 189 11467
11714 189 189 10991
11715 189 189 10991
11716 189 189 11227
11717 189 189 11227
11718 189 189 11230
11719 189 189 11230
11720 189 189 11462
11721 189 189 11462
11722 189 189 11232
11723 189 189 11232
11724 189 189 11521
11725 189 189 11521
11726 189 189 11474
11727 189 189 11474
11728 189 189 11456
11729 189 189 11456
11730 189 189 11492
11731 189 189 11492
11732 189 189 9789
11733 189 189 9789
11734 189 189 11236
11735 189 189 11236
11736 189 189 11494
11737 189 189 11494
11738 189 189 11486
11739 189 189 11486
11740 189 189 11525
11741 189 189 11525
11742 189 189 11476
11743 189 189 11476
11744 189 189 11472
11745 189 189 11472
11746 189 189 11254
11747 189 189 11254
11748 189 189 11513
11749 189 189 11513
11750 189 189 11496
11751 189 189 11496
11752 189 189 11500
11753 189 189 11500
11754 189 189 11255
11755 189 189 11255
11756 189 189 11488
11757 189 189 11488
11758 189 189 11399
11759 189 189 11399
11760 189 189 11491
11761 189 189 11491
11762 189 189 11642
11763 189 189 11642
11764 189 189 11503
11765 189 189 11503
11766 189 189 11532
11767 189 189 11532
11768 189 189 11528
11769 189 189 11528
11770 189 189 11518
11771 189 189 11518
11772 189 189 10343
11773 189 189 10343
11774 189 189 11644
11775 189 189 11644
11776 189 189 11042
11777 189 189 11042
11778 189 189 11339
11779 189 189 11339
11780 189 189 10789
11781 189 189 10789
11782 189 189 11269
11783 189 189 11269
11784 189 189 11050
11785 189 189 11050
11786 189 189 11504
11787 189 189 11504
11788 189 189 11647
11789 189 189 11647
11790 189 189 11605
11791 189 189 11605
11792 189 189 11294
11793 189 189 11294
11794 189 189 11064
11795 189 189 11064
11796 189 189 11300
11797 189 189 11300
11798 189 189 11302
11799 189 189 11302
11800 189 189 11555
11801 189 189 11555
11802 189 189 11649
11803 189 189 11649
11804 189 189 11306
11805 189 189 11306
11806 189 189 10933
11807 189 189 10933
11808 189 189 11568
11809 189 189 11568
11810 189 189 11065
11811 189 189 11065
11812 189 189 11330
11813 189 189 11330
11814 189 189 11560
11815 189 189 11560
11816 189 189 11406
11817 189 189 11406
11818 189 189 11581
11819 189 189 11581
11820 189 189 11557
11821 189 189 11557
11822 189 189 11324
11823 189 189 11324
11824 189 189 11088
11825 189 189 11088
11826 189 189 11572
11827 189 189 11572
11828 189 189 10857
11829 189 189 10857
11830 189 189 11607
11831 189 189 11607
11832 189 189 11566
11833 189 189 11566
11834 189 189 10865
11835 189 189 10865
11836 189 189 10431
11837 189 189 10431
11838 189 189 11345
11839 189 189 11345
11840 189 189 11336
11841 189 189 11336
11842 189 189 11059
11843 189 189 11059
11844 189 189 11585
11845 189 189 11585
11846 189 189 11564
11847 189 189 11564
11848 189 189 11596
11849 189 189 11596
11850 189 189 11100
11851 189 189 11100
11852 189 189 11600
11853 189 189 11600
11854 189 189 11603
11855 189 189 11603
11856 189 189 11608
11857 189 189 11608
11858 189 189 11364
11859 189 189 11364
11860 189 189 11654
11861 189 189 11654
11862 189 189 11077
11863 189 189 11077
11864 189 189 11579
11865 189 189 11579
11866 189 189 11289
11867 189 189 11289
11868 189 189 11616
11869 189 189 11616
11870 189 189 11108
11871 189 189 11108
11872 189 189 11593
11873 189 189 11593
11874 189 189 11614
11875 189 189 11614
11876 189 189 11163
11877 189 189 11163
11878 189 189 11610
11879 189 189 11610
11880 189 189 11380
11881 189 189 11380
11882 189 189 11626
11883 189 189 11626
11884 189 189 11630
11885 189 189 11630
11886 189 189 11625
11887 189 189 11625
11888 189 189 11411
11889 189 189 11411
11890 189 189 11388
11891 189 189 11388
11892 189 189 11629
11893 189 189 11629
11894 189 189 0
11895 189 189 0
11896 189 189 0
11897 189 189 0
11898 189 189 0
11899 189 189 0
11900 189 189 0
11901 189 189 0
11902 189 189 0
11903 189 189 0
11904 189 189 0
11905 189 189 0
11906 189 189 0
11907 189 189 0
11908 189 189 0
11909 189 189 0
11910 189 189 0
11911 189 189 0
11912 189 189 0
